$MeshFormat
4.1 0 8
$EndMeshFormat
$PhysicalNames
3
1 17 "inlet"
1 18 "outlet"
1 19 "slip wall"
$EndPhysicalNames
$Entities
87 16 5 0
1 0.004833 0.014049 0 0 
2 0.011907 0.02112 0 0 
3 0.022051 0.028152 0 0 
4 0.035214 0.035076 0 0 
5 0.051324 0.041808 0 0 
6 0.070289 0.048257 0 0 
7 0.09199599999999999 0.054325 0 0 
8 0.116313 0.059917 0 0 
9 0.143089 0.06494 0 0 
10 0.172151 0.06930799999999999 0 0 
11 0.203313 0.072945 0 0 
12 0.236371 0.07579 0 0 
13 0.271106 0.077795 0 0 
14 0.307289 0.07893 0 0 
15 0.34468 0.07918 0 0 
16 0.383032 0.07854700000000001 0 0 
17 0.421921 0.077082 0 0 
18 0.461143 0.074977 0 0 
19 0.500587 0.07230300000000001 0 0 
20 0.540006 0.06911299999999999 0 0 
21 0.579153 0.065468 0 0 
22 0.617783 0.061432 0 0 
23 0.655659 0.057071 0 0 
24 0.692545 0.052453 0 0 
25 0.728216 0.047648 0 0 
26 0.762452 0.042726 0 0 
27 0.7950469999999999 0.03776 0 0 
28 0.825802 0.032822 0 0 
29 0.854532 0.027985 0 0 
30 0.881064 0.023324 0 0 
31 0.90524 0.01891 0 0 
32 0.926917 0.014814 0 0 
33 0.945966 0.011105 0 0 
34 0.962276 0.007845 0 0 
35 0.975752 0.005092 0 0 
36 0.986314 0.002896 0 0 
37 0.993903 0.001298 0 0 
38 0.998474 0.000326 0 0 
39 0 0 0 0 
40 0.002223 -0.006689 0 0 
41 0.007479 -0.012828 0 0 
42 0.015723 -0.018404 0 0 
43 0.026892 -0.023408 0 0 
44 0.040906 -0.027826 0 0 
45 0.057669 -0.031651 0 0 
46 0.077071 -0.034878 0 0 
47 0.09898700000000001 -0.037507 0 0 
48 0.123281 -0.039546 0 0 
49 0.149805 -0.041012 0 0 
50 0.178401 -0.041933 0 0 
51 0.208902 -0.042343 0 0 
52 0.241131 -0.04229 0 0 
53 0.274904 -0.041827 0 0 
54 0.310028 -0.041016 0 0 
55 0.346303 -0.039923 0 0 
56 0.383522 -0.038617 0 0 
57 0.421645 -0.037134 0 0 
58 0.460398 -0.035388 0 0 
59 0.499413 -0.033414 0 0 
60 0.538453 -0.031267 0 0 
61 0.577282 -0.028997 0 0 
62 0.615662 -0.026651 0 0 
63 0.653358 -0.024269 0 0 
64 0.6901389999999999 -0.021884 0 0 
65 0.7257749999999999 -0.019529 0 0 
66 0.760046 -0.017226 0 0 
67 0.7927380000000001 -0.014999 0 0 
68 0.823646 -0.012865 0 0 
69 0.852575 -0.010842 0 0 
70 0.879342 -0.008946000000000001 0 0 
71 0.9037770000000001 -0.007191 0 0 
72 0.925723 -0.005594 0 0 
73 0.94504 -0.004169 0 0 
74 0.961603 -0.002931 0 0 
75 0.975305 -0.001896 0 0 
76 0.986056 -0.001076 0 0 
77 0.993785 -0.000481 0 0 
78 0.998444 -0.000121 0 0 
79 1 0 0 0 
80 -0.5 4 0 0 
81 -0.5 -4 0 0 
82 10 -4 0 0 
83 10 4 0 0 
84 10 0 0 0 
85 1 4 0 0 
86 1 -4 0 0 
90 0.001 0.007 0 0 
1 0.004832999999999976 -0.04128633333333333 0 0.9871572222222222 0.07349144444444446 0 0 2 1 -1 
2 -3.9791797402508 -4.000000000000001 0 -0.5 4.000000000000001 0 1 17 2 81 -80 
3 -0.5 0.04825699999999999 0 0.07028900000000002 4 0 0 2 6 -80 
4 -0.5 -4 0 0.077071 -0.03487799999999996 0 0 2 46 -81 
5 1 0 0 1 4 0 0 2 79 -85 
6 1 -4 0 1 0 0 0 2 79 -86 
7 1 0 0 10 0 0 0 2 79 -84 
8 -0.5 -4 0 1 -4 0 1 17 2 81 -86 
9 1 -4 0 10 -4 0 1 17 2 86 -82 
10 -0.5 4 0 1 4 0 1 17 2 80 -85 
11 1 4 0 10 4 0 1 17 2 85 -83 
12 10 0 0 10 4 0 1 18 2 84 -83 
13 10 -4 0 10 0 0 1 18 2 84 -82 
14 0.0003899259259259255 -0.034878 0 0.077071 0.048257 0 1 19 2 46 -6 
15 0.07028899999999999 0 0 1 0.07827055555555557 0 1 19 2 6 -79 
16 0.077071 -0.04222057201646091 0 1 0 0 1 19 2 46 -79 
1 -3.9791797402508 -4.000000000000001 0 0.07707100000000011 4.000000000000001 0 0 4 2 -3 -14 4 
2 -0.5 0 0 1 4 0 0 4 3 10 -5 -15 
3 1 0 0 10 4 0 0 4 5 11 -12 -7 
4 1 -4 0 10 0 0 0 4 7 13 -9 -6 
5 -0.5 -4 0 1 0 0 0 4 6 -8 -4 16 
$EndEntities
$Nodes
108 8760 1 8760
0 1 0 1
541
0.004833 0.014049 0
0 2 0 1
542
0.011907 0.02112 0
0 3 0 1
543
0.022051 0.028152 0
0 4 0 1
544
0.035214 0.035076 0
0 5 0 1
545
0.051324 0.041808 0
0 6 0 1
1
0.070289 0.048257 0
0 7 0 1
546
0.09199599999999999 0.054325 0
0 8 0 1
547
0.116313 0.059917 0
0 9 0 1
548
0.143089 0.06494 0
0 10 0 1
549
0.172151 0.06930799999999999 0
0 11 0 1
550
0.203313 0.072945 0
0 12 0 1
551
0.236371 0.07579 0
0 13 0 1
552
0.271106 0.077795 0
0 14 0 1
553
0.307289 0.07893 0
0 15 0 1
554
0.34468 0.07918 0
0 16 0 1
555
0.383032 0.07854700000000001 0
0 17 0 1
556
0.421921 0.077082 0
0 18 0 1
557
0.461143 0.074977 0
0 19 0 1
558
0.500587 0.07230300000000001 0
0 20 0 1
559
0.540006 0.06911299999999999 0
0 21 0 1
560
0.579153 0.065468 0
0 22 0 1
561
0.617783 0.061432 0
0 23 0 1
562
0.655659 0.057071 0
0 24 0 1
563
0.692545 0.052453 0
0 25 0 1
564
0.728216 0.047648 0
0 26 0 1
565
0.762452 0.042726 0
0 27 0 1
566
0.7950469999999999 0.03776 0
0 28 0 1
567
0.825802 0.032822 0
0 29 0 1
568
0.854532 0.027985 0
0 30 0 1
569
0.881064 0.023324 0
0 31 0 1
570
0.90524 0.01891 0
0 32 0 1
571
0.926917 0.014814 0
0 33 0 1
572
0.945966 0.011105 0
0 34 0 1
573
0.962276 0.007845 0
0 35 0 1
574
0.975752 0.005092 0
0 36 0 1
575
0.986314 0.002896 0
0 37 0 1
576
0.993903 0.001298 0
0 38 0 1
577
0.998474 0.000326 0
0 39 0 1
578
0 0 0
0 40 0 1
579
0.002223 -0.006689 0
0 41 0 1
580
0.007479 -0.012828 0
0 42 0 1
581
0.015723 -0.018404 0
0 43 0 1
582
0.026892 -0.023408 0
0 44 0 1
583
0.040906 -0.027826 0
0 45 0 1
584
0.057669 -0.031651 0
0 46 0 1
2
0.077071 -0.034878 0
0 47 0 1
585
0.09898700000000001 -0.037507 0
0 48 0 1
586
0.123281 -0.039546 0
0 49 0 1
587
0.149805 -0.041012 0
0 50 0 1
588
0.178401 -0.041933 0
0 51 0 1
589
0.208902 -0.042343 0
0 52 0 1
590
0.241131 -0.04229 0
0 53 0 1
591
0.274904 -0.041827 0
0 54 0 1
592
0.310028 -0.041016 0
0 55 0 1
593
0.346303 -0.039923 0
0 56 0 1
594
0.383522 -0.038617 0
0 57 0 1
595
0.421645 -0.037134 0
0 58 0 1
596
0.460398 -0.035388 0
0 59 0 1
597
0.499413 -0.033414 0
0 60 0 1
598
0.538453 -0.031267 0
0 61 0 1
599
0.577282 -0.028997 0
0 62 0 1
600
0.615662 -0.026651 0
0 63 0 1
601
0.653358 -0.024269 0
0 64 0 1
602
0.6901389999999999 -0.021884 0
0 65 0 1
603
0.7257749999999999 -0.019529 0
0 66 0 1
604
0.760046 -0.017226 0
0 67 0 1
605
0.7927380000000001 -0.014999 0
0 68 0 1
606
0.823646 -0.012865 0
0 69 0 1
607
0.852575 -0.010842 0
0 70 0 1
608
0.879342 -0.008946000000000001 0
0 71 0 1
609
0.9037770000000001 -0.007191 0
0 72 0 1
610
0.925723 -0.005594 0
0 73 0 1
611
0.94504 -0.004169 0
0 74 0 1
612
0.961603 -0.002931 0
0 75 0 1
613
0.975305 -0.001896 0
0 76 0 1
614
0.986056 -0.001076 0
0 77 0 1
615
0.993785 -0.000481 0
0 78 0 1
616
0.998444 -0.000121 0
0 79 0 1
3
1 0 0
0 80 0 1
4
-0.5 4 0
0 81 0 1
5
-0.5 -4 0
0 82 0 1
6
10 -4 0
0 83 0 1
7
10 4 0
0 84 0 1
8
10 0 0
0 85 0 1
9
1 4 0
0 86 0 1
10
1 -4 0
0 90 0 1
617
0.001 0.007 0
1 1 1 3
618
619
620
0.9919382262853058 0.001711718328644266 0 0.4524190180079192
0.0005197803132900303 1.697073555571621e-07 0 0.4810060686745532
0.9906899301833915 -0.000719267116170536 0 0.9569563425982228
1 2 1 33
11
12
13
14
15
16
17
18
19
20
21
22
23
24
25
26
27
28
29
30
31
32
33
34
35
36
37
38
39
40
41
42
43
-0.8381198798150296 -3.943038811254442 0 0.02941176477201416
-1.170175916849837 -3.857549523159055 0 0.05882352953913222
-1.493765667981707 -3.744150655243345 0 0.08823529432775647
-1.806547943553 -3.603662654528645 0 0.1176470591131541
-2.106259747108675 -3.437101959167012 0 0.1470588239202762
-2.390732647151148 -3.245673644999706 0 0.1764705887140771
-2.65790846695524 -3.03076270619916 0 0.2058823535054512
-2.90585417461716 -2.793924035449073 0 0.2352941182475778
-3.132775869723927 -2.536871173330546 0 0.2647058829550127
-3.33703176228929 -2.261463910274147 0 0.2941176477323402
-3.517144049579906 -1.969694832836971 0 0.3235294125584427
-3.671809609051305 -1.663674906608414 0 0.3529411773787798
-3.799909426712761 -1.345618203198627 0 0.3823529421156699
-3.900516694013997 -1.017825878880138 0 0.4117647068834916
-3.972903511821546 -0.6826695289494336 0 0.4411764716732455
-4.016546157521669 -0.3425740277632345 0 0.4705882364829774
-4.031128874149275 1.484539280394159e-08 0 0.500000001273017
-4.016546155174021 0.3425740552884771 0 0.5294117658859273
-3.972903507478021 0.6826695542272603 0 0.5588235305261378
-3.900516688004086 1.017825901911344 0 0.5882352951576058
-3.799909419206498 1.345618224395664 0 0.6176470598126146
-3.671809600146754 1.66367492626118 0 0.647058824471395
-3.51714403999051 1.969694849960075 0 0.6764705891244698
-3.337031752636059 2.261463924518523 0 0.7058823537432042
-3.132775860015841 2.536871185319037 0 0.7352941183678183
-2.905854164963759 2.793924045489207 0 0.7647058829467813
-2.657908457821417 3.03076271420931 0 0.7941176475363141
-2.390732638497778 3.245673651373696 0 0.8235294122075381
-2.106259739261679 3.437101963975659 0 0.8529411768689114
-1.806547937339049 3.603662657643753 0 0.88235294148291
-1.493765662933766 3.744150657257271 0 0.9117647061382911
-1.170175913267227 3.857549524245829 0 0.9411764707819065
-0.8381198777486525 3.943038811693665 0 0.9705882354091399
1 3 1 28
621
622
623
624
625
626
627
628
629
630
631
632
633
634
635
636
637
638
639
640
641
642
643
644
645
646
647
648
0.06877697732133567 0.05873436329519422 0 0.002651327096725222
0.06703815178540942 0.07078332731136464 0 0.005700352303114001
0.06503850258286505 0.08463963479513217 0 0.009206731003289477
0.06273890560576943 0.1005743911328115 0 0.01323906719966644
0.06009436913128143 0.1188993605804119 0 0.01787625373927705
0.05705315217546872 0.139973075515496 0 0.02320901827762991
0.05355575264006457 0.1642078479418213 0 0.02934169756024653
0.04953374333538765 0.1920778351162046 0 0.03639427845287627
0.04490843252636025 0.2241283211196141 0 0.04450474666991605
0.03958932551170907 0.2609863771427859 0 0.05383178439052994
0.03347235246758393 0.3033731414119726 0 0.06455787772938995
0.02643783332779826 0.352117921285009 0 0.07689288531288827
0.01834813598201827 0.4081744204605229 0 0.09107814462137921
0.009044984301387275 0.4726393926621115 0 0.1073911923579321
-0.001653640729503719 0.5467741148388471 0 0.126151198303849
-0.01395705972385529 0.6320290467891316 0 0.1477252055078307
-0.02810599086604117 0.7300722136722646 0 0.1725353125626501
-0.0443772619552659 0.8428218574983707 0 0.2010669361591507
-0.06308922378523947 0.9724839484344842 0 0.2338783034307859
-0.08460798046377115 1.121595356988903 0 0.2716113767997825
-0.1093545505835213 1.293073476406832 0 0.3150044110679344
-0.1378131064087328 1.490273315036701 0 0.364906400805088
-0.1705404455701248 1.717053129200496 0 0.4222936889368807
-0.2081768853506797 1.977849913721553 0 0.4882890698412203
-0.2514587913577117 2.277766217718205 0 0.5641837583360571
-0.3012329839415367 2.622669971996794 0 0.6514626512900242
-0.358473305428536 3.019309289525274 0 0.7518333782144421
-0.4242996749039732 3.475444503057312 0 0.8672597137661311
1 4 1 28
649
650
651
652
653
654
655
656
657
658
659
660
661
662
663
664
665
666
667
668
669
670
671
672
673
674
675
676
0.07554099602096569 -0.04539083540042126 0 0.002651327096725211
0.07378149199608976 -0.05748059232482763 0 0.005700352303113911
0.07175806253320066 -0.07138381164922572 0 0.009206731003289616
0.0694311182520212 -0.08737251661287648 0 0.01323906719966661
0.0667551323784215 -0.1057595269791907 0 0.01787625373927731
0.06367774861350979 -0.1269045889710328 0 0.02320901827762998
0.06013875724721101 -0.1512214105134796 0 0.02934169756024647
0.05606891733892005 -0.1791857541676269 0 0.03639427845287659
0.05138860133444481 -0.2113447501253113 0 0.04450474666991616
0.04600623834997246 -0.2483275925861471 0 0.05383178439053
0.03981652094082461 -0.2908578612581046 0 0.06455787772938754
0.032698345779608 -0.3397676711975982 0 0.07689288531288524
0.0245124440051977 -0.3960139549574013 0 0.09107814462137641
0.01509865723481602 -0.4606971794246667 0 0.1073911923579317
0.004272801843605262 -0.5350828917209152 0 0.1261511983038391
-0.008176932067604739 -0.6206264623135889 0 0.1477252055078227
-0.02249412535582997 -0.7190015636189641 0 0.1725353125626309
-0.03895889791628379 -0.8321329320371514 0 0.2010669361591274
-0.05789338643908754 -0.9622340062559506 0 0.2338783034307521
-0.07966804882121456 -1.11185024559902 0 0.2716113767997604
-0.104708910499359 -1.283908920422338 0 0.3150044110678911
-0.1335059016189763 -1.481776397772958 0 0.3649064008050592
-0.1666224413684734 -1.709323996464636 0 0.4222936889368438
-0.2047064618223105 -1.971003733186737 0 0.4882890698411643
-0.2485030856067464 -2.271935432220981 0 0.5641837583360565
-0.2988692036426014 -2.618006890808513 0 0.6514626512900518
-0.3567902393996079 -3.015989068292553 0 0.7518333782144795
-0.4233994302827317 -3.473668570767767 0 0.8672597137661254
1 5 1 28
677
678
679
680
681
682
683
684
685
686
687
688
689
690
691
692
693
694
695
696
697
698
699
700
701
702
703
704
1 0.01060530838403634 0 0.002651327096009084
1 0.02280140920586773 0 0.005700352301466932
1 0.0368269240017934 0 0.009206731000448349
1 0.05295626878124064 0 0.01323906719531016
1 0.07150501493205969 0 0.01787625373301492
1 0.09283607307595167 0 0.02320901826898792
1 0.1173667901976314 0 0.02934169754940784
1 0.145577113750551 0 0.03639427843763775
1 0.1780189866059468 0 0.0445047466514867
1 0.2153271374679268 0 0.0538317843669817
1 0.258231510798401 0 0.06455787769960025
1 0.3075715410916322 0 0.07689288527290805
1 0.3643125782992794 0 0.09107814457481986
1 0.4295647692010885 0 0.1073911923002721
1 0.5046047929113492 0 0.1261511982278373
1 0.5909008216826922 0 0.1477252054206731
1 0.6901412498245958 0 0.1725353124561489
1 0.804267744117877 0 0.2010669360294693
1 0.9355132130495339 0 0.2338783032623835
1 1.086445506436939 0 0.2716113766092348
1 1.260017643287147 0 0.3150044108217868
1 1.459625602034227 0 0.3649064005085568
1 1.689174754414443 0 0.4222936886036107
1 1.953156277765152 0 0.4882890694412879
1 2.25673503129446 0 0.5641837578236151
1 2.605850602708735 0 0.6514626506771837
1 3.00733351012119 0 0.7518333775302976
1 3.469038851573069 0 0.8672597128932673
1 6 1 28
705
706
707
708
709
710
711
712
713
714
715
716
717
718
719
720
721
722
723
724
725
726
727
728
729
730
731
732
1 -0.01060530838403634 0 0.002651327096009084
1 -0.02280140920586773 0 0.005700352301466932
1 -0.0368269240017934 0 0.009206731000448349
1 -0.05295626878124064 0 0.01323906719531016
1 -0.07150501493205969 0 0.01787625373301492
1 -0.09283607307595167 0 0.02320901826898792
1 -0.1173667901976314 0 0.02934169754940784
1 -0.145577113750551 0 0.03639427843763775
1 -0.1780189866059468 0 0.0445047466514867
1 -0.2153271374679268 0 0.0538317843669817
1 -0.258231510798401 0 0.06455787769960025
1 -0.3075715410916322 0 0.07689288527290805
1 -0.3643125782992794 0 0.09107814457481986
1 -0.4295647692010885 0 0.1073911923002721
1 -0.5046047929113492 0 0.1261511982278373
1 -0.5909008216826922 0 0.1477252054206731
1 -0.6901412498245958 0 0.1725353124561489
1 -0.804267744117877 0 0.2010669360294693
1 -0.9355132130495339 0 0.2338783032623835
1 -1.086445506436939 0 0.2716113766092348
1 -1.260017643287147 0 0.3150044108217868
1 -1.459625602034227 0 0.3649064005085568
1 -1.689174754414443 0 0.4222936886036107
1 -1.953156277765152 0 0.4882890694412879
1 -2.25673503129446 0 0.5641837578236151
1 -2.605850602708735 0 0.6514626506771837
1 -3.00733351012119 0 0.7518333775302976
1 -3.469038851573069 0 0.8672597128932673
1 7 1 48
733
734
735
736
737
738
739
740
741
742
743
744
745
746
747
748
749
750
751
752
753
754
755
756
757
758
759
760
761
762
763
764
765
766
767
768
769
770
771
772
773
774
775
776
777
778
779
780
1.008513140686882 0 0 0.0009459045207646303
1.017877594952493 0 0 0.001986399439165904
1.028178491286834 0 0 0.003130943476314921
1.039509476786401 0 0 0.004389941865155687
1.051973567063915 0 0 0.005774840784879459
1.065684065007374 0 0 0.007298229445263746
1.08076561285186 0 0 0.008973956983539975
1.097355313912987 0 0 0.01081725710144305
1.115603983102352 0 0 0.01284488701137246
1.135677519263217 0 0 0.01507527991813523
1.157758409864335 0 0 0.01752871220714827
1.182047387813799 0 0 0.02022748753486656
1.208765260845062 0 0 0.02319614009389574
1.238154921515817 0 0 0.0264616579462019
1.270483547537996 0 0 0.03005372750422177
1.306045039627058 0 0 0.03400500440300649
1.345162677771624 0 0 0.03835140864129154
1.388192078726251 0 0 0.04313245319180571
1.435524419750019 0 0 0.04839160219444653
1.487589991654102 0 0 0.05417666573934463
1.544862120780603 0 0 0.06054023564228923
1.607861463429836 0 0 0.06754016260331518
1.677160740504133 0 0 0.07524008227823699
1.753389945270369 0 0 0.08370999391892985
1.837242070049153 0 0 0.09302689667212814
1.929479408455751 0 0 0.1032754898284168
2.03094048113763 0 0 0.1145489423486256
2.142547660990938 0 0 0.1269497401101042
2.265315560575326 0 0 0.1405906178417028
2.400360249675577 0 0 0.1555955832972863
2.54890940745447 0 0 0.1721010452727189
2.712313479862658 0 0 0.1902570533180732
2.89205795971704 0 0 0.2102286621907822
3.089776888357544 0 0 0.2321974320397271
3.307267711556314 0 0 0.2563630790618127
3.546507617725472 0 0 0.2829452908583858
3.809671516999787 0 0 0.3121857241110875
4.099151799954333 0 0 0.3443501999949259
4.417580114843078 0 0 0.3797311238714531
4.767851261784525 0 0 0.4186501401982805
5.153149523270522 0 0 0.4614610581411691
5.576977602644982 0 0 0.5085530669605536
6.043188488966521 0 0 0.5603542765518357
6.55602047044982 0 0 0.6173356078277578
7.120135645041903 0 0 0.6800150716713226
7.740662332232516 0 0 0.7489624813591684
8.423241686998495 0 0 0.8248046318887217
9.174078978730575 0 0 0.9082309976367307
1 8 1 78
44
45
46
47
48
49
50
51
52
53
54
55
56
57
58
59
60
61
62
63
64
65
66
67
68
69
70
71
72
73
74
75
76
77
78
79
80
81
82
83
84
85
86
87
88
89
90
91
92
93
94
95
96
97
98
99
100
101
102
103
104
105
106
107
108
109
110
111
112
113
114
115
116
117
118
119
120
121
-0.4810126582279184 -4 0 0.01265822784805443
-0.4620253164558367 -4 0 0.02531645569610885
-0.4430379746837551 -4 0 0.03797468354416328
-0.4240506329116734 -4 0 0.05063291139221771
-0.4050632911395918 -4 0 0.06329113924027213
-0.3860759493675102 -4 0 0.07594936708832654
-0.3670886075954286 -4 0 0.08860759493638096
-0.3481012658233469 -4 0 0.1012658227844354
-0.3291139240512653 -4 0 0.1139240506324898
-0.3101265822791837 -4 0 0.1265822784805442
-0.2911392405071021 -4 0 0.1392405063285986
-0.2721518987350204 -4 0 0.151898734176653
-0.2531645569629388 -4 0 0.1645569620247075
-0.2341772151908572 -4 0 0.1772151898727619
-0.2151898734187756 -4 0 0.1898734177208163
-0.196202531646694 -4 0 0.2025316455688707
-0.1772151898746123 -4 0 0.2151898734169251
-0.1582278481025308 -4 0 0.2278481012649795
-0.1392405063304492 -4 0 0.2405063291130339
-0.1202531645583674 -4 0 0.2531645569610884
-0.1012658227862857 -4 0 0.2658227848091428
-0.0822784810142041 -4 0 0.2784810126571973
-0.06329113924212237 -4 0 0.2911392405052518
-0.04430379747004076 -4 0 0.3037974683533062
-0.02531645569795904 -4 0 0.3164556962013607
-0.006329113925877317 -4 0 0.3291139240494151
0.01265822784620441 -4 0 0.3417721518974696
0.03164556961828602 -4 0 0.354430379745524
0.05063291139036785 -4 0 0.3670886075935785
0.06962025316244935 -4 0 0.3797468354416329
0.08860759493453108 -4 0 0.3924050632896874
0.1075949367066128 -4 0 0.4050632911377419
0.1265822784786945 -4 0 0.4177215189857963
0.1455696202507762 -4 0 0.4303797468338508
0.1645569620228579 -4 0 0.4430379746819053
0.1835443037949396 -4 0 0.4556962025299597
0.2025316455670212 -4 0 0.4683544303780142
0.2215189873391029 -4 0 0.4810126582260686
0.2405063291111887 -4 0 0.4936708860741258
0.2594936708833406 -4 0 0.5063291139222271
0.2784810126555588 -4 0 0.5189873417703725
0.297468354427781 -4 0 0.5316455696185206
0.316455696200003 -4 0 0.5443037974666687
0.3354430379722251 -4 0 0.5569620253148168
0.3544303797444472 -4 0 0.5696202531629648
0.3734177215166694 -4 0 0.5822784810111129
0.3924050632888915 -4 0 0.594936708859261
0.4113924050611137 -4 0 0.6075949367074092
0.4303797468333359 -4 0 0.6202531645555572
0.449367088605558 -4 0 0.6329113924037053
0.4683544303777802 -4 0 0.6455696202518535
0.4873417721500024 -4 0 0.6582278481000016
0.5063291139222243 -4 0 0.6708860759481495
0.5253164556944463 -4 0 0.6835443037962976
0.5443037974666687 -4 0 0.6962025316444458
0.5632911392388908 -4 0 0.7088607594925939
0.5822784810111128 -4 0 0.7215189873407419
0.601265822783335 -4 0 0.73417721518889
0.6202531645555573 -4 0 0.7468354430370382
0.6392405063277793 -4 0 0.7594936708851862
0.6582278481000015 -4 0 0.7721518987333342
0.6772151898722234 -4 0 0.7848101265814823
0.6962025316444458 -4 0 0.7974683544296305
0.715189873416668 -4 0 0.8101265822777786
0.7341772151888899 -4 0 0.8227848101259266
0.7531645569611123 -4 0 0.8354430379740748
0.7721518987333345 -4 0 0.8481012658222229
0.7911392405055564 -4 0 0.860759493670371
0.8101265822777783 -4 0 0.8734177215185189
0.8291139240500007 -4 0 0.8860759493666671
0.8481012658222227 -4 0 0.8987341772148152
0.8670886075944448 -4 0 0.9113924050629633
0.886075949366667 -4 0 0.9240506329111113
0.9050632911388892 -4 0 0.9367088607592595
0.9240506329111113 -4 0 0.9493670886074076
0.9430379746833333 -4 0 0.9620253164555556
0.9620253164555554 -4 0 0.9746835443037036
0.9810126582277778 -4 0 0.9873417721518518
1 9 1 48
122
123
124
125
126
127
128
129
130
131
132
133
134
135
136
137
138
139
140
141
142
143
144
145
146
147
148
149
150
151
152
153
154
155
156
157
158
159
160
161
162
163
164
165
166
167
168
169
1.008513140686882 -4 0 0.0009459045207646303
1.017877594952493 -4 0 0.001986399439165904
1.028178491286834 -4 0 0.003130943476314921
1.039509476786401 -4 0 0.004389941865155687
1.051973567063915 -4 0 0.005774840784879459
1.065684065007374 -4 0 0.007298229445263746
1.08076561285186 -4 0 0.008973956983539975
1.097355313912987 -4 0 0.01081725710144305
1.115603983102352 -4 0 0.01284488701137246
1.135677519263217 -4 0 0.01507527991813523
1.157758409864335 -4 0 0.01752871220714827
1.182047387813799 -4 0 0.02022748753486656
1.208765260845062 -4 0 0.02319614009389574
1.238154921515817 -4 0 0.0264616579462019
1.270483547537996 -4 0 0.03005372750422177
1.306045039627058 -4 0 0.03400500440300649
1.345162677771624 -4 0 0.03835140864129154
1.388192078726251 -4 0 0.04313245319180571
1.435524419750019 -4 0 0.04839160219444653
1.487589991654102 -4 0 0.05417666573934463
1.544862120780603 -4 0 0.06054023564228923
1.607861463429836 -4 0 0.06754016260331518
1.677160740504133 -4 0 0.07524008227823699
1.753389945270369 -4 0 0.08370999391892985
1.837242070049153 -4 0 0.09302689667212814
1.929479408455751 -4 0 0.1032754898284168
2.03094048113763 -4 0 0.1145489423486256
2.142547660990938 -4 0 0.1269497401101042
2.265315560575326 -4 0 0.1405906178417028
2.400360249675577 -4 0 0.1555955832972863
2.54890940745447 -4 0 0.1721010452727189
2.712313479862658 -4 0 0.1902570533180732
2.89205795971704 -4 0 0.2102286621907822
3.089776888357544 -4 0 0.2321974320397271
3.307267711556314 -4 0 0.2563630790618127
3.546507617725472 -4 0 0.2829452908583858
3.809671516999787 -4 0 0.3121857241110875
4.099151799954333 -4 0 0.3443501999949259
4.417580114843078 -4 0 0.3797311238714531
4.767851261784525 -4 0 0.4186501401982805
5.153149523270522 -4 0 0.4614610581411691
5.576977602644982 -4 0 0.5085530669605536
6.043188488966521 -4 0 0.5603542765518357
6.55602047044982 -4 0 0.6173356078277578
7.120135645041903 -4 0 0.6800150716713226
7.740662332232516 -4 0 0.7489624813591684
8.423241686998495 -4 0 0.8248046318887217
9.174078978730575 -4 0 0.9082309976367307
1 10 1 78
170
171
172
173
174
175
176
177
178
179
180
181
182
183
184
185
186
187
188
189
190
191
192
193
194
195
196
197
198
199
200
201
202
203
204
205
206
207
208
209
210
211
212
213
214
215
216
217
218
219
220
221
222
223
224
225
226
227
228
229
230
231
232
233
234
235
236
237
238
239
240
241
242
243
244
245
246
247
-0.4810126582279184 4 0 0.01265822784805443
-0.4620253164558367 4 0 0.02531645569610885
-0.4430379746837551 4 0 0.03797468354416328
-0.4240506329116734 4 0 0.05063291139221771
-0.4050632911395918 4 0 0.06329113924027213
-0.3860759493675102 4 0 0.07594936708832654
-0.3670886075954286 4 0 0.08860759493638096
-0.3481012658233469 4 0 0.1012658227844354
-0.3291139240512653 4 0 0.1139240506324898
-0.3101265822791837 4 0 0.1265822784805442
-0.2911392405071021 4 0 0.1392405063285986
-0.2721518987350204 4 0 0.151898734176653
-0.2531645569629388 4 0 0.1645569620247075
-0.2341772151908572 4 0 0.1772151898727619
-0.2151898734187756 4 0 0.1898734177208163
-0.196202531646694 4 0 0.2025316455688707
-0.1772151898746123 4 0 0.2151898734169251
-0.1582278481025308 4 0 0.2278481012649795
-0.1392405063304492 4 0 0.2405063291130339
-0.1202531645583674 4 0 0.2531645569610884
-0.1012658227862857 4 0 0.2658227848091428
-0.0822784810142041 4 0 0.2784810126571973
-0.06329113924212237 4 0 0.2911392405052518
-0.04430379747004076 4 0 0.3037974683533062
-0.02531645569795904 4 0 0.3164556962013607
-0.006329113925877317 4 0 0.3291139240494151
0.01265822784620441 4 0 0.3417721518974696
0.03164556961828602 4 0 0.354430379745524
0.05063291139036785 4 0 0.3670886075935785
0.06962025316244935 4 0 0.3797468354416329
0.08860759493453108 4 0 0.3924050632896874
0.1075949367066128 4 0 0.4050632911377419
0.1265822784786945 4 0 0.4177215189857963
0.1455696202507762 4 0 0.4303797468338508
0.1645569620228579 4 0 0.4430379746819053
0.1835443037949396 4 0 0.4556962025299597
0.2025316455670212 4 0 0.4683544303780142
0.2215189873391029 4 0 0.4810126582260686
0.2405063291111887 4 0 0.4936708860741258
0.2594936708833406 4 0 0.5063291139222271
0.2784810126555588 4 0 0.5189873417703725
0.297468354427781 4 0 0.5316455696185206
0.316455696200003 4 0 0.5443037974666687
0.3354430379722251 4 0 0.5569620253148168
0.3544303797444472 4 0 0.5696202531629648
0.3734177215166694 4 0 0.5822784810111129
0.3924050632888915 4 0 0.594936708859261
0.4113924050611137 4 0 0.6075949367074092
0.4303797468333359 4 0 0.6202531645555572
0.449367088605558 4 0 0.6329113924037053
0.4683544303777802 4 0 0.6455696202518535
0.4873417721500024 4 0 0.6582278481000016
0.5063291139222243 4 0 0.6708860759481495
0.5253164556944463 4 0 0.6835443037962976
0.5443037974666687 4 0 0.6962025316444458
0.5632911392388908 4 0 0.7088607594925939
0.5822784810111128 4 0 0.7215189873407419
0.601265822783335 4 0 0.73417721518889
0.6202531645555573 4 0 0.7468354430370382
0.6392405063277793 4 0 0.7594936708851862
0.6582278481000015 4 0 0.7721518987333342
0.6772151898722234 4 0 0.7848101265814823
0.6962025316444458 4 0 0.7974683544296305
0.715189873416668 4 0 0.8101265822777786
0.7341772151888899 4 0 0.8227848101259266
0.7531645569611123 4 0 0.8354430379740748
0.7721518987333345 4 0 0.8481012658222229
0.7911392405055564 4 0 0.860759493670371
0.8101265822777783 4 0 0.8734177215185189
0.8291139240500007 4 0 0.8860759493666671
0.8481012658222227 4 0 0.8987341772148152
0.8670886075944448 4 0 0.9113924050629633
0.886075949366667 4 0 0.9240506329111113
0.9050632911388892 4 0 0.9367088607592595
0.9240506329111113 4 0 0.9493670886074076
0.9430379746833333 4 0 0.9620253164555556
0.9620253164555554 4 0 0.9746835443037036
0.9810126582277778 4 0 0.9873417721518518
1 11 1 48
248
249
250
251
252
253
254
255
256
257
258
259
260
261
262
263
264
265
266
267
268
269
270
271
272
273
274
275
276
277
278
279
280
281
282
283
284
285
286
287
288
289
290
291
292
293
294
295
1.008513140686882 4 0 0.0009459045207646303
1.017877594952493 4 0 0.001986399439165904
1.028178491286834 4 0 0.003130943476314921
1.039509476786401 4 0 0.004389941865155687
1.051973567063915 4 0 0.005774840784879459
1.065684065007374 4 0 0.007298229445263746
1.08076561285186 4 0 0.008973956983539975
1.097355313912987 4 0 0.01081725710144305
1.115603983102352 4 0 0.01284488701137246
1.135677519263217 4 0 0.01507527991813523
1.157758409864335 4 0 0.01752871220714827
1.182047387813799 4 0 0.02022748753486656
1.208765260845062 4 0 0.02319614009389574
1.238154921515817 4 0 0.0264616579462019
1.270483547537996 4 0 0.03005372750422177
1.306045039627058 4 0 0.03400500440300649
1.345162677771624 4 0 0.03835140864129154
1.388192078726251 4 0 0.04313245319180571
1.435524419750019 4 0 0.04839160219444653
1.487589991654102 4 0 0.05417666573934463
1.544862120780603 4 0 0.06054023564228923
1.607861463429836 4 0 0.06754016260331518
1.677160740504133 4 0 0.07524008227823699
1.753389945270369 4 0 0.08370999391892985
1.837242070049153 4 0 0.09302689667212814
1.929479408455751 4 0 0.1032754898284168
2.03094048113763 4 0 0.1145489423486256
2.142547660990938 4 0 0.1269497401101042
2.265315560575326 4 0 0.1405906178417028
2.400360249675577 4 0 0.1555955832972863
2.54890940745447 4 0 0.1721010452727189
2.712313479862658 4 0 0.1902570533180732
2.89205795971704 4 0 0.2102286621907822
3.089776888357544 4 0 0.2321974320397271
3.307267711556314 4 0 0.2563630790618127
3.546507617725472 4 0 0.2829452908583858
3.809671516999787 4 0 0.3121857241110875
4.099151799954333 4 0 0.3443501999949259
4.417580114843078 4 0 0.3797311238714531
4.767851261784525 4 0 0.4186501401982805
5.153149523270522 4 0 0.4614610581411691
5.576977602644982 4 0 0.5085530669605536
6.043188488966521 4 0 0.5603542765518357
6.55602047044982 4 0 0.6173356078277578
7.120135645041903 4 0 0.6800150716713226
7.740662332232516 4 0 0.7489624813591684
8.423241686998495 4 0 0.8248046318887217
9.174078978730575 4 0 0.9082309976367307
1 12 1 28
296
297
298
299
300
301
302
303
304
305
306
307
308
309
310
311
312
313
314
315
316
317
318
319
320
321
322
323
10 0.01060530838403634 0 0.002651327096009084
10 0.02280140920586773 0 0.005700352301466932
10 0.0368269240017934 0 0.009206731000448349
10 0.05295626878124064 0 0.01323906719531016
10 0.07150501493205969 0 0.01787625373301492
10 0.09283607307595167 0 0.02320901826898792
10 0.1173667901976314 0 0.02934169754940784
10 0.145577113750551 0 0.03639427843763775
10 0.1780189866059468 0 0.0445047466514867
10 0.2153271374679268 0 0.0538317843669817
10 0.258231510798401 0 0.06455787769960025
10 0.3075715410916322 0 0.07689288527290805
10 0.3643125782992794 0 0.09107814457481986
10 0.4295647692010885 0 0.1073911923002721
10 0.5046047929113492 0 0.1261511982278373
10 0.5909008216826922 0 0.1477252054206731
10 0.6901412498245958 0 0.1725353124561489
10 0.804267744117877 0 0.2010669360294693
10 0.9355132130495339 0 0.2338783032623835
10 1.086445506436939 0 0.2716113766092348
10 1.260017643287147 0 0.3150044108217868
10 1.459625602034227 0 0.3649064005085568
10 1.689174754414443 0 0.4222936886036107
10 1.953156277765152 0 0.4882890694412879
10 2.25673503129446 0 0.5641837578236151
10 2.605850602708735 0 0.6514626506771837
10 3.00733351012119 0 0.7518333775302976
10 3.469038851573069 0 0.8672597128932673
1 13 1 28
324
325
326
327
328
329
330
331
332
333
334
335
336
337
338
339
340
341
342
343
344
345
346
347
348
349
350
351
10 -0.01060530838403634 0 0.002651327096009084
10 -0.02280140920586773 0 0.005700352301466932
10 -0.0368269240017934 0 0.009206731000448349
10 -0.05295626878124064 0 0.01323906719531016
10 -0.07150501493205969 0 0.01787625373301492
10 -0.09283607307595167 0 0.02320901826898792
10 -0.1173667901976314 0 0.02934169754940784
10 -0.145577113750551 0 0.03639427843763775
10 -0.1780189866059468 0 0.0445047466514867
10 -0.2153271374679268 0 0.0538317843669817
10 -0.258231510798401 0 0.06455787769960025
10 -0.3075715410916322 0 0.07689288527290805
10 -0.3643125782992794 0 0.09107814457481986
10 -0.4295647692010885 0 0.1073911923002721
10 -0.5046047929113492 0 0.1261511982278373
10 -0.5909008216826922 0 0.1477252054206731
10 -0.6901412498245958 0 0.1725353124561489
10 -0.804267744117877 0 0.2010669360294693
10 -0.9355132130495339 0 0.2338783032623835
10 -1.086445506436939 0 0.2716113766092348
10 -1.260017643287147 0 0.3150044108217868
10 -1.459625602034227 0 0.3649064005085568
10 -1.689174754414443 0 0.4222936886036107
10 -1.953156277765152 0 0.4882890694412879
10 -2.25673503129446 0 0.5641837578236151
10 -2.605850602708735 0 0.6514626506771837
10 -3.00733351012119 0 0.7518333775302976
10 -3.469038851573069 0 0.8672597128932673
1 14 1 33
352
353
354
355
356
357
358
359
360
361
362
363
364
365
366
367
368
369
370
371
372
373
374
375
376
377
378
379
380
381
382
383
384
0.07178413821776443 -0.03402608015938047 0 0.01792636468537519
0.06649503655728475 -0.0331880906223597 0 0.03573534913596452
0.06121326545800845 -0.0323053364150537 0 0.05392126883732191
0.055951441382974 -0.03131106536818697 0 0.07304178032232515
0.05071131493097805 -0.03020786072146766 0 0.09306168033426938
0.04549476083254687 -0.02899820777655226 0 0.1139703113542941
0.04030846130270047 -0.02766496603778718 0 0.1359307497367922
0.03516102830127037 -0.02618896068299123 0 0.1590918343101576
0.03006487576039077 -0.02454490275852201 0 0.1836646752430792
0.02503938575702774 -0.02269654365561537 0 0.2099733351788911
0.02011271759994549 -0.02059953869962816 0 0.2383568298697528
0.0153321348281548 -0.01818922273035689 0 0.2693673702309612
0.01077790168120515 -0.01537645369827292 0 0.3037009522615829
0.006598635403124129 -0.01203575286013482 0 0.3422912289607593
0.003072364442741805 -0.008018873719052796 0 0.3860546534167121
0.0006727095559793166 -0.003253112435309684 0 0.4347730672013256
-2.913504404985985e-05 0.002024154277062965 0 0.4861753071376513
0.001085211271976739 0.007243486986364881 0 0.5356437412723396
0.003428184986572443 0.01204642974346057 0 0.5810889779540931
0.006710507870535379 0.01626849869016707 0 0.6209287288662146
0.01056137272177175 0.01998570410539829 0 0.6559537561096725
0.01474754781130853 0.02332299040048379 0 0.6874903997548248
0.01915927284204046 0.02635647050888659 0 0.7162292279320858
0.02374183002709089 0.02912587398149779 0 0.7421522093012223
0.02846803941995513 0.03164328465854917 0 0.7631866446853777
0.03324232037108237 0.03406876639372212 0 0.7859005335390837
0.0352221544981472 0.03507940833082256 0 0.8667340327976223
0.04013876119893756 0.03720159378805039 0 0.8924367640184984
0.04506480374976328 0.03930174781061029 0 0.910823533931123
0.05002792359368556 0.04131242271831468 0 0.9285007303713063
0.055054606443671 0.04315809515795328 0 0.9470997809397161
0.06012430323257032 0.04488275118642635 0 0.9649267706550044
0.06520933283907888 0.0465618273621674 0 0.9824010924838755
1 15 1 78
385
386
387
388
389
390
391
392
393
394
395
396
397
398
399
400
401
402
403
404
405
406
407
408
409
410
411
412
413
414
415
416
417
418
419
420
421
422
423
424
425
426
427
428
429
430
431
432
433
434
435
436
437
438
439
440
441
442
443
444
445
446
447
448
449
450
451
452
453
454
455
456
457
458
459
460
461
462
0.08170480138958966 0.05152827433229297 0 0.01617853089013687
0.09316967883664722 0.05462094392421938 0 0.03184388569537584
0.1047178213794699 0.05738825176092129 0 0.04654843628222974
0.1163202472408012 0.05991850563372423 0 0.06061465709279504
0.1279675395957181 0.06223356499335223 0 0.07412882634848074
0.1396519469360434 0.06435361290094337 0 0.08716082223202273
0.1513683143688055 0.06628922712752398 0 0.09978287822093415
0.1631110114152858 0.068058321230972 0 0.1120236265901563
0.1748768410368998 0.06966633484500628 0 0.1239458951109436
0.1866620830700964 0.07112549707713911 0 0.1355660549227155
0.1984639093989801 0.07244386144098394 0 0.146920247995595
0.2102801712000497 0.07362586768254083 0 0.1580449439151536
0.2221084352146586 0.07468130254652069 0 0.1689424648319386
0.2339469893559365 0.07561404380304892 0 0.1796477685795706
0.2457943210884458 0.07642798628900094 0 0.1901797907232157
0.2576487978468338 0.07713003802943993 0 0.2005392215480926
0.269509230779112 0.07772333281501957 0 0.2107555566982159
0.2813744667546758 0.07821112240037797 0 0.2208393189150569
0.2932434243941303 0.07859821973071525 0 0.230789936297918
0.3051151690747979 0.07888747391144195 0 0.2406321497790695
0.3169888551013099 0.07908118211213433 0 0.2503750122988584
0.3288637014620899 0.079182735666269 0 0.2600142252450142
0.3407389648055144 0.0791951673207674 0 0.2695706264359876
0.3526140022830338 0.07911990529638759 0 0.2790530925806494
0.3644881751349113 0.07895845351673447 0 0.2884513678843259
0.3763609929127603 0.07871647927247172 0 0.2977938092958158
0.388231969083044 0.0783969096345503 0 0.3071053229437573
0.4001004113270175 0.07799403584853995 0 0.3163732611244625
0.4119662752327449 0.07752107933036274 0 0.3256049280660293
0.4238298507189229 0.07699393684125162 0 0.3348139979283453
0.4356908395720303 0.07641132399592433 0 0.3439978485188446
0.4475489209677814 0.07577213947286578 0 0.3531562956418824
0.4594041578164271 0.07508215267090586 0 0.3622966331292641
0.4712564426119433 0.07434335749374367 0 0.3714176863288123
0.4831054694732488 0.07355396351454498 0 0.3805171295038812
0.4949512373525298 0.07271707540891745 0 0.3896101778520599
0.506793696113103 0.07183463464188122 0 0.3987074854964096
0.5186325156033353 0.07090461295246643 0 0.4077985737504149
0.5304677173569778 0.06992961080969362 0 0.4168949733476048
0.5422993795362591 0.06891259877065141 0 0.4260115987632718
0.5541271970697864 0.06785177213630891 0 0.4351413038731818
0.5659510805869702 0.06674796329717478 0 0.4442884540772867
0.5777711704253978 0.0656042102714318 0 0.453469063773128
0.5895873141188959 0.06442046734377981 0 0.4626858327052717
0.6013992351325841 0.06319527046394913 0 0.4719337222532847
0.6132071033443366 0.06193157510960895 0 0.4812290186470523
0.6250109404334192 0.06063077921719364 0 0.4905822498543075
0.636810314972923 0.05929014410935145 0 0.4999842631700049
0.648605384303741 0.05791206442377066 0 0.5094504303477552
0.6603962704604242 0.05649871968647294 0 0.5189969787121713
0.6721825040823763 0.05504704726098537 0 0.528615560602808
0.6839641583870752 0.05355870239229039 0 0.5383191813247096
0.6957414771182311 0.05203638387763809 0 0.5481278246106411
0.7075139694099307 0.050477168406844 0 0.5580361725490541
0.7192816232942635 0.04888187016857667 0 0.5680566602852335
0.7310447099186532 0.04725323384664944 0 0.5782134801152981
0.7428026851487456 0.04558809056781589 0 0.5885044533509493
0.7545555559022645 0.04388731031313992 0 0.5989446444024079
0.7663036657465405 0.0421539594679868 0 0.6095623808828001
0.7780463567395022 0.04038431163901306 0 0.6203574501075536
0.7897837449278462 0.03857976456069871 0 0.631354573792701
0.8015160438197448 0.0367424300660219 0 0.6425866326696765
0.8132424670423419 0.03486796474267253 0 0.65405854196332
0.8249634511482423 0.03295972083554116 0 0.6658132053598149
0.8366787276609704 0.03101677582184285 0 0.6778820806643997
0.8483878298650803 0.0290369714278727 0 0.6902934538829623
0.8600913669450296 0.02702463423053723 0 0.7031133800174411
0.8717883692800272 0.02497449945203526 0 0.7163763809284066
0.8834794133222391 0.02289073637107121 0 0.7301718016291567
0.8951636317398682 0.02076901615439924 0 0.7445714345459703
0.9068414669801054 0.01861231752616399 0 0.7597002192239458
0.918512213695247 0.0164174624571412 0 0.775696574768092
0.9301762430698524 0.01418740614551444 0 0.7927783117011739
0.9418326981487064 0.01191806427945747 0 0.8112248379414311
0.9534820161137858 0.009612734445658102 0 0.8315096777429994
0.9651236524361675 0.007268383486049578 0 0.8543858619590559
0.9767572140683367 0.004884796641097211 0 0.8813480193192719
0.9883829365784388 0.002462484975403236 0 0.9162748035553454
1 16 1 78
463
464
465
466
467
468
469
470
471
472
473
474
475
476
477
478
479
480
481
482
483
484
485
486
487
488
489
490
491
492
493
494
495
496
497
498
499
500
501
502
503
504
505
506
507
508
509
510
511
512
513
514
515
516
517
518
519
520
521
522
523
524
525
526
527
528
529
530
531
532
533
534
535
536
537
538
539
540
0.0890907612310656 -0.03637992559542823 0 0.01355834853052598
0.1011292785533894 -0.0377197502265611 0 0.0266404029652344
0.1131948000252104 -0.03879239859815801 0 0.0389310534100274
0.1252753127432333 -0.03968121890569358 0 0.05068786693970923
0.1373666590812301 -0.04040850040878203 0 0.06197784243916039
0.1494655627367687 -0.04099725492404221 0 0.0728702054019644
0.1615697829597226 -0.04146340403071631 0 0.08341316805370624
0.1736777657065585 -0.04181988598362004 0 0.09364348183452871
0.185788179987347 -0.04208115739488377 0 0.1036068958440054
0.1979002167857281 -0.04225274670229397 0 0.1133173252943974
0.2100130884557424 -0.04234899458480955 0 0.122814303211655
0.2221263033530471 -0.04237450294649873 0 0.1321109625586121
0.2342394853518817 -0.0423360196006613 0 0.1412253707181666
0.246352393972482 -0.0422436063515227 0 0.1501848105042576
0.2584647608767735 -0.04209706326562931 0 0.158989755061252
0.2705764946712255 -0.04190486643798104 0 0.1676611111680527
0.2826875455574973 -0.04167368591572748 0 0.1762156641578225
0.2947977603712596 -0.04140217818957681 0 0.1846512263338658
0.3069072144364356 -0.04109847161661699 0 0.1929872660018059
0.3190159377138987 -0.04076693220218958 0 0.2012345732201444
0.3311238189541393 -0.04040592765414587 0 0.2093902181280459
0.3432310263731579 -0.04002283766623297 0 0.2174714683959591
0.3553376249769951 -0.03962183346955495 0 0.2254893690131303
0.367443583989856 -0.03920079621745854 0 0.2334399127673731
0.3795489311878522 -0.03876344640713655 0 0.2413269252276272
0.3916538878532961 -0.03831439874303191 0 0.2491506898319939
0.4037583981257318 -0.037853861496029 0 0.2569095750026213
0.4158621284398595 -0.03737327632411953 0 0.2646203932231053
0.4279647211897797 -0.03686515042781847 0 0.2722947559814878
0.4400662577954434 -0.03633220642143768 0 0.2799222796247346
0.4521668050515134 -0.03577721611921787 0 0.2875202507727057
0.4642663233065917 -0.03520065397021265 0 0.2950073907964553
0.47636451883251 -0.03459594794598803 0 0.3016363486025757
0.4884619892088111 -0.03397677850402083 0 0.3084323300548516
0.5005593683426927 -0.03335644131193249 0 0.3188940981356166
0.5051440573992694 -0.03310121665794247 0 0.346649045328952
0.5172394456722251 -0.03244231969078943 0 0.3540640557367026
0.5293344635662361 -0.03177740231283095 0 0.3605930607285903
0.541428652545051 -0.03109772612229635 0 0.3677177190421826
0.5535218404385324 -0.03040058922280241 0 0.3752964861120577
0.5656143012069176 -0.02969092814721614 0 0.3828899429133151
0.5777061846006069 -0.02897163203611208 0 0.3905119096604525
0.5897974808562422 -0.02824241106591276 0 0.398160819065405
0.6018881588775266 -0.0275029712573788 0 0.4058370527396931
0.6139783398989439 -0.02675558366965735 0 0.413555141275019
0.6260680693917043 -0.0260008225211602 0 0.4213190289021525
0.6381572779737965 -0.02523776296640186 0 0.4291250806742926
0.6502460562258596 -0.02446802783629668 0 0.4369887187884181
0.6623344578363535 -0.02369224781868551 0 0.4449178959379822
0.6744223999074725 -0.02290949557506743 0 0.4529075955637026
0.6865100021665335 -0.02212138922618276 0 0.4609746783527284
0.6985973238472445 -0.02132897292999983 0 0.4691302695484073
0.7106842981114291 -0.02053133384335121 0 0.4773699300644022
0.7227709692627626 -0.01972904410603895 0 0.4857127124300071
0.7348573230704439 -0.01892226016953795 0 0.4941711300658007
0.7469433640270479 -0.01811050823136643 0 0.5027437841627067
0.7590291229714463 -0.01729478107931005 0 0.5114549575357752
0.7711146473955064 -0.01647538947762199 0 0.520316536093414
0.7831998802499531 -0.01565181670390979 0 0.5293350717580348
0.795284839110829 -0.01482425717514383 0 0.5385427261537734
0.8073695107709473 -0.01399227882277769 0 0.5479473698575091
0.8194538663332528 -0.0131560160177351 0 0.5575750964530289
0.83153789435129 -0.01231503471459196 0 0.566958900536998
0.8436216348992274 -0.01146935755685065 0 0.5759657100306146
0.8523065845572582 -0.010862435771233 0 0.5989877648200808
0.8624248878918507 -0.01014429807438454 0 0.6193517188285033
0.8745078877658163 -0.009288417035753439 0 0.6285740756990846
0.8816585188700117 -0.008779812652756654 0 0.6621327899363583
0.8937408012652274 -0.00791335356389924 0 0.6737962374468783
0.9058227619580895 -0.007042959847649132 0 0.6850192183954856
0.9179041332100454 -0.006164200708510276 0 0.6967810493443741
0.9260066058336113 -0.005573078619200893 0 0.7323703963666243
0.9380871094813449 -0.004681909302121635 0 0.7466637008944051
0.9467045965515024 -0.004044579874976756 0 0.784010731079387
0.9587842227629184 -0.00314168926036992 0 0.7995547211716102
0.9679380976413945 -0.002452469416228044 0 0.8407282146660077
0.9776466505839413 -0.001717397685905319 0 0.88448022314523
0.9879226758426941 -0.0009323407383584049 0 0.9342055223423449
2 1 1 924
781
782
783
784
785
786
787
788
789
790
791
792
793
794
795
796
797
798
799
800
801
802
803
804
805
806
807
808
809
810
811
812
813
814
815
816
817
818
819
820
821
822
823
824
825
826
827
828
829
830
831
832
833
834
835
836
837
838
839
840
841
842
843
844
845
846
847
848
849
850
851
852
853
854
855
856
857
858
859
860
861
862
863
864
865
866
867
868
869
870
871
872
873
874
875
876
877
878
879
880
881
882
883
884
885
886
887
888
889
890
891
892
893
894
895
896
897
898
899
900
901
902
903
904
905
906
907
908
909
910
911
912
913
914
915
916
917
918
919
920
921
922
923
924
925
926
927
928
929
930
931
932
933
934
935
936
937
938
939
940
941
942
943
944
945
946
947
948
949
950
951
952
953
954
955
956
957
958
959
960
961
962
963
964
965
966
967
968
969
970
971
972
973
974
975
976
977
978
979
980
981
982
983
984
985
986
987
988
989
990
991
992
993
994
995
996
997
998
999
1000
1001
1002
1003
1004
1005
1006
1007
1008
1009
1010
1011
1012
1013
1014
1015
1016
1017
1018
1019
1020
1021
1022
1023
1024
1025
1026
1027
1028
1029
1030
1031
1032
1033
1034
1035
1036
1037
1038
1039
1040
1041
1042
1043
1044
1045
1046
1047
1048
1049
1050
1051
1052
1053
1054
1055
1056
1057
1058
1059
1060
1061
1062
1063
1064
1065
1066
1067
1068
1069
1070
1071
1072
1073
1074
1075
1076
1077
1078
1079
1080
1081
1082
1083
1084
1085
1086
1087
1088
1089
1090
1091
1092
1093
1094
1095
1096
1097
1098
1099
1100
1101
1102
1103
1104
1105
1106
1107
1108
1109
1110
1111
1112
1113
1114
1115
1116
1117
1118
1119
1120
1121
1122
1123
1124
1125
1126
1127
1128
1129
1130
1131
1132
1133
1134
1135
1136
1137
1138
1139
1140
1141
1142
1143
1144
1145
1146
1147
1148
1149
1150
1151
1152
1153
1154
1155
1156
1157
1158
1159
1160
1161
1162
1163
1164
1165
1166
1167
1168
1169
1170
1171
1172
1173
1174
1175
1176
1177
1178
1179
1180
1181
1182
1183
1184
1185
1186
1187
1188
1189
1190
1191
1192
1193
1194
1195
1196
1197
1198
1199
1200
1201
1202
1203
1204
1205
1206
1207
1208
1209
1210
1211
1212
1213
1214
1215
1216
1217
1218
1219
1220
1221
1222
1223
1224
1225
1226
1227
1228
1229
1230
1231
1232
1233
1234
1235
1236
1237
1238
1239
1240
1241
1242
1243
1244
1245
1246
1247
1248
1249
1250
1251
1252
1253
1254
1255
1256
1257
1258
1259
1260
1261
1262
1263
1264
1265
1266
1267
1268
1269
1270
1271
1272
1273
1274
1275
1276
1277
1278
1279
1280
1281
1282
1283
1284
1285
1286
1287
1288
1289
1290
1291
1292
1293
1294
1295
1296
1297
1298
1299
1300
1301
1302
1303
1304
1305
1306
1307
1308
1309
1310
1311
1312
1313
1314
1315
1316
1317
1318
1319
1320
1321
1322
1323
1324
1325
1326
1327
1328
1329
1330
1331
1332
1333
1334
1335
1336
1337
1338
1339
1340
1341
1342
1343
1344
1345
1346
1347
1348
1349
1350
1351
1352
1353
1354
1355
1356
1357
1358
1359
1360
1361
1362
1363
1364
1365
1366
1367
1368
1369
1370
1371
1372
1373
1374
1375
1376
1377
1378
1379
1380
1381
1382
1383
1384
1385
1386
1387
1388
1389
1390
1391
1392
1393
1394
1395
1396
1397
1398
1399
1400
1401
1402
1403
1404
1405
1406
1407
1408
1409
1410
1411
1412
1413
1414
1415
1416
1417
1418
1419
1420
1421
1422
1423
1424
1425
1426
1427
1428
1429
1430
1431
1432
1433
1434
1435
1436
1437
1438
1439
1440
1441
1442
1443
1444
1445
1446
1447
1448
1449
1450
1451
1452
1453
1454
1455
1456
1457
1458
1459
1460
1461
1462
1463
1464
1465
1466
1467
1468
1469
1470
1471
1472
1473
1474
1475
1476
1477
1478
1479
1480
1481
1482
1483
1484
1485
1486
1487
1488
1489
1490
1491
1492
1493
1494
1495
1496
1497
1498
1499
1500
1501
1502
1503
1504
1505
1506
1507
1508
1509
1510
1511
1512
1513
1514
1515
1516
1517
1518
1519
1520
1521
1522
1523
1524
1525
1526
1527
1528
1529
1530
1531
1532
1533
1534
1535
1536
1537
1538
1539
1540
1541
1542
1543
1544
1545
1546
1547
1548
1549
1550
1551
1552
1553
1554
1555
1556
1557
1558
1559
1560
1561
1562
1563
1564
1565
1566
1567
1568
1569
1570
1571
1572
1573
1574
1575
1576
1577
1578
1579
1580
1581
1582
1583
1584
1585
1586
1587
1588
1589
1590
1591
1592
1593
1594
1595
1596
1597
1598
1599
1600
1601
1602
1603
1604
1605
1606
1607
1608
1609
1610
1611
1612
1613
1614
1615
1616
1617
1618
1619
1620
1621
1622
1623
1624
1625
1626
1627
1628
1629
1630
1631
1632
1633
1634
1635
1636
1637
1638
1639
1640
1641
1642
1643
1644
1645
1646
1647
1648
1649
1650
1651
1652
1653
1654
1655
1656
1657
1658
1659
1660
1661
1662
1663
1664
1665
1666
1667
1668
1669
1670
1671
1672
1673
1674
1675
1676
1677
1678
1679
1680
1681
1682
1683
1684
1685
1686
1687
1688
1689
1690
1691
1692
1693
1694
1695
1696
1697
1698
1699
1700
1701
1702
1703
1704
-0.7173389600160049 -3.424155342437023 0 3.424155342437023 -0.7173389600160049
-0.612312073510753 -2.972952327261991 0 2.972952327261991 -0.612312073510753
-0.5209843457893457 -2.580601877885135 0 2.580601877885135 -0.5209843457893457
-0.4415689304010563 -2.239427574172084 0 2.239427574172084 -0.4415689304010563
-0.3725120483922169 -1.942754270623056 0 1.942754270623056 -0.3725120483922169
-0.3124625861357674 -1.684777486474599 0 1.684777486474599 -0.3124625861357674
-0.2602456620806494 -1.460449846564433 0 1.460449846564433 -0.2602456620806494
-0.2148396411109716 -1.265382333374867 0 1.265382333374868 -0.2148396411109716
-0.1753561448757609 -1.095758409979901 0 1.095758409979901 -0.1753561448757609
-0.1410226698045761 -0.9482593457971031 0 0.9482593457971032 -0.1410226698045761
-0.1111674748869731 -0.8199992934076865 0 0.8199992934076866 -0.1111674748869731
-0.08520643593552094 -0.7084688135301698 0 0.7084688135301699 -0.08520643593552094
-0.06263161983852514 -0.611485789193093 0 0.6114857891930932 -0.06263161983852514
-0.04300134399855239 -0.5271527203719848 0 0.5271527203719849 -0.04300134399855239
-0.02593153921005034 -0.4538196182940139 0 0.453819618294014 -0.02593153921005034
-0.01108823152819841 -0.3900517070088578 0 0.3900517070088578 -0.01108823152819841
0.001818992913434778 -0.3346013477780811 0 0.3346013477780812 0.001818992913434778
0.01304266587612442 -0.2863836460960346 0 0.2863836460960346 0.01304266587612442
0.02280238130294612 -0.2444552106795266 0 0.2444552106795266 0.02280238130294612
0.03128909040127609 -0.2079957014862432 0 0.2079957014862433 0.03128909040127609
0.03866883802008773 -0.1762917779706937 0 0.1762917779706938 0.03866883802008773
0.04508600971179313 -0.1487231494743247 0 0.1487231494743248 0.04508600971179313
0.05066615923235238 -0.124750428082854 0 0.124750428082854 0.05066615923235238
0.05551846311302229 -0.1039045836105012 0 0.1039045836105012 0.05551846311302229
0.05973785777778168 -0.0857777623907003 0 0.08577776239070031 0.05973785777778168
0.06340689668492414 -0.07001530886300714 0 0.07001530886300715 0.06340689668492414
0.06659736475295855 -0.05630882988397979 0 0.0563088298839798 0.06659736475295855
0.06937168503933493 -0.04439015153477661 0 0.04439015153477661 0.06937168503933493
-1.006019860517459 -3.349902691942342 0 3.349902691942342 -1.006019860517459
-0.8632754640824991 -2.908470665959591 0 2.908470665959592 -0.8632754640824991
-0.7391499015227049 -2.524616728954137 0 2.524616728954137 -0.7391499015227049
-0.6312146297609796 -2.190830696866377 0 2.190830696866377 -0.6312146297609796
-0.537357872981485 -1.90058197725212 0 1.900581977252121 -0.537357872981485
-0.4557433023580659 -1.648191787796071 0 1.648191787796071 -0.4557433023580659
-0.3847741100306796 -1.428722056347003 0 1.428722056347003 -0.3847741100306796
-0.3230617688055089 -1.237878811389335 0 1.237878811389335 -0.3230617688055089
-0.2693988637459041 -1.071928164693554 0 1.071928164693554 -0.2693988637459041
-0.222735467927676 -0.92762325417004 0 0.9276232541700401 -0.222735467927676
-0.1821586030812807 -0.8021407266276425 0 0.8021407266276426 -0.1821586030812807
-0.1468743729259468 -0.6930254857375475 0 0.6930254857375476 -0.1468743729259468
-0.1161924341803403 -0.5981426691800333 0 0.5981426691800334 -0.1161924341803403
-0.08951248612257851 -0.5156358680838498 0 0.5156358680838499 -0.08951248612257851
-0.06631253168352641 -0.4438908248701628 0 0.4438908248701629 -0.06631253168352641
-0.04613865938618558 -0.3815038342593508 0 0.3815038342593509 -0.04613865938618558
-0.02859616123282661 -0.3272542756494251 0 0.3272542756494251 -0.02859616123282661
-0.01334181564425826 -0.2800807483770488 0 0.2800807483770489 -0.01334181564425826
-7.716756855864759e-05 -0.2390602906901335 0 0.2390602906901336 -7.716756855864759e-05
0.01145730906185707 -0.2033903273516029 0 0.203390327351603 0.01145730906185707
0.02148728952440169 -0.1723729655025422 0 0.1723729655025422 0.02148728952440169
0.03020901146087131 -0.1454013471369223 0 0.1454013471369223 0.03020901146087131
0.03779311779624482 -0.121947765010367 0 0.121947765010367 0.03779311779624482
0.04438799280218515 -0.1015533459810917 0 0.1015533459810918 0.04438799280218515
0.05012266670125218 -0.08381906862352625 0 0.08381906862352627 0.05012266670125218
0.05510933974968377 -0.06839795759108035 0 0.06839795759108036 0.05510933974968377
0.05944557643983636 -0.05498829812226024 0 0.05498829812226025 0.05944557643983636
0.06321621734878344 -0.04332772371611508 0 0.04332772371611508 0.06321621734878344
-1.287357319269277 -3.25143924516621 0 3.25143924516621 -1.287357319269277
-1.107871799122301 -2.822994541879333 0 2.822994541879334 -1.107871799122301
-0.9517974332207906 -2.450433928997503 0 2.450433928997504 -0.9517974332207906
-0.816080593343403 -2.126468178753696 0 2.126468178753697 -0.816080593343403
-0.6980659515739063 -1.844758834539993 0 1.844758834539993 -0.6980659515739063
-0.595444524563348 -1.599794188866003 0 1.599794188866003 -0.595444524563348
-0.5062085004711835 -1.386781452053789 0 1.38678145205379 -0.5062085004711835
-0.42861195769317 -1.201552985047662 0 1.201552985047663 -0.42861195769317
-0.3611367035481877 -1.040484753929748 0 1.040484753929749 -0.3611367035481877
-0.302462569365451 -0.9004254221799888 0 0.9004254221799889 -0.302462569365451
-0.2514415844807155 -0.7786347021684545 0 0.7786347021684547 -0.2514415844807155
-0.2070755108513296 -0.672729728683229 0 0.6727297286832291 -0.2070755108513296
-0.1684963170447128 -0.5806384489522116 0 0.5806384489522117 -0.1684963170447128
-0.1349491903326428 -0.5005590713037371 0 0.5005590713037372 -0.1349491903326428
-0.1057777762955478 -0.4309248310522308 0 0.4309248310522308 -0.1057777762955478
-0.08041133072500918 -0.3703733211754755 0 0.3703733211754756 -0.08041133072500918
-0.05835355133492581 -0.317719832814887 0 0.3177198328148871 -0.05835355133492581
-0.03917287439876752 -0.2719341926583697 0 0.2719341926583697 -0.03917287439876752
-0.02249402521873467 -0.2321205933092164 0 0.2321205933092164 -0.02249402521873467
-0.007990678051782558 -0.197500072007421 0 0.197500072007421 -0.007990678051782558
0.004620929166046533 -0.1673952685224971 0 0.1673952685224971 0.004620929166046533
0.01558754388046564 -0.14121717915053 0 0.14121717915053 0.01558754388046564
0.0251237309704766 -0.1184536222634748 0 0.1184536222634748 0.0251237309704766
0.03341606748460946 -0.09865922517537694 0 0.09865922517537695 0.03341606748460946
0.04062679486413429 -0.08144670602578936 0 0.08144670602578938 0.04062679486413429
0.04689699270204692 -0.06647929779132553 0 0.06647929779132554 0.04689699270204692
0.05234933771348171 -0.05346416242703911 0 0.05346416242703912 0.05234933771348171
0.05709050767694286 -0.04214665248771576 0 0.04214665248771576 0.05709050767694286
-1.559319242086188 -3.129467682055447 0 3.129467682055447 -1.559319242086188
-1.344337763115803 -2.717124228816565 0 2.717124228816566 -1.344337763115803
-1.157397345953487 -2.358564702982894 0 2.358564702982894 -1.157397345953487
-0.9948404615087979 -2.046773811038517 0 2.046773811038517 -0.9948404615087979
-0.8534866508671933 -1.775651299984941 0 1.775651299984941 -0.8534866508671933
-0.7305702945242676 -1.539892596134146 0 1.539892596134146 -0.7305702945242676
-0.6236865056756693 -1.334885026178957 0 1.334885026178957 -0.6236865056756693
-0.5307440804831229 -1.156617573839113 0 1.156617573839113 -0.5307440804831229
-0.4499245808482087 -1.001602398912866 0 1.001602398912867 -0.4499245808482087
-0.3796467549066951 -0.8668065942991789 0 0.8668065942991791 -0.3796467549066951
-0.3185356035443782 -0.7495928542838652 0 0.7495928542838654 -0.3185356035443782
-0.2653954721446758 -0.6476678633875937 0 0.6476678633875939 -0.2653954721446758
-0.2191866630148919 -0.5590374380231109 0 0.559037438023111 -0.2191866630148919
-0.1790050878668696 -0.4819674991034006 0 0.4819674991034007 -0.1790050878668696
-0.144064588331215 -0.4149501620498804 0 0.4149501620498804 -0.144064588331215
-0.1136815469554513 -0.3566742200441464 0 0.3566742200441465 -0.1136815469554513
-0.0872615102182293 -0.3059994864108047 0 0.3059994864108048 -0.0872615102182293
-0.06428756618078393 -0.2619345024675905 0 0.2619345024675905 -0.06428756618078393
-0.04431022393439417 -0.2236171258830399 0 0.22361712588304 -0.04431022393439417
-0.02693862191647627 -0.1902976678596456 0 0.1902976678596456 -0.02693862191647627
-0.01183287985069704 -0.1613242238356689 0 0.1613242238356689 -0.01183287985069704
0.001302547724037512 -0.1361299252761989 0 0.1361299252761989 0.001302547724037512
0.01272465911592048 -0.1142218386951325 0 0.1142218386951325 0.01272465911592048
0.02265692978861082 -0.09517132882192991 0 0.09517132882192993 0.02265692978861082
0.03129368686646906 -0.0786056681179181 0 0.07860566811791811 0.03129368686646906
0.03880391055207628 -0.06420074549876145 0 0.06420074549876147 0.03880391055207628
0.04533453872450592 -0.05167472797699039 0 0.05167472797699039 0.04533453872450592
0.05101334629605919 -0.04078253793555744 0 0.04078253793555745 0.05101334629605919
-1.819942790935352 -2.98486986137085 0 2.984869861370851 -1.819942790935352
-1.570971525353135 -2.591624559974765 0 2.591624559974765 -1.570971525353135
-1.354474771901269 -2.249672122759239 0 2.24967212275924 -1.354474771901269
-1.166216725472669 -1.952322177435405 0 1.952322177435405 -1.166216725472669
-1.002514078626721 -1.693757011098778 0 1.693757011098778 -1.002514078626721
-0.8601639517878011 -1.468917737371188 0 1.468917737371189 -0.8601639517878011
-0.7363812319586028 -1.27340532410922 0 1.27340532410922 -0.7363812319586028
-0.6287440841573444 -1.103394529772967 0 1.103394529772968 -0.6287440841573444
-0.5351465649468727 -0.9555590574112341 0 0.9555590574112343 -0.5351465649468727
-0.4537574176081132 -0.8270064724341437 0 0.8270064724341438 -0.4537574176081132
-0.3829842478972544 -0.715221618914519 0 0.7152216189145191 -0.3829842478972544
-0.3214423614466002 -0.6180173988645465 0 0.6180173988645467 -0.3214423614466002
-0.2679276784832633 -0.5334919915577215 0 0.5334919915577216 -0.2679276784832633
-0.2213931692520374 -0.4599916337346479 0 0.459991633734648 -0.2213931692520374
-0.1809283793030149 -0.396078280190735 0 0.3960782801907351 -0.1809283793030149
-0.1457416074015959 -0.3405014541294039 0 0.340501454129404 -0.1457416074015959
-0.1151444135656519 -0.2921737779063855 0 0.2921737779063855 -0.1151444135656519
-0.08853815915800725 -0.2501497133658864 0 0.2501497133658864 -0.08853815915800725
-0.06540228621735311 -0.2136070492703573 0 0.2136070492703573 -0.06540228621735311
-0.04528413575943678 -0.1818308195040191 0 0.1818308195040191 -0.04528413575943678
-0.02779009051568978 -0.1541993131997569 0 0.1541993131997569 -0.02779009051568978
-0.01257787761759314 -0.1301719169778453 0 0.1301719169778454 -0.01257787761759314
0.0006501341277809491 -0.10927852812224 0 0.10927852812224 0.0006501341277809491
0.01215275291767902 -0.09111036408812666 0 0.09111036408812667 0.01215275291767902
0.02215503009289904 -0.07531196063293583 0 0.07531196063293584 0.02215503009289904
0.03085266258089923 -0.06157421824255068 0 0.06157421824255069 0.03085266258089923
0.0384158199697302 -0.04962835734200686 0 0.04962835734200687 0.0384158199697302
0.04499247910734012 -0.03924065136034952 0 0.03924065136034953 0.04499247910734012
-2.067347123684587 -2.818691226741228 0 2.818691226741228 -2.067347123684587
-1.786142321410501 -2.447402168363587 0 2.447402168363587 -1.786142321410501
-1.541616405517973 -2.124542116449544 0 2.124542116449544 -1.541616405517973
-1.328985174365004 -1.843794245296388 0 1.843794245296388 -1.328985174365004
-1.14408845413342 -1.599665664999145 0 1.599665664999145 -1.14408845413342
-0.9833086983739711 -1.387379944274038 0 1.387379944274039 -0.9833086983739711
-0.8435002141574512 -1.202783664131682 0 1.202783664131682 -0.8435002141574512
-0.7219276190468565 -1.042265159475566 0 1.042265159475567 -0.7219276190468565
-0.6162123196472389 -0.9026838519986959 0 0.9026838519986961 -0.6162123196472389
-0.5242859721182134 -0.7813088017216633 0 0.7813088017216634 -0.5242859721182134
-0.4443500198776512 -0.6757652825573243 0 0.6757652825573244 -0.4443500198776512
-0.3748404964775878 -0.5839883097503792 0 0.5839883097503793 -0.3748404964775878
-0.3143974336756429 -0.5041822477923047 0 0.5041822477923048 -0.3143974336756429
-0.2618382460252625 -0.434785668736775 0 0.434785668736775 -0.2618382460252625
-0.2161346053658958 -0.3744408184084175 0 0.3744408184084176 -0.2161346053658958
-0.176392311362356 -0.3219670384479907 0 0.3219670384479907 -0.176392311362356
-0.1418337938456541 -0.276337663259726 0 0.2763376632597261 -0.1418337938456541
-0.1117829102930498 -0.2366599473479279 0 0.2366599473479279 -0.1117829102930498
-0.0856517077203312 -0.2021575863674629 0 0.2021575863674629 -0.0856517077203312
-0.06292892279007403 -0.1721555332295106 0 0.1721555332295106 -0.06292892279007403
-0.04316997782814122 -0.1460667893313804 0 0.1460667893313804 -0.04316997782814122
-0.02598828696049398 -0.1233809256050276 0 0.1233809256050276 -0.02598828696049398
-0.01104768560780964 -0.1036540867922678 0 0.1036540867922678 -0.01104768560780964
0.001944141520848805 -0.08650031408925422 0 0.08650031408925424 0.001944141520848805
0.01324138246458137 -0.0715839900494666 0 0.07158399004946661 0.01324138246458137
0.02306507042439972 -0.05861327325195485 0 0.05861327325195485 0.02306507042439972
0.03160740631653772 -0.04733439101349714 0 0.04733439101349715 0.03160740631653772
0.03903552509197507 -0.03752666652463243 0 0.03752666652463243 0.03903552509197507
-2.299746379577202 -2.632130652581834 0 2.632130652581834 -2.299746379577202
-1.988301087024919 -2.285494085131598 0 2.285494085131599 -1.988301087024919
-1.717479092535885 -1.98407098192649 0 1.98407098192649 -1.717479092535885
-1.481981706087835 -1.721963935732548 0 1.721963935732548 -1.481981706087835
-1.277201372826119 -1.494044768223259 0 1.494044768223259 -1.277201372826119
-1.099131518883228 -1.295854188968415 0 1.295854188968415 -1.099131518883228
-0.9442881665792214 -1.123514553665866 0 1.123514553665866 -0.9442881665792214
-0.8096417731166576 -0.9736540010566139 0 0.973654001056614 -0.8096417731166576
-0.6925579534858853 -0.843340477907256 0 0.8433404779072561 -0.6925579534858853
-0.5907459361664421 -0.7300243705434383 0 0.7300243705434384 -0.5907459361664421
-0.5022137495548432 -0.6314886276384221 0 0.6314886276384222 -0.5022137495548432
-0.4252292397760878 -0.5458053732926508 0 0.5458053732926509 -0.4252292397760878
-0.3582861889288994 -0.4712981968631998 0 0.4712981968631998 -0.3582861889288994
-0.3000748374807545 -0.4065093445826909 0 0.4065093445826909 -0.3000748374807545
-0.2494562718632762 -0.3501712131211268 0 0.3501712131211268 -0.2494562718632762
-0.2054401303090257 -0.3011815363283321 0 0.3011815363283321 -0.2054401303090257
-0.1671652235111264 -0.2585818161553989 0 0.258581816155399 -0.1671652235111264
-0.1338826972391423 -0.221538582756524 0 0.221538582756524 -0.1338826972391423
-0.1049413706181592 -0.1893270760898421 0 0.1893270760898421 -0.1049413706181592
-0.07977499954989864 -0.1613170701886668 0 0.1613170701886669 -0.07977499954989864
-0.05789119691058404 -0.1369605414144247 0 0.1369605414144248 -0.05789119691058404
-0.03886180375818138 -0.1157809516734618 0 0.1157809516734618 -0.03886180375818138
-0.02231450470224849 -0.09736391637870175 0 0.09736391637870176 -0.02231450470224849
-0.00792554915045153 -0.08134910324476227 0 0.08134910324476229 -0.00792554915045153
0.004586586070215823 -0.06742317882695058 0 0.06742317882695059 0.004586586070215823
0.01546670385570746 -0.05531367910803989 0 0.0553136791080399 0.01546670385570746
0.02492767422140431 -0.04478368115739218 0 0.04478368115739219 0.02492767422140431
0.03315460564796752 -0.03562716045039127 0 0.03562716045039128 0.03315460564796752
-2.515462974763598 -2.426534089405085 0 2.426534089405085 -2.515462974763598
-2.175992367088986 -2.107064571947101 0 2.107064571947102 -2.175992367088986
-1.880800533276283 -1.829264990558588 0 1.829264990558588 -1.880800533276283
-1.62411198220473 -1.587700137243045 0 1.587700137243045 -1.62411198220473
-1.400904549520567 -1.377643745907253 0 1.377643745907253 -1.400904549520567
-1.206811130958542 -1.194986015405829 0 1.194986015405829 -1.206811130958542
-1.038034244108693 -1.036153205197786 0 1.036153205197786 -1.038034244108693
-0.8912717336358214 -0.8980377179016005 0 0.8980377179016006 -0.8912717336358214
-0.7636521601524604 -0.7779372949571816 0 0.7779372949571817 -0.7636521601524604
-0.6526786177213859 -0.673502144315048 0 0.6735021443150481 -0.6526786177213859
-0.5561798877469833 -0.5826889722663464 0 0.5826889722663465 -0.5561798877469833
-0.4722679489857357 -0.503720996898302 0 0.5037209968983021 -0.4722679489857357
-0.3993010469514962 -0.4350531933940147 0 0.4350531933940148 -0.3993010469514962
-0.3358515637767113 -0.3753420569522922 0 0.3753420569522923 -0.3358515637767113
-0.2806781010829448 -0.3234193304929895 0 0.3234193304929896 -0.2806781010829448
-0.2327011796838049 -0.2782691360961908 0 0.2782691360961909 -0.2327011796838049
-0.1909821164001923 -0.2390080963634275 0 0.2390080963634276 -0.1909821164001923
-0.1547046715690109 -0.2048680632270758 0 0.2048680632270758 -0.1547046715690109
-0.1231590679915055 -0.1751810784779065 0 0.1751810784779065 -0.1231590679915055
-0.09572810825698655 -0.1493663090348973 0 0.1493663090348973 -0.09572810825698655
-0.07187509792788596 -0.1269186816778214 0 0.1269186816778214 -0.07187509792788596
-0.05113335030284922 -0.1073990061736637 0 0.1073990061736637 -0.05113335030284922
-0.03309704729805088 -0.09042537462087481 0 0.09042537462087483 -0.03309704729805088
-0.0174133057171712 -0.0756656951626075 0 0.07566569516260752 -0.0174133057171712
-0.003775269605407569 -0.06283119132869373 0 0.06283119132869375 -0.003775269605407569
0.008083892451415456 -0.05167075300473226 0 0.05167075300473227 0.008083892451415456
0.0183962055158212 -0.04196602569084315 0 0.04196602569084316 0.0183962055158212
0.02736343500189192 -0.03352713168327531 0 0.03352713168327531 0.02736343500189192
-2.712939483856186 -2.203384265061928 0 2.203384265061929 -2.712939483856186
-2.347864366671432 -1.913395649939698 0 1.913395649939698 -2.347864366671432
-2.030407741900987 -1.66123163589104 0 1.66123163589104 -2.030407741900987
-1.754358503045367 -1.441958580256254 0 1.441958580256254 -1.754358503045367
-1.514315689907962 -1.251286360553616 0 1.251286360553616 -1.514315689907962
-1.305582810169993 -1.085484431371298 0 1.085484431371298 -1.305582810169993
-1.124075956993924 -0.9413088398009355 0 0.9413088398009356 -1.124075956993924
-0.9662439105724893 -0.8159387600304221 0 0.8159387600304222 -0.9662439105724893
-0.8289986537190174 -0.706921300078781 0 0.7069213000787811 -0.8289986537190174
-0.7096549518151857 -0.6121235085843909 0 0.612123508584391 -0.7096549518151857
-0.605877822493425 -0.5296906486145087 0 0.5296906486145088 -0.605877822493425
-0.5156368408475984 -0.4580099011109607 0 0.4580099011109608 -0.5156368408475984
-0.4371664233548069 -0.3956788173814699 0 0.39567881738147 -0.4371664233548069
-0.3689312743266782 -0.3414778723213909 0 0.3414778723213909 -0.3689312743266782
-0.3095963631354203 -0.294346616547407 0 0.294346616547407 -0.3095963631354203
-0.258000791071216 -0.253362918165762 0 0.2533629181657621 -0.258000791071216
-0.2131350749450596 -0.2177249185501631 0 0.2177249185501632 -0.2131350749450596
-0.1741214103641144 -0.1867353549504372 0 0.1867353549504372 -0.1741214103641144
-0.1401964853121043 -0.1597879088746196 0 0.1597879088746196 -0.1401964853121043
-0.1106965503746777 -0.1363553469825053 0 0.1363553469825053 -0.1106965503746777
-0.08504443103286888 -0.1159792046141975 0 0.1159792046141975 -0.08504443103286888
-0.06273824082483467 -0.09826082036230824 0 0.09826082036230825 -0.06273824082483467
-0.04334155291078734 -0.0828535290915981 0 0.08285352909159811 -0.04334155291078734
-0.02647486794281144 -0.06945588464711995 0 0.06945588464711996 -0.02647486794281144
-0.01180818541091944 -0.05780575908211293 0 0.05780575908211294 -0.01180818541091944
0.0009454518104729803 -0.04767521492417649 0 0.0476752149241765 0.0009454518104729803
0.01203556923248664 -0.03886604760115075 0 0.03886604760115075 0.01203556923248664
0.0216791503892616 -0.0312059014755042 0 0.03120590147550421 0.0216791503892616
-2.89074947575898 -1.96428928921814 0 1.964289289218141 -2.89074947575898
-2.502677923276011 -1.705876575936792 0 1.705876575936792 -2.502677923276011
-2.165224398174973 -1.481169867934594 0 1.481169867934595 -2.165224398174973
-1.871786550340965 -1.285772730594574 0 1.285772730594574 -1.871786550340965
-1.616623207862412 -1.115862178692482 0 1.115862178692482 -1.616623207862412
-1.394742041819639 -0.9681138735763466 0 0.9681138735763467 -1.394742041819639
-1.201801896127133 -0.8396370856481792 0 0.8396370856481793 -1.201801896127133
-1.034027856201719 -0.7279181394952617 0 0.7279181394952619 -1.034027856201719
-0.8881373876626186 -0.6307712304372298 0 0.6307712304372299 -0.8881373876626186
-0.7612761103615792 -0.5462956571364609 0 0.546295657136461 -0.7612761103615792
-0.6509619591296819 -0.4728386388346212 0 0.4728386388346213 -0.6509619591296819
-0.5550366106289771 -0.4089629710101451 0 0.4089629710101452 -0.5550366106289771
-0.4716232655200486 -0.3534189129735378 0 0.3534189129735379 -0.4716232655200486
-0.399089918351795 -0.3051197296780648 0 0.3051197296780649 -0.399089918351795
-0.3360174436238674 -0.2631204405688058 0 0.2631204405688059 -0.3360174436238674
-0.2811718164920964 -0.2265993216461135 0 0.2265993216461136 -0.2811718164920964
-0.2334799654434629 -0.1948418260192415 0 0.1948418260192416 -0.2334799654434629
-0.192008792336052 -0.1672266135743154 0 0.1672266135743154 -0.192008792336052
-0.1559469033902234 -0.1432133858359788 0 0.1432133858359789 -0.1559469033902234
-0.124588738973008 -0.1223323181598485 0 0.1223323181598486 -0.124588738973008
-0.09732076778335202 -0.1041748665875437 0 0.1041748665875437 -0.09732076778335202
-0.0736094890449781 -0.08838577863468568 0 0.08838577863468569 -0.0736094890449781
-0.05299098496867142 -0.07465613638682642 0 0.07465613638682643 -0.05299098496867142
-0.03506185117495113 -0.0627173171645021 0 0.06271731716450211 -0.03506185117495113
-0.01947130010201739 -0.05233573526669889 0 0.0523357352666989 -0.01947130010201739
-0.005914298916955482 -0.04330827257901533 0 0.04330827257901534 -0.005914298916955482
0.005874395745028974 -0.03545830637005548 0 0.03545830637005549 0.005874395745028974
0.01612543542109446 -0.0286322482379952 0 0.02863224823799521 0.01612543542109446
-3.047607573821753 -1.710971365596076 0 1.710971365596076 -3.047607573821753
-2.639314987280848 -1.485994438152888 0 1.485994438152889 -2.639314987280848
-2.284277954240673 -1.290362326635332 0 1.290362326635333 -2.284277954240673
-1.975550099507233 -1.120247447101155 0 1.120247447101155 -1.975550099507233
-1.707091099035762 -0.9723214669056855 0 0.9723214669056857 -1.707091099035762
-1.47364849132931 -0.8436901805502922 0 0.8436901805502923 -1.47364849132931
-1.270654918035042 -0.7318368873093349 0 0.731836887309335 -1.270654918035042
-1.094138767141529 -0.6345731539445161 0 0.6345731539445162 -1.094138767141529
-0.9406464630280806 -0.5499959950541838 0 0.549995995054184 -0.9406464630280806
-0.8071748939070816 -0.4764506393172987 0 0.4764506393172988 -0.8071748939070816
-0.6911126629850861 -0.4124981577739734 0 0.4124981577739734 -0.6911126629850861
-0.5901889843397435 -0.3568873044879483 0 0.3568873044879483 -0.5901889843397435
-0.5024292652656481 -0.3085300415803891 0 0.3085300415803892 -0.5024292652656481
-0.4261164622881736 -0.2664802456634178 0 0.2664802456634178 -0.4261164622881736
-0.3597575043036624 -0.2299152063562706 0 0.2299152063562706 -0.3597575043036624
-0.3020540658042083 -0.1981195217799105 0 0.1981195217799105 -0.3020540658042083
-0.251877161321047 -0.170471099615612 0 0.1704710996156121 -0.251877161321047
-0.2082450722731043 -0.146428994381469 0 0.146428994381469 -0.2082450722731043
-0.1703041260248236 -0.1255228163302264 0 0.1255228163302264 -0.1703041260248236
-0.1373119987298406 -0.1073435310007365 0 0.1073435310007365 -0.1373119987298406
-0.1086231901441197 -0.09153545556565436 0 0.09153545556565437 -0.1086231901441197
-0.08367640065558102 -0.07778930333630564 0 0.07778930333630565 -0.08367640065558102
-0.06198353936220173 -0.06583612700610439 0 0.0658361270061044 -0.06198353936220173
-0.04312018191113678 -0.0554420607396589 0 0.0554420607396589 -0.04312018191113678
-0.02671726244322367 -0.04640374227726655 0 0.04640374227726656 -0.02671726244322367
-0.01245385394504489 -0.03854433477252844 0 0.03854433477252844 -0.01245385394504489
-5.089215955356163e-05 -0.03171006854855234 0 0.03171006854855235 -5.089215955356163e-05
0.0107342928850469 -0.02576722786707407 0 0.02576722786707408 0.0107342928850469
-3.182377358583888 -1.445252665936691 0 1.445252665936691 -3.182377358583888
-2.7567840984283 -1.255320283244002 0 1.255320283244003 -2.7567840984283
-2.386703001321735 -1.090161689009411 0 1.090161689009412 -2.386703001321735
-2.064893351751521 -0.9465455201488542 0 0.9465455201488543 -2.064893351751521
-1.785058877663374 -0.8216618967480602 0 0.8216618967480603 -1.785058877663374
-1.541724553827795 -0.7130674422679437 0 0.7130674422679438 -1.541724553827795
-1.330129488189039 -0.6186374812105163 0 0.6186374812105164 -1.330129488189039
-1.146133778726508 -0.5365244715009597 0 0.5365244715009598 -1.146133778726508
-0.9861375106828539 -0.4651218548327457 0 0.4651218548327458 -0.9861375106828539
-0.8470103207391375 -0.4030326227953085 0 0.4030326227953085 -0.8470103207391375
-0.7260301587981511 -0.349041987681397 0 0.3490419876813971 -0.7260301587981511
-0.6208300184148455 -0.3020936095155695 0 0.3020936095155695 -0.6208300184148455
-0.5293516370229244 -0.2612689335414135 0 0.2612689335414136 -0.5293516370229244
-0.4498052144783636 -0.2257692135433745 0 0.2257692135433745 -0.4498052144783636
-0.3806344134397647 -0.1948998923299275 0 0.1948998923299275 -0.3806344134397647
-0.3204858941604177 -0.1680570058190038 0 0.1680570058190038 -0.3204858941604177
-0.2681828324163255 -0.1447153647047833 0 0.1447153647047833 -0.2681828324163255
-0.2227019110441405 -0.1244182863156113 0 0.1244182863156114 -0.2227019110441405
-0.1831532845456872 -0.1067686532825843 0 0.1067686532825844 -0.1831532845456872
-0.1487631744192736 -0.09142114624032366 0 0.09142114624032367 -0.1487631744192736
-0.1188587284938188 -0.07807548689963732 0 0.07807548689963734 -0.1188587284938188
-0.0928548630825162 -0.06647056600642208 0 0.06647056600642209 -0.0928548630825162
-0.07024280529775574 -0.05637933004306122 0 0.05637933004306123 -0.07024280529775574
-0.05058014655811531 -0.04760434233970957 0 0.04760434233970958 -0.05058014655811531
-0.03348218249376091 -0.03997391827530802 0 0.03997391827530802 -0.03348218249376091
-0.01861438737874318 -0.03333876679158632 0 0.03333876679158633 -0.01861438737874318
-0.005685872103476028 -0.02756907083819202 0 0.02756907083819202 -0.005685872103476028
0.005556316013140522 -0.02255194351129618 0 0.02255194351129618 0.005556316013140522
-3.294077699993958 -1.169041532609692 0 1.169041532609692 -3.294077699993958
-2.854224025744272 -1.015496602067112 0 1.015496602067112 -2.854224025744272
-2.471742568511682 -0.8819792706845264 0 0.8819792706845265 -2.471742568511682
-2.13914999709569 -0.7658772434269128 0 0.7658772434269129 -2.13914999709569
-1.849939069355899 -0.6649189602256099 0 0.66491896022561 -1.849939069355899
-1.598451307611237 -0.57712914927253 0 0.5771291492725301 -1.598451307611237
-1.379766295916537 -0.5007901827090341 0 0.5007901827090342 -1.379766295916537
-1.189605415963491 -0.434408472577496 0 0.434408472577496 -1.189605415963491
-1.024248130137322 -0.3766852467565572 0 0.3766852467565573 -1.024248130137322
-0.8804591855887033 -0.3264911372241266 0 0.3264911372241267 -0.8804591855887033
-0.7554253240994231 -0.2828440866212358 0 0.2828440866212359 -0.7554253240994231
-0.6467002276017402 -0.2448901297321521 0 0.2448901297321522 -0.6467002276017402
-0.5521566670318642 -0.2118866895182877 0 0.2118866895182877 -0.5521566670318642
-0.4699448711569674 -0.183188044431525 0 0.183188044431525 -0.4699448711569674
-0.398456354218285 -0.1582327013014165 0 0.1582327013014165 -0.398456354218285
-0.3362924299211123 -0.1365324041406552 0 0.1365324041406553 -0.3362924299211123
-0.2822368420242626 -0.1176625799810115 0 0.1176625799810115 -0.2822368420242626
-0.2352319849301837 -0.1012540379130402 0 0.1012540379130402 -0.2352319849301837
-0.1943581969606238 -0.08698574074465754 0 0.08698574074465755 -0.1943581969606238
-0.1588157725072281 -0.0745785257695324 0 0.07457852576953242 -0.1588157725072281
-0.1279093140452127 -0.06378964233923096 0 0.06378964233923097 -0.1279093140452127
-0.1010341334051944 -0.05440800479412538 0 0.05440800479412539 -0.1010341334051944
-0.07766441017382307 -0.0462500587760932 0 0.04625005877609321 -0.07766441017382307
-0.05734291192221358 -0.03915619274692175 0 0.03915619274692175 -0.05734291192221358
-0.03967204393632021 -0.03298761361171041 0 0.03298761361171042 -0.03967204393632021
-0.02430607148896207 -0.02762363165526821 0 0.02762363165526822 -0.02430607148896207
-0.01094435860765251 -0.02295930031873541 0 0.02295930031873542 -0.01094435860765251
0.0006745231102867899 -0.01890335969391835 0 0.01890335969391835 0.0006745231102867899
-3.38188508683842 -0.8843170096610291 0 0.8843170096610292 -3.38188508683842
-2.930901081786058 -0.7682223410805752 0 0.7682223410805753 -2.930901081786058
-2.538741075994905 -0.6672704549985214 0 0.6672704549985216 -2.538741075994905
-2.197732375399847 -0.5794862062553948 0 0.5794862062553949 -2.197732375399847
-1.901203074560223 -0.5031520779497864 0 0.5031520779497866 -1.901203074560223
-1.643351510158194 -0.4367745754733204 0 0.4367745754733204 -1.643351510158194
-1.419132756984806 -0.3790550077113181 0 0.3790550077113181 -1.419132756984806
-1.224159927914328 -0.3288640791649017 0 0.3288640791649017 -1.224159927914328
-1.054618338535352 -0.2852197937599997 0 0.2852197937599998 -1.054618338535352
-0.9071908691493009 -0.2472682411410455 0 0.2472682411410455 -0.9071908691493009
-0.7789930731031807 -0.2142668919180448 0 0.2142668919180448 -0.7789930731031807
-0.667516729176142 -0.1855700666253755 0 0.1855700666253755 -0.667516729176142
-0.5705807795777998 -0.1606163059241666 0 0.1606163059241666 -0.5705807795777998
-0.4862886453141639 -0.1389173824997129 0 0.1389173824997129 -0.4862886453141639
-0.4129911385029345 -0.1200487537552567 0 0.1200487537552567 -0.4129911385029345
-0.3492541796219307 -0.1036412514165329 0 0.1036412514165329 -0.3492541796219307
-0.2938307355259681 -0.08937385766901873 0 0.08937385766901874 -0.2938307355259681
-0.245636438308007 -0.07696742883715585 0 0.07696742883715586 -0.245636438308007
-0.2037283545989931 -0.06617923006616773 0 0.06617923006616774 -0.2037283545989931
-0.1672865425427311 -0.05679818762175824 0 0.05679818762175824 -0.1672865425427311
-0.1355980078431847 -0.04864075877166111 0 0.04864075877166112 -0.1355980078431847
-0.108042760925636 -0.04154734254689581 0 0.04154734254689582 -0.108042760925636
-0.08408167569012581 -0.03537915427839291 0 0.03537915427839292 -0.08408167569012581
-0.06324594961415578 -0.03001551236132847 0 0.03001551236132847 -0.06324594961415578
-0.04512792699987626 -0.02535147592727502 0 0.02535147592727502 -0.04512792699987626
-0.02937312443364819 -0.02129579199616592 0 0.02129579199616592 -0.02937312443364819
-0.01567329846345054 -0.01776911092144203 0 0.01776911092144203 -0.01567329846345054
-0.003760405339789968 -0.0147024314748703 0 0.0147024314748703 -0.003760405339789968
-3.445131335947255 -0.5931162078662722 0 0.5931162078662723 -3.445131335947255
-2.98619901030824 -0.5152437549555832 0 0.5152437549555833 -2.98619901030824
-2.587127421373624 -0.4475285782700524 0 0.4475285782700525 -2.587127421373624
-2.240108648481541 -0.388645815950811 0 0.388645815950811 -2.240108648481541
-1.938353197889365 -0.3374434146291352 0 0.3374434146291353 -1.938353197889365
-1.675957155468877 -0.2929195876598884 0 0.2929195876598885 -1.675957155468877
-1.447786682252657 -0.2542032161198983 0 0.2542032161198984 -1.447786682252657
-1.249377574880117 -0.2205368060463945 0 0.2205368060463945 -1.249377574880117
-1.076847917432078 -0.1912616670450009 0 0.1912616670450009 -1.076847917432078
-0.9268221279796141 -0.165805024372724 0 0.1658050243727241 -0.9268221279796141
-0.7963649232403659 -0.1436688139439348 0 0.1436688139439348 -0.7963649232403659
-0.6829238761100349 -0.1244199353897786 0 0.1244199353897787 -0.6829238761100349
-0.5842794889725613 -0.1076817804089348 0 0.1076817804089348 -0.5842794889725613
-0.4985017567751744 -0.09312686231281937 0 0.09312686231281939 -0.4985017567751744
-0.4239124256956532 -0.08047041200930254 0 0.08047041200930255 -0.4239124256956532
-0.3590521414267664 -0.06946480366502716 0 0.06946480366502718 -0.3590521414267664
-0.3026518926176524 -0.05989470917794034 0 0.05989470917794035 -0.3026518926176524
-0.2536082000321275 -0.05157288822946297 0 0.05157288822946297 -0.2536082000321275
-0.2109615116702661 -0.04433652233034457 0 0.04433652233034458 -0.2109615116702661
-0.1738774346960984 -0.03804403022077402 0 0.03804403022077402 -0.1738774346960984
-0.1416304087199401 -0.03257229752392344 0 0.03257229752392345 -0.1416304087199401
-0.113589517225441 -0.02781426920364465 0 0.02781426920364466 -0.113589517225441
-0.08920613234089159 -0.02367685310730986 0 0.02367685310730986 -0.08920613234089159
-0.06800318918260342 -0.0200791000173212 0 0.0200791000173212 -0.06800318918260342
-0.04956584736737402 -0.01695061907994718 0 0.01695061907994719 -0.04956584736737402
-0.03353337592559177 -0.0142302008229522 0 0.0142302008229522 -0.03353337592559177
-0.0195920988006468 -0.01186462013539245 0 0.01186462013539245 -0.0195920988006468
-0.007469248133923509 -0.0098075932820885 0 0.009807593282088502 -0.007469248133923509
-3.483299375241672 -0.2975324723374549 0 0.297532472337455 -3.483299375241672
-3.019606522305878 -0.2583659025052003 0 0.2583659025052004 -3.019606522305878
-2.616395344402789 -0.2243080155730565 0 0.2243080155730565 -2.616395344402789
-2.265776928930404 -0.1946924617270482 0 0.1946924617270482 -2.265776928930404
-1.960891354397853 -0.1689398065583332 0 0.1689398065583332 -1.960891354397853
-1.695773465089003 -0.1465461935024987 0 0.1465461935024988 -1.695773465089003
-1.46523616847556 -0.1270734863654487 0 0.1270734863654487 -1.46523616847556
-1.264768953798723 -0.1101406975311218 0 0.1101406975311218 -1.264768953798723
-1.090449637836999 -0.09541653342444247 0 0.09541653342444248 -1.090449637836999
-0.9388676235862166 -0.08261291243071341 0 0.08261291243071342 -0.9388676235862166
-0.8070571799280106 -0.07147932925496396 0 0.07147932925496397 -0.8070571799280106
-0.6924394033077991 -0.06179795262041642 0 0.06179795262041643 -0.6924394033077991
-0.5927717731529849 -0.05337936438521523 0 0.05337936438521523 -0.5927717731529849
-0.5061042643746769 -0.04605885251346511 0 0.04605885251346511 -0.5061042643746769
-0.4307412145422698 -0.03969319012435954 0 0.03969319012435955 -0.4307412145422698
-0.3652081313954464 -0.03415783183459917 0 0.03415783183459918 -0.3652081313954464
-0.308222840066987 -0.02934447666187755 0 0.02934447666187756 -0.308222840066987
-0.2586704148770133 -0.02515895059806936 0 0.02515895059806936 -0.2586704148770133
-0.215581350346114 -0.02151936278843996 0 0.02151936278843996 -0.215581350346114
-0.1781125984409192 -0.01835450381178323 0 0.01835450381178323 -0.1781125984409192
-0.1455310724985935 -0.01560245231263973 0 0.01560245231263973 -0.1455310724985935
-0.1171993114751292 -0.01320936410872754 0 0.01320936410872755 -0.1171993114751292
-0.09256299655526548 -0.01112841776113777 0 0.01112841776113777 -0.09256299655526548
-0.07114011423811223 -0.009318899216755964 0 0.009318899216755966 -0.07114011423811223
-0.05251152098102981 -0.007745404835588768 0 0.007745404835588769 -0.05251152098102981
-0.03631274393454404 -0.006377148826524141 0 0.006377148826524142 -0.03631274393454404
-0.02222685326507955 -0.005187361196493776 0 0.005187361196493777 -0.02222685326507955
-0.009978251679779442 -0.004152763172604193 0 0.004152763172604193 -0.009978251679779442
-3.496039540943162 0.0002686996929412463 0 -0.0002686996929412463 -3.496039540943162
-3.030744469814963 0.0005023386900991571 0 -0.0005023386900991572 -3.030744469814963
-2.626140058696121 0.0007055030362720132 0 -0.0007055030362720133 -2.626140058696121
-2.274310136079934 0.0008821676851083455 0 -0.0008821676851083456 -2.274310136079934
-1.968371077088814 0.00103578911685472 0 -0.00103578911685472 -1.968371077088814
-1.702337114343219 0.001169372969613294 0 -0.001169372969613294 -1.702337114343219
-1.471003232127209 0.001285532842381707 0 -0.001285532842381707 -1.471003232127209
-1.269843334316908 0.001386541427556059 0 -0.001386541427556059 -1.269843334316908
-1.09492168519962 0.001474374979235914 0 -0.001474374979235914 -1.09492168519962
-0.9428159029861958 0.001550751980943559 0 -0.001550751980943559 -0.9428159029861958
-0.8105500089378423 0.001617166763224375 0 -0.001617166763224375 -0.8105500089378423
-0.6955361885017487 0.00167491874758735 0 -0.001674918747587351 -0.6955361885017487
-0.595524172425916 0.001725137863558956 0 -0.001725137863558956 -0.595524172425916
-0.5085571976144875 0.001768806662243292 0 -0.001768806662243292 -0.5085571976144875
-0.4329337425403084 0.001806779529998003 0 -0.001806779529998003 -0.4329337425403084
-0.3671742200654741 0.001839799413177044 0 -0.001839799413177044 -0.3671742200654741
-0.3099920249678756 0.001868512355892224 0 -0.001868512355892225 -0.3099920249678756
-0.2602683791161761 0.001893480131130777 0 -0.001893480131130778 -0.2602683791161761
-0.2170304270562842 0.001915191239600777 0 -0.001915191239600777 -0.2170304270562842
-0.1794322077340932 0.00193407046443169 0 -0.001934070464431691 -0.1794322077340932
-0.1467381014203631 0.00195048718295865 0 -0.001950487182958651 -0.1467381014203631
-0.118308444424064 0.001964762590039234 0 -0.001964762590039235 -0.118308444424064
-0.09358700256789215 0.001977175987996704 0 -0.001977175987996705 -0.09358700256789215
-0.0720900968286288 0.001987970246978231 0 -0.001987970246978232 -0.0720900968286288
-0.05339713537862203 0.001997356559105252 0 -0.001997356559105252 -0.05339713537862203
-0.0371423859894222 0.002005518569802163 0 -0.002005518569802163 -0.0371423859894222
-0.02300782372594035 0.002012615969191992 0 -0.002012615969191993 -0.02300782372594035
-0.01071689901194151 0.002018787621340251 0 -0.002018787621340251 -0.01071689901194151
-3.483244617609798 0.298062179669099 0 -0.2980621796690991 -3.483244617609798
-3.019504151383498 0.2593562009714429 0 -0.259356200971443 -3.019504151383498
-2.616251570618951 0.2256988280709999 0 -0.2256988280709999 -2.616251570618951
-2.265597152658354 0.1964315472960174 0 -0.1964315472960174 -2.265597152658354
-1.960680271614739 0.1709817382720326 0 -0.1709817382720326 -1.960680271614739
-1.695535159252951 0.1488514696880311 0 -0.1488514696880312 -1.695535159252951
-1.464974190419403 0.1296077577454656 0 -0.1296077577454657 -1.464974190419403
-1.264486391203319 0.1128740951675261 0 -0.1128740951675261 -1.264486391203319
-1.090149175642368 0.09832308432599493 0 -0.09832308432599494 -1.090149175642368
-0.9385515965226563 0.08567003138940545 0 -0.08567003138940546 -0.9385515965226563
-0.8067276181961757 0.07466737695541971 0 -0.07466737695541972 -0.8067276181961757
-0.6920980722992524 0.06509985140021571 0 -0.06509985140021572 -0.6920980722992524
-0.5924202079909492 0.05678026410186671 0 -0.05678026410186671 -0.5924202079909492
-0.5057437999482968 0.04954584000560488 0 -0.04954584000560489 -0.5057437999482968
-0.4303730116252864 0.04325503655039244 0 -0.04325503655039245 -0.4303730116252864
-0.3648331993565758 0.03778477298215899 0 -0.037784772982159 -0.3648331993565758
-0.3078420566176119 0.03302802191673031 0 -0.03302802191673031 -0.3078420566176119
-0.2582845432448013 0.02889171681374386 0 -0.02889171681374386 -0.2582845432448013
-0.2151910542071748 0.02529492983875791 0 -0.02529492983875792 -0.2151910542071748
-0.1777184549048117 0.02216728897932916 0 -0.02216728897932917 -0.1777184549048117
-0.1451335833994694 0.01944760106291261 0 -0.01944760106291262 -0.1451335833994694
-0.1167989131908417 0.01708265510419114 0 -0.01708265510419114 -0.1167989131908417
-0.09216006854464759 0.01502618027513647 0 -0.01502618027513647 -0.09216006854464759
-0.07073498646549072 0.01323794131186893 0 -0.01323794131186893 -0.07073498646549072
-0.05210448037188978 0.01168295091421856 0 -0.01168295091421857 -0.05210448037188978
-0.03590403998927003 0.01033078532590235 0 -0.01033078532590236 -0.03590403998927003
-0.02181670294080654 0.009154989363690512 0 -0.009154989363690514 -0.02181670294080654
-0.009566843634534708 0.008132558008464552 0 -0.008132558008464554 -0.009566843634534708
-3.445084100459455 0.5936508487282385 0 -0.5936508487282386 -3.445084100459455
-2.986110704260306 0.5162432789327782 0 -0.5162432789327783 -2.986110704260306
-2.587003401795015 0.448932348436031 0 -0.448932348436031 -2.587003401795015
-2.239953573658876 0.3904011045418012 0 -0.3904011045418013 -2.239953573658876
-1.93817111850702 0.3395043714117603 0 -0.3395043714117603 -1.93817111850702
-1.675751593860859 0.2952463428681617 0 -0.2952463428681618 -1.675751593860859
-1.44756070131783 0.2567611003955536 0 -0.2567611003955537 -1.44756070131783
-1.249133838008915 0.2232956721200889 0 -0.223295672120089 -1.249133838008915
-1.076588740616302 0.1941952998983135 0 -0.1941952998983135 -1.076588740616302
-0.9265495251250464 0.1688906283392401 0 -0.1688906283392401 -0.9265495251250464
-0.7960806455697682 0.1468865667009332 0 -0.1468865667009332 -0.7960806455697682
-0.6826294464255402 0.1277526001380456 0 -0.1277526001380456 -0.6826294464255402
-0.5839762314500444 0.1111143686261468 0 -0.1111143686261468 -0.5839762314500444
-0.4981908228713889 0.09664634050737943 0 -0.09664634050737944 -0.4981908228713889
-0.4235948166778338 0.08406544670457834 0 -0.08406544670457836 -0.4235948166778338
-0.3587287279622861 0.07312553966164186 0 -0.07312553966164187 -0.3587287279622861
-0.3023234318081045 0.06361257674256911 0 -0.06361257674256912 -0.3023234318081045
-0.2532753502270505 0.05534043541639114 0 -0.05534043541639115 -0.2532753502270505
-0.210624845347413 0.04814726918797588 0 -0.04814726918797588 -0.210624845347413
-0.1735374496621234 0.04189234200959949 0 -0.0418923420095995 -0.1735374496621234
-0.1412875378499815 0.03645327447286132 0 -0.03645327447286133 -0.1412875378499815
-0.1132441369329468 0.03172365063897186 0 -0.03172365063897187 -0.1132441369329468
-0.08885856994175732 0.02761093409700619 0 -0.0276109340970062 -0.08885856994175732
-0.067653729299454 0.02403465888015931 0 -0.02403465888015931 -0.067653729299454
-0.04921473749812993 0.02092485435415158 0 -0.02092485435415158 -0.04921473749812993
-0.03318083128580396 0.01822067645516819 0 -0.01822067645516819 -0.03318083128580396
-0.01923830653451308 0.01586921781563344 0 -0.01586921781563345 -0.01923830653451308
-0.0071143709752262 0.01382447100509501 0 -0.01382447100509501 -0.0071143709752262
-3.381870231642921 0.8848788855281224 0 -0.8848788855281225 -3.381870231642921
-2.930873314255295 0.7692727846295728 0 -0.7692727846295729 -2.930873314255295
-2.538702080346486 0.6687457400117457 0 -0.6687457400117458 -2.538702080346486
-2.197683616170861 0.581330918628793 0 -0.5813309186287932 -2.197683616170861
-1.901145825261297 0.505318031501706 0 -0.5053180315017061 -1.901145825261297
-1.643286878189793 0.4392198691785348 0 -0.4392198691785349 -1.643286878189793
-1.419061705303774 0.3817432058993395 0 -0.3817432058993395 -1.419061705303774
-1.224083293874485 0.3317634986426475 0 -0.3317634986426476 -1.224083293874485
-1.054536850270482 0.2883028839231181 0 -0.2883028839231182 -1.054536850270482
-0.9071051598191842 0.2505110449441293 0 -0.2505110449441293 -0.9071051598191842
-0.7789036932816402 0.2176485771433986 0 -0.2176485771433986 -0.7789036932816402
-0.6674241576229428 0.1890725183043974 0 -0.1890725183043974 -0.6674241576229428
-0.5704854326058131 0.1642237719089167 0 -0.1642237719089167 -0.5704854326058131
-0.4861908849344173 0.1426161652766243 0 -0.1426161652766244 -0.4861908849344173
-0.4128912795077791 0.123826942437004 0 -0.123826942437004 -0.4128912795077791
-0.3491524957439142 0.1074884887073625 0 -0.1074884887073625 -0.3491524957439142
-0.2937274647932441 0.09328113723033161 0 -0.09328113723033163 -0.2937274647932441
-0.2455317877016813 0.08092691906628866 0 -0.08092691906628867 -0.2455317877016813
-0.2036225041026025 0.07018412087510841 0 -0.07018412087510842 -0.2036225041026025
-0.1671796486636717 0.06084255719590434 0 -0.06084255719590435 -0.1671796486636717
-0.1354902066747772 0.05271945770953777 0 -0.05271945770953777 -0.1354902066747772
-0.1079341708099878 0.04565589310470879 0 -0.0456558931047088 -0.1079341708099878
-0.08397239953337132 0.03951366276762276 0 -0.03951366276762276 -0.08397239953337132
-0.0631360768999237 0.03417259296459985 0 -0.03417259296459985 -0.0631360768999237
-0.04501753554001323 0.02952818445573538 0 -0.02952818445573538 -0.04501753554001323
-0.02926228189061944 0.02548956828597736 0 -0.02548956828597736 -0.02926228189061944
-0.01556206367425796 0.0219777287403199 0 -0.0219777287403199 -0.01556206367425796
-0.003648829466948722 0.01892395497225314 0 -0.01892395497225314 -0.003648829466948722
-3.294106435600132 1.169653384211417 0 -1.169653384211417 -3.294106435600132
-2.854277755361189 1.016640480106104 0 -1.016640480106104 -2.854277755361189
-2.471818032051069 0.8835857804099355 0 -0.8835857804099356 -2.471818032051069
-2.13924435969809 0.7678860415752604 0 -0.7678860415752605 -2.13924435969809
-1.850049865925918 0.6672775743892785 0 -0.6672775743892786 -1.850049865925918
-1.598576394587787 0.5797919512735175 0 -0.5797919512735176 -1.598576394587787
-1.379903809333634 0.5037174958747347 0 -0.5037174958747348 -1.379903809333634
-1.189753734981079 0.437565795451992 0 -0.437565795451992 -1.189753734981079
-1.024405845329183 0.3800425780720318 0 -0.3800425780720318 -1.024405845329183
-0.8806250713669134 0.3300223889236071 0 -0.3300223889236071 -0.8806250713669134
-0.7555983147351353 0.2865265734331258 0 -0.2865265734331259 -0.7555983147351353
-0.6468793963743861 0.2487041253369182 0 -0.2487041253369182 -0.6468793963743861
-0.5523412080974039 0.215815040593152 0 -0.2158150405931521 -0.5523412080974039
-0.4701340837817781 0.1872158350505796 0 -0.1872158350505796 -0.4701340837817781
-0.3986496290684783 0.1623469610878211 0 -0.1623469610878211 -0.3986496290684783
-0.3364892371410076 0.1407218545032022 0 -0.1407218545032022 -0.3364892371410076
-0.2824367208700737 0.1219174134551167 0 -0.1219174134551167 -0.2824367208700737
-0.235434534754941 0.1055657262644034 0 -0.1055657262644035 -0.235434534754941
-0.1945630693757231 0.09134686811873861 0 -0.09134686811873863 -0.1945630693757231
-0.1590226645661109 0.07898264359831883 0 -0.07898264359831884 -0.1590226645661109
-0.1281179623162184 0.06823114317502994 0 -0.06823114317502996 -0.1281179623162184
-0.1012443088171406 0.0588820125917827 0 -0.0588820125917827 -0.1012443088171406
-0.07787591353446634 0.05075233349823551 0 -0.05075233349823552 -0.07787591353446634
-0.05755557002084236 0.04368304740314404 0 -0.04368304740314405 -0.05755557002084236
-0.03988570615493303 0.03753584212358406 0 -0.03753584212358407 -0.03988570615493303
-0.02452060685540338 0.03219044612892324 0 -0.03219044612892324 -0.02452060685540338
-0.01115965323294498 0.02754227649551783 0 -0.02754227649551783 -0.01115965323294498
0.0004585682598523128 0.02350038952674403 0 -0.02350038952674403 0.0004585682598523128
-3.182454949109276 1.445934140770757 0 -1.445934140770757 -3.182454949109276
-2.756929166718666 1.256594327799187 0 -1.256594327799188 -2.756929166718666
-2.38690674592969 1.091951011584985 0 -1.091951011584985 -2.38690674592969
-2.065148119244326 0.9487829105681985 0 -0.9487829105681986 -2.065148119244326
-1.785358012881538 0.8242889113742129 0 -0.824288911374213 -1.785358012881538
-1.542062269676463 0.7160332605498932 0 -0.7160332605498934 -1.542062269676463
-1.330500752412288 0.621897911369102 0 -0.6218979113691021 -1.330500752412288
-1.146534215449429 0.5400410859004788 0 -0.5400410859004789 -1.146534215449429
-0.9865633147966215 0.4688612381358213 0 -0.4688612381358213 -0.9865633147966215
-0.8474581834537008 0.4069657181890278 0 -0.4069657181890279 -0.8474581834537008
-0.7264972029041949 0.3531435283667527 0 -0.3531435283667528 -0.7264972029041949
-0.621313741991674 0.3063416243669794 0 -0.3063416243669795 -0.621313741991674
-0.5298498644871447 0.2656443172306824 0 -0.2656443172306825 -0.5298498644871447
-0.4503160540192039 0.2302553527493604 0 -0.2302553527493604 -0.4503160540192039
-0.3811562200035647 0.1994823406792065 0 -0.1994823406792066 -0.3811562200035647
-0.3210172372653904 0.1727232012447668 0 -0.1727232012447668 -0.3210172372653904
-0.2687224681660339 0.149454383677398 0 -0.1494543836773981 -0.2687224681660339
-0.2232487577889726 0.1292206301089495 0 -0.1292206301089495 -0.2232487577889726
-0.1837064017209372 0.1116260621363251 0 -0.1116260621363251 -0.1837064017209372
-0.1493217441427338 0.09632643775547037 0 -0.09632643775547038 -0.1493217441427338
-0.1194220395639193 0.08302241551491221 0 -0.08302241551491223 -0.1194220395639193
-0.09342229706264191 0.0714537007948733 0 -0.07145370079487331 -0.09342229706264191
-0.07081382441717728 0.06139394846162016 0 -0.06139394846162016 -0.07081382441717728
-0.0511542831899357 0.05264633782764359 0 -0.05264633782764359 -0.0511542831899357
-0.03405903000591914 0.04503971991044625 0 -0.04503971991044625 -0.03405903000591914
-0.01919359217819552 0.03842526942467819 0 -0.03842526942467819 -0.01919359217819552
-0.006267126717615396 0.0326735743359849 0 -0.0326735743359849 -0.006267126717615396
0.004973278951301272 0.02767209993619694 0 -0.02767209993619694 0.004973278951301272
-3.047734126035329 1.711735557222467 0 -1.711735557222468 -3.047734126035329
-2.639551593235842 1.487423129345415 0 -1.487423129345415 -2.639551593235842
-2.284610259101596 1.292368843539789 0 -1.292368843539789 -2.284610259101596
-1.975965620808076 1.122756421146361 0 -1.122756421146361 -1.975965620808076
-1.707578982457298 0.9752673601979083 0 -0.9752673601979084 -1.707578982457298
-1.474199298333668 0.8470160036199857 0 -0.8470160036199859 -1.474199298333668
-1.271260441198747 0.7354930841008411 0 -0.7354930841008412 -1.271260441198747
-1.094791869574291 0.6385166322336657 0 -0.6385166322336658 -1.094791869574291
-0.9413409387380038 0.554189283339504 0 -0.5541892833395041 -0.9413409387380038
-0.807905346379848 0.4808611536868975 0 -0.4808611536868976 -0.807905346379848
-0.6918743995986163 0.4170975643856495 0 -0.4170975643856495 -0.6918743995986163
-0.5909779245538267 0.3616509652225106 0 -0.3616509652225107 -0.5909779245538267
-0.5032418607841574 0.3134365319845763 0 -0.3134365319845763 -0.5032418607841574
-0.4269496276376404 0.2715109357865239 0 -0.2715109357865239 -0.4269496276376404
-0.3606085564623519 0.2350538962330815 0 -0.2350538962330816 -0.3606085564623519
-0.3029206717091805 0.2033521244808214 0 -0.2033521244808215 -0.3029206717091805
-0.2527572922231746 0.1757853656441639 0 -0.175785365644164 -0.2527572922231746
-0.2091369640418362 0.1518142719963297 0 -0.1518142719963297 -0.2091369640418362
-0.1712062446338785 0.1309698431493447 0 -0.1309698431493447 -0.1712062446338785
-0.1382230102435576 0.1128442527802869 0 -0.1128442527802869 -0.1382230102435576
-0.1095419346190168 0.09708286861879413 0 -0.09708286861879414 -0.1095419346190168
-0.08460186944439005 0.08337731749596303 0 -0.08337731749596304 -0.08460186944439005
-0.06291485538073335 0.07145944647718876 0 -0.07145944647718877 -0.06291485538073335
-0.0440565824772006 0.0610960804812312 0 -0.0610960804812312 -0.0440565824772006
-0.02765808435495294 0.05208445790613157 0 -0.05208445790613157 -0.02765808435495294
-0.01339852050525038 0.044248264216862 0 -0.044248264216862 -0.01339852050525038
-0.0009989018917740539 0.03743418391592108 0 -0.03743418391592108 -0.0009989018917740539
0.009783376046488365 0.03150889621243161 0 -0.03150889621243162 0.009783376046488365
-2.890921705306119 1.965142732719486 0 -1.965142732719486 -2.890921705306119
-2.502999926040458 1.707472131833359 0 -1.707472131833359 -2.502999926040458
-2.165676638520162 1.483410738959928 0 -1.483410738959928 -2.165676638520162
-1.87235204075634 1.288574745210064 0 -1.288574745210064 -1.87235204075634
-1.617287176598357 1.119152144249433 0 -1.119152144249433 -1.617287176598357
-1.39549164387729 0.9718281442969745 0 -0.9718281442969746 -1.39549164387729
-1.202625961943295 0.8437203173832349 0 -0.8437203173832351 -1.202625961943295
-1.03491667311232 0.7323222068954914 0 -0.7323222068954915 -1.03491667311232
-0.8890825098723507 0.6354542853704203 0 -0.6354542853704204 -0.8890825098723507
-0.7622701937011181 0.5512213099251143 0 -0.5512213099251144 -0.7622701937011181
-0.6519986173635645 0.4779752462744888 0 -0.4779752462744889 -0.6519986173635645
-0.5561102905099633 0.414283017276417 0 -0.4142830172764171 -0.5561102905099633
-0.472729138137099 0.358898471260037 0 -0.3588984712600371 -0.472729138137099
-0.40022378465377 0.3107379940760301 0 -0.3107379940760301 -0.40022378465377
-0.3371756522601436 0.2688593189746509 0 -0.2688593189746509 -0.3371756522601436
-0.28235119237441 0.2324430817921191 0 -0.2324430817921191 -0.28235119237441
-0.2346777476272065 0.2007767876810404 0 -0.2007767876810404 -0.2346777476272065
-0.193222579998637 0.1732408808987338 0 -0.1732408808987339 -0.193222579998637
-0.157174608860221 0.1492966146047828 0 -0.1492966146047828 -0.157174608860221
-0.1258285468842792 0.1284755134022623 0 -0.1284755134022623 -0.1258285468842792
-0.09857109955742296 0.110370206593693 0 -0.110370206593693 -0.09857109955742296
-0.0748689720038774 0.09462646191258553 0 -0.09462646191258554 -0.0748689720038774
-0.05425842547991387 0.08093624859826019 0 -0.08093624859826021 -0.05425842547991387
-0.0363362112968551 0.06903171540474047 0 -0.06903171540474048 -0.0363362112968551
-0.02075167727665048 0.05867994744492967 0 -0.05867994744492967 -0.02075167727665048
-0.007199908311450273 0.04967840992119965 0 -0.04967840992119966 -0.007199908311450273
0.0045842365949125 0.04185098732920559 0 -0.0418509873292056 0.0045842365949125
0.01483131996141777 0.03504453234393737 0 -0.03504453234393737 0.01483131996141777
-2.713151439949653 2.204326516704293 0 -2.204326516704294 -2.713151439949653
-2.348260640852709 1.91515724040917 0 -1.91515724040917 -2.348260640852709
-2.030964292680943 1.663705694908551 0 -1.663705694908551 -2.030964292680943
-1.755054424780664 1.445052177141533 0 -1.445052177141533 -1.755054424780664
-1.515132803776701 1.254918686012372 0 -1.254918686012372 -1.515132803776701
-1.306505308501944 1.08958521645609 0 -1.08958521645609 -1.306505308501944
-1.125090093990161 0.9458169810850747 0 -0.9458169810850748 -1.125090093990161
-0.9673377333638558 0.8208011240970946 0 -0.8208011240970947 -0.9673377333638558
-0.8301617685056828 0.7120916839541886 0 -0.7120916839541888 -0.8301617685056828
-0.7108783205109621 0.6175617357725177 0 -0.6175617357725178 -0.7108783205109621
-0.6071535858913729 0.5353617830247913 0 -0.5353617830247914 -0.6071535858913729
-0.516958164855943 0.4638835635396919 0 -0.463883563539692 -0.516958164855943
-0.4385273652845625 0.4017285911275768 0 -0.4017285911275768 -0.4385273652845625
-0.3703266666245887 0.3476807863511128 0 -0.3476807863511128 -0.3703266666245887
-0.3110217122746933 0.3006826960388382 0 -0.3006826960388382 -0.3110217122746933
-0.2594521896363071 0.2598147937044212 0 -0.2598147937044213 -0.2594521896363071
-0.2146091251854248 0.2242774863066859 0 -0.224277486306686 -0.2146091251854248
-0.1756151577125976 0.1933754811536469 0 -0.193375481153647 -0.1756151577125976
-0.141707360580351 0.1665041728560444 0 -0.1665041728560444 -0.141707360580351
-0.112222319486253 0.1431378177278498 0 -0.1431378177278498 -0.112222319486253
-0.08658315131356818 0.1228192464631014 0 -0.1228192464631014 -0.08658315131356818
-0.06428822299146435 0.1051509240392205 0 -0.1051509240392205 -0.06428822299146435
-0.04490132802209627 0.0897871647946067 0 -0.08978716479460672 -0.04490132802209627
-0.02804315865810109 0.07642737428547218 0 -0.07642737428547219 -0.02804315865810109
-0.01338388099921113 0.0648101651858725 0 -0.06481016518587251 -0.01338388099921113
-0.0006366827979402412 0.05470824404186574 0 -0.05470824404186575 -0.0006366827979402412
0.01044783547710136 0.04592396629190468 0 -0.04592396629190468 0.01044783547710136
0.0200865478100237 0.03828546327504236 0 -0.03828546327504236 0.0200865478100237
-2.515717656231447 2.427580065778021 0 -2.427580065778021 -2.515717656231447
-2.176468519096455 2.109020084259019 0 -2.10902008425902 -2.176468519096455
-1.881469268362382 1.83201140369002 0 -1.83201140369002 -1.881469268362382
-1.624948180837424 1.59113429021742 0 -1.59113429021742 -1.624948180837424
-1.401886368626594 1.381675933519671 0 -1.381675933519671 -1.401886368626594
-1.20791957656234 1.199538233134901 0 -1.199538233134901 -1.20791957656234
-1.039252799711301 1.041157623031394 0 -1.041157623031394 -1.039252799711301
-0.8925860370635987 0.903435353217951 0 -0.9034353532179511 -0.8925860370635987
-0.7650497225580868 0.783676858517008 0 -0.7836768585170081 -0.7650497225580868
-0.6541485792383718 0.6795390367830924 0 -0.6795390367830925 -0.6541485792383718
-0.5577128050112917 0.5889844116041231 0 -0.5889844116041232 -0.5577128050112917
-0.4738556103779257 0.510241259600153 0 -0.5102412596001531 -0.4738556103779257
-0.4009363119323396 0.4417689546699789 0 -0.441768954669979 -0.4009363119323396
-0.337528223184526 0.382227816996827 0 -0.382227816996827 -0.337528223184526
-0.2823907556440333 0.3304529155511199 0 -0.33045291555112 -0.2823907556440333
-0.2344451343764281 0.2854312646372592 0 -0.2854312646372592 -0.2344451343764281
-0.1927532885992785 0.2462820018493823 0 -0.2462820018493823 -0.1927532885992785
-0.1564995111640411 0.2122391660523812 0 -0.2122391660523812 -0.1564995111640411
-0.1249744879304275 0.182636700727056 0 -0.182636700727056 -0.1249744879304275
-0.09756142414718581 0.1568954264354971 0 -0.1568954264354972 -0.09756142414718581
-0.07372397551606434 0.1345117079107635 0 -0.1345117079107636 -0.07372397551606434
-0.05299575980199607 0.1150476053029916 0 -0.1150476053029917 -0.05299575980199607
-0.03497122367677177 0.09812229800986251 0 -0.09812229800986252 -0.03497122367677177
-0.0192977141649809 0.08340463964651609 0 -0.08340463964651611 -0.0192977141649809
-0.005668575504569208 0.07060667589502131 0 -0.07060667589502133 -0.005668575504569208
0.006182849637890855 0.05947801155636253 0 -0.05947801155636254 0.006182849637890855
0.01648843495182978 0.04980091379017543 0 -0.04980091379017544 0.01648843495182978
0.02544981421962424 0.04138604547822813 0 -0.04138604547822814 0.02544981421962424
-2.300421529476917 2.633114854720978 0 -2.633114854720979 -2.300421529476917
-1.989563331734844 2.287334108250034 0 -2.287334108250035 -1.989563331734844
-1.719251854473915 1.986655197203673 0 -1.986655197203674 -1.719251854473915
-1.484198396050191 1.725195274625931 0 -1.725195274625932 -1.484198396050191
-1.279804087152223 1.497838823297128 0 -1.497838823297128 -1.279804087152223
-1.102069906567078 1.300137562456897 0 -1.300137562456897 -1.102069906567078
-0.9475184441413539 1.128223421430843 0 -1.128223421430843 -0.9475184441413539
-0.813125867964552 0.9787328638451391 0 -0.9787328638451392 -0.813125867964552
-0.6962627590155851 0.8487410754966127 0 -0.8487410754966128 -0.6962627590155851
-0.5946426640286264 0.7357047375256272 0 -0.7357047375256273 -0.5946426640286264
-0.5062773663973377 0.637412272346937 0 -0.6374122723469371 -0.5062773663973377
-0.4294379774704276 0.5519405638492895 0 -0.5519405638492896 -0.4294379774704276
-0.3626211186661811 0.4776173403281037 0 -0.4776173403281038 -0.3626211186661811
-0.3045194994347329 0.4129884471062342 0 -0.4129884471062342 -0.3045194994347329
-0.2539963531344982 0.3567894104758651 0 -0.3567894104758652 -0.2539963531344982
-0.2100631848949545 0.3079206857034762 0 -0.3079206857034762 -0.2100631848949545
-0.171860428807566 0.2654261412034724 0 -0.2654261412034724 -0.171860428807566
-0.1386406422812536 0.2284743649077018 0 -0.2284743649077018 -0.1386406422812536
-0.1097538719597757 0.1963423861551832 0 -0.1963423861551832 -0.1097538719597757
-0.08463494115213127 0.1684015349622413 0 -0.1684015349622413 -0.08463494115213127
-0.06279239091657664 0.1441051407215969 0 -0.144105140721597 -0.06279239091657664
-0.04379886941877496 0.1229778418781886 0 -0.1229778418781886 -0.04379886941877496
-0.02728276310722216 0.104606276930947 0 -0.1046062769309471 -0.02728276310722216
-0.01292093168069215 0.08863100322922253 0 -0.08863100322922254 -0.01292093168069215
-0.0004323826558304683 0.07473946092626664 0 -0.07473946092626665 -0.0004323826558304683
0.01042722539379662 0.06265985869909065 0 -0.06265985869909066 0.01042722539379662
0.01987036120962471 0.05215585856288719 0 -0.05215585856288719 0.01987036120962471
0.02808178433068415 0.04302194465290558 0 -0.04302194465290559 0.02808178433068415
-2.068058073104305 2.81978015207641 0 -2.81978015207641 -2.068058073104305
-1.787471495239952 2.449437979749295 0 -2.449437979749295 -1.787471495239952
-1.543483165792606 2.127401307012744 0 -2.127401307012744 -1.543483165792606
-1.331319401113586 1.847369417752942 0 -1.847369417752942 -1.331319401113586
-1.146829173462539 1.603863430398112 0 -1.603863430398112 -1.146829173462539
-0.9864028895101095 1.39211909483681 0 -1.39211909483681 -0.9864028895101095
-0.8469017720843877 1.207993584405334 0 -1.207993584405334 -0.8469017720843877
-0.7255964524443672 1.047884444715756 0 -1.047884444715756 -0.7255964524443672
-0.6201135664958791 0.9086591067725266 0 -0.9086591067725267 -0.6201135664958791
-0.5283893176205154 0.7875935952212765 0 -0.7875935952212766 -0.5283893176205154
-0.4486291033349632 0.682319240159051 0 -0.6823192401590511 -0.4486291033349632
-0.3792723955473223 0.5907763230921259 0 -0.590776323092126 -0.3792723955473223
-0.3189622158843597 0.5111737878610254 0 -0.5111737878610255 -0.3189622158843597
-0.2665185787953477 0.4419541885768991 0 -0.4419541885768991 -0.2665185787953477
-0.2209154168832877 0.3817632336992806 0 -0.3817632336992806 -0.2209154168832877
-0.1812604956986116 0.329423275862491 0 -0.329423275862491 -0.1812604956986116
-0.146777954548319 0.2839102677415911 0 -0.2839102677415912 -0.146777954548319
-0.1167931373985517 0.2443337405798295 0 -0.2443337405798296 -0.1167931373985517
-0.09071938387064196 0.2099193698150408 0 -0.2099193698150408 -0.09071938387064196
-0.06804655463170933 0.1799938299084038 0 -0.1799938299084039 -0.06804655463170933
-0.04833104940475818 0.1539716192600951 0 -0.1539716192600951 -0.04833104940475818
-0.0311871322188166 0.1313436105322303 0 -0.1313436105322303 -0.0311871322188166
-0.01627937754719129 0.1116670804158204 0 -0.1116670804158204 -0.01627937754719129
-0.003316112749592696 0.0945570544048316 0 -0.09455705440483161 -0.003316112749592696
0.007956291384605421 0.07967877096667871 0 -0.07967877096667872 0.007956291384605421
0.01775838211834006 0.06674113295381202 0 -0.06674113295381204 0.01775838211834006
0.02628193781710256 0.05549101487098565 0 -0.05549101487098566 0.02628193781710256
0.0336937259882673 0.04570830269341294 0 -0.04570830269341294 0.0336937259882673
-1.820692303640388 2.98607699071641 0 -2.98607699071641 -1.820692303640388
-1.572372795058203 2.593881362827729 0 -2.593881362827729 -1.572372795058203
-1.356442786825795 2.252841685187302 0 -2.252841685187303 -1.356442786825795
-1.168677562327032 1.956285443841674 0 -1.956285443841674 -1.168677562327032
-1.005403456283833 1.698410454868154 0 -1.698410454868154 -1.005403456283833
-0.8634259736189558 1.474171335365489 0 -1.474171335365489 -0.8634259736189558
-0.7399672922041678 1.279180795346156 0 -1.279180795346156 -0.7399672922041678
-0.6326119169375114 1.109623803830194 0 -1.109623803830194 -0.6326119169375114
-0.5392594173207184 0.9621829426138033 0 -0.9621829426138034 -0.5392594173207184
-0.4580833304987343 0.8339734977640584 0 -0.8339734977640585 -0.4580833304987343
-0.3874954307975121 0.7224870269558228 0 -0.7224870269558229 -0.3874954307975121
-0.3261146487023996 0.6255422701320923 0 -0.6255422701320924 -0.3261146487023996
-0.2727400564806351 0.541242483018146 0 -0.5412424830181461 -0.2727400564806351
-0.226327365291602 0.4679383166769108 0 -0.4679383166769109 -0.226327365291602
-0.1859685040731186 0.4041955644186141 0 -0.4041955644186142 -0.1859685040731186
-0.150873844106153 0.3487670872930448 0 -0.3487670872930448 -0.150873844106153
-0.1203567476068146 0.3005684101482972 0 -0.3005684101482972 -0.1203567476068146
-0.09382014305420314 0.2586565187146888 0 -0.2586565187146889 -0.09382014305420314
-0.07074483520368421 0.2222113964493032 0 -0.2222113964493032 -0.07074483520368421
-0.05067935004173415 0.1905199856660217 0 -0.1905199856660217 -0.05067935004173415
-0.03323110071110227 0.1629622350049641 0 -0.1629622350049641 -0.03323110071110227
-0.01805871034521401 0.1389989741234654 0 -0.1389989741234654 -0.01805871034521401
-0.004865326890103078 0.1181613551313196 0 -0.1181613551313196 -0.004865326890103078
0.00660718034335632 0.100041686630147 0 -0.100041686630147 0.00660718034335632
0.01658327355654299 0.08428545320346044 0 -0.08428545320346045 0.01658327355654299
0.02525813738148219 0.07058438040376062 0 -0.07058438040376064 0.02525813738148219
0.03280149593626243 0.05867040609834796 0 -0.05867040609834797 0.03280149593626243
0.03936093869502702 0.04831042759298749 0 -0.0483104275929875 0.03936093869502702
-1.560105526143942 3.130795267794459 0 -3.13079526779446 -1.560105526143942
-1.345807777842785 2.71960623422531 0 -2.71960623422531 -1.345807777842785
-1.159461909090633 2.362050551586476 0 -2.362050551586476 -1.159461909090633
-0.9974220232633449 2.051132566767883 0 -2.051132566767884 -0.9974220232633449
-0.8565177766307823 1.78076910537872 0 -1.78076910537872 -0.8565177766307823
-0.7339923455107378 1.545670444710148 0 -1.545670444710148 -0.7339923455107378
-0.6274484916408657 1.341236825352121 0 -1.341236825352121 -0.6274484916408657
-0.5348016620823431 1.163468460488728 0 -1.163468460488728 -0.5348016620823431
-0.4542392021274803 1.008887274669445 0 -1.008887274669445 -0.4542392021274803
-0.3841848889517891 0.8744688518889443 0 -0.8744688518889444 -0.3841848889517891
-0.3232680965110802 0.7575832699806078 0 -0.7575832699806079 -0.3232680965110802
-0.2702969728686014 0.6559436339588087 0 -0.6559436339588088 -0.2702969728686014
-0.2242351270034747 0.5675613432635457 0 -0.5675613432635458 -0.2242351270034747
-0.184181346004972 0.4907071736321585 0 -0.4907071736321586 -0.184181346004972
-0.1493519718148349 0.423877462043517 0 -0.4238774620435171 -0.1493519718148349
-0.1190655611689057 0.3657646726068583 0 -0.3657646726068584 -0.1190655611689057
-0.09272955115568982 0.3152318107767776 0 -0.3152318107767776 -0.09272955115568982
-0.06982867383174517 0.271290193613895 0 -0.2712901936138951 -0.06982867383174517
-0.04991486785670803 0.2330800924883745 0 -0.2330800924883746 -0.04991486785670803
-0.03259851477060731 0.1998539174731873 0 -0.1998539174731873 -0.03259851477060731
-0.01754081525798912 0.1709615891148601 0 -0.1709615891148602 -0.01754081525798912
-0.004447163815457032 0.14583782591517 0 -0.14583782591517 -0.004447163815457032
0.006938620503491269 0.1239910744320182 0 -0.1239910744320183 0.006938620503491269
0.01683930241743511 0.104993899426015 0 -0.104993899426015 0.01683930241743511
0.02544859100951842 0.08847461686724001 0 -0.08847461686724002 0.02544859100951842
0.03293492905487726 0.07411002307077816 0 -0.07411002307077817 0.03293492905487726
0.03944478710891189 0.0616190740844706 0 -0.06161907408447061 0.03944478710891189
0.04510553370646864 0.05075737842419795 0 -0.05075737842419795 0.04510553370646864
-1.288174817051784 3.252879845214788 0 -3.252879845214788 -1.288174817051784
-1.10940016892939 2.825687835867602 0 -2.825687835867602 -1.10940016892939
-0.9539439526166984 2.45421652206783 0 -2.454216522067831 -0.9539439526166984
-0.8187646341207553 2.131197988416938 0 -2.131197988416939 -0.8187646341207553
-0.7012174022418356 1.85031231079471 0 -1.85031231079471 -0.7012174022418356
-0.5990024186119203 1.606063896934836 0 -1.606063896934836 -0.5990024186119203
-0.5101198235488008 1.393673970400019 0 -1.393673970400019 -0.5101198235488008
-0.4328306103616248 1.20898707754886 0 -1.20898707754886 -0.4328306103616248
-0.3656225993373328 1.048389780475506 0 -1.048389780475506 -0.3656225993373328
-0.3071808504775185 0.9087399565917031 0 -0.9087399565917033 -0.3071808504775185
-0.2563619397812281 0.7873053303670711 0 -0.7873053303670712 -0.2563619397812281
-0.2121715828367226 0.6817100036518046 0 -0.6817100036518047 -0.2121715828367226
-0.1737451861448003 0.589887981977029 0 -0.5898879819770291 -0.1737451861448003
-0.1403309264955776 0.5100427417804155 0 -0.5100427417804156 -0.1403309264955776
-0.1112750490329053 0.4406120993096369 0 -0.440612099309637 -0.1112750490329053
-0.08600907004320922 0.380237630971484 0 -0.3802376309714841 -0.08600907004320922
-0.0640386528998433 0.327738091779309 0 -0.327738091779309 -0.0640386528998433
-0.04493394313159713 0.2820863204593428 0 -0.2820863204593429 -0.04493394313159713
-0.02832115235713779 0.2423891287918387 0 -0.2423891287918387 -0.02832115235713779
-0.01387524728220314 0.2078698315614269 0 -0.207869831561427 -0.01387524728220314
-0.001313589713510477 0.1778530490150198 0 -0.1778530490150198 -0.001313589713510477
0.009609590524418711 0.1517514995877934 0 -0.1517514995877934 0.009609590524418711
0.01910800850292641 0.1290544991770886 0 -0.1290544991770887 0.01910800850292641
0.0273675023117444 0.1093179772852177 0 -0.1093179772852177 0.0273675023117444
0.03454967081717758 0.09215578439305179 0 -0.0921557843930518 0.03454967081717758
0.04079503485107056 0.07723213812237677 0 -0.07723213812237678 0.04079503485107056
0.04622578525401577 0.06425505663312389 0 -0.06425505663312391 0.04622578525401577
0.05094817729551335 0.05297063702262569 0 -0.05297063702262569 0.05094817729551335
-1.006865510375451 3.351455045475562 0 -3.351455045475562 -1.006865510375451
-0.8648564647564454 2.911372891181629 0 -2.91137289118163 -0.8648564647564454
-0.7413703376910885 2.528692755649084 0 -2.528692755649084 -0.7413703376910885
-0.6339910967939499 2.195927420494086 0 -2.195927420494087 -0.6339910967939499
-0.5406178451075473 1.906566263418132 0 -1.906566263418133 -0.5406178451075473
-0.4594237136929588 1.654947867468756 0 -1.654947867468757 -0.4594237136929588
-0.3888201206800808 1.436149260812683 0 -1.436149260812684 -0.3888201206800808
-0.3274256919026848 1.245889602632288 0 -1.245889602632288 -0.3274256919026848
-0.2740392324480021 1.080446422695875 0 -1.080446422695875 -0.2740392324480021
-0.2276162241129186 0.9365827876164906 0 -0.9365827876164907 -0.2276162241129186
-0.1872483918549752 0.8114839778412777 0 -0.8114839778412778 -0.1872483918549752
-0.1521459291671113 0.7027024045734621 0 -0.7027024045734622 -0.1521459291671113
-0.121622049086188 0.6081097337695047 0 -0.6081097337695048 -0.121622049086188
-0.09507954335236039 0.5258552333411396 0 -0.5258552333411397 -0.09507954335236039
-0.07199910397556479 0.4543295820087446 0 -0.4543295820087447 -0.07199910397556479
-0.05192915781351139 0.3921333669362578 0 -0.3921333669362578 -0.05192915781351139
-0.03447703021516908 0.3380497001035429 0 -0.338049700103543 -0.03447703021516908
-0.01930126771466475 0.2910204265445031 0 -0.2910204265445031 -0.01930126771466475
-0.00610495275766914 0.2501254068666976 0 -0.2501254068666977 -0.00610495275766914
0.005370103769303858 0.2145645200582413 0 -0.2145645200582414 0.005370103769303858
0.0153484145726426 0.1836420073731794 0 -0.1836420073731795 0.0153484145726426
0.02402520637172745 0.1567528665395364 0 -0.1567528665395364 0.02402520637172745
0.03157024302085451 0.1333710040088742 0 -0.1333710040088742 0.03157024302085451
0.03813114438693237 0.1130389498449468 0 -0.1130389498449468 0.03813114438693237
0.04383627599056529 0.09535890280489515 0 -0.09535890280489516 0.04383627599056529
0.04879726008596785 0.07998494857116395 0 -0.07998494857116396 0.04879726008596785
0.05311115855992411 0.06661629500724171 0 -0.06661629500724173 0.05311115855992411
0.05686237493145752 0.05499137791262266 0 -0.05499137791262267 0.05686237493145752
-0.7182116997718212 3.425819341489819 0 -3.42581934148982 -0.7182116997718212
-0.6139437191968873 2.976063281626937 0 -2.976063281626938 -0.6139437191968873
-0.5232759096781343 2.584971054265321 0 -2.584971054265322 -0.5232759096781343
-0.4444343362050508 2.244890856652257 0 -2.244890856652257 -0.4444343362050508
-0.3758764471591981 1.949168949699118 0 -1.949168949699118 -0.3758764471591981
-0.3162608918244478 1.692019466933169 0 -1.692019466933169 -0.3162608918244478
-0.2644212781385864 1.468411219534438 0 -1.468411219534438 -0.2644212781385864
-0.2193433531425636 1.273969265051273 0 -1.273969265051273 -0.2193433531425636
-0.1801451577521114 1.10488930574511 0 -1.104889305745111 -0.1801451577521114
-0.1460597703726447 0.9578632538147237 0 -0.9578632538147238 -0.1460597703726447
-0.1164203038768562 0.8300145164163492 0 -0.8300145164163493 -0.1164203038768562
-0.09064685485664384 0.7188417017469751 0 -0.7188417017469753 -0.09064685485664384
-0.06823516043621879 0.6221696906290706 0 -0.6221696906290707 -0.06823516043621879
-0.04874672953943159 0.5381070680989537 0 -0.5381070680989538 -0.04874672953943159
-0.03180026817768706 0.4650091367047663 0 -0.4650091367047664 -0.03180026817768706
-0.01706421564354634 0.4014457216549871 0 -0.4014457216549872 -0.01706421564354634
-0.004250256550424877 0.3461731852426781 0 -0.3461731852426781 -0.004250256550424877
0.006892316112570192 0.2981101120920224 0 -0.2981101120920224 0.006892316112570192
0.01658150954105247 0.2563161362653628 0 -0.2563161362653628 0.01658150954105247
0.02500689516233658 0.2199735484549991 0 -0.2199735484549991 0.02500689516233658
0.03233331801433202 0.1883712957151515 0 -0.1883712957151515 0.03233331801433202
0.03870412034467743 0.1608910765868836 0 -0.1608910765868836 0.03870412034467743
0.04424394867983124 0.1369952329098813 0 -0.1369952329098814 0.04424394867983124
0.04906119066051174 0.1162162386233303 0 -0.1162162386233303 0.04906119066051174
0.05325009671668625 0.09814754799968571 0 -0.09814754799968572 0.05325009671668625
0.05689262378978378 0.08243564281741605 0 -0.08243564281741607 0.05689262378978378
0.06006003809303499 0.06877311891383213 0 -0.06877311891383214 0.06006003809303499
0.06281431162578423 0.05689266237249167 0 -0.05689266237249167 0.06281431162578423
2 2 1 2184
1705
1706
1707
1708
1709
1710
1711
1712
1713
1714
1715
1716
1717
1718
1719
1720
1721
1722
1723
1724
1725
1726
1727
1728
1729
1730
1731
1732
1733
1734
1735
1736
1737
1738
1739
1740
1741
1742
1743
1744
1745
1746
1747
1748
1749
1750
1751
1752
1753
1754
1755
1756
1757
1758
1759
1760
1761
1762
1763
1764
1765
1766
1767
1768
1769
1770
1771
1772
1773
1774
1775
1776
1777
1778
1779
1780
1781
1782
1783
1784
1785
1786
1787
1788
1789
1790
1791
1792
1793
1794
1795
1796
1797
1798
1799
1800
1801
1802
1803
1804
1805
1806
1807
1808
1809
1810
1811
1812
1813
1814
1815
1816
1817
1818
1819
1820
1821
1822
1823
1824
1825
1826
1827
1828
1829
1830
1831
1832
1833
1834
1835
1836
1837
1838
1839
1840
1841
1842
1843
1844
1845
1846
1847
1848
1849
1850
1851
1852
1853
1854
1855
1856
1857
1858
1859
1860
1861
1862
1863
1864
1865
1866
1867
1868
1869
1870
1871
1872
1873
1874
1875
1876
1877
1878
1879
1880
1881
1882
1883
1884
1885
1886
1887
1888
1889
1890
1891
1892
1893
1894
1895
1896
1897
1898
1899
1900
1901
1902
1903
1904
1905
1906
1907
1908
1909
1910
1911
1912
1913
1914
1915
1916
1917
1918
1919
1920
1921
1922
1923
1924
1925
1926
1927
1928
1929
1930
1931
1932
1933
1934
1935
1936
1937
1938
1939
1940
1941
1942
1943
1944
1945
1946
1947
1948
1949
1950
1951
1952
1953
1954
1955
1956
1957
1958
1959
1960
1961
1962
1963
1964
1965
1966
1967
1968
1969
1970
1971
1972
1973
1974
1975
1976
1977
1978
1979
1980
1981
1982
1983
1984
1985
1986
1987
1988
1989
1990
1991
1992
1993
1994
1995
1996
1997
1998
1999
2000
2001
2002
2003
2004
2005
2006
2007
2008
2009
2010
2011
2012
2013
2014
2015
2016
2017
2018
2019
2020
2021
2022
2023
2024
2025
2026
2027
2028
2029
2030
2031
2032
2033
2034
2035
2036
2037
2038
2039
2040
2041
2042
2043
2044
2045
2046
2047
2048
2049
2050
2051
2052
2053
2054
2055
2056
2057
2058
2059
2060
2061
2062
2063
2064
2065
2066
2067
2068
2069
2070
2071
2072
2073
2074
2075
2076
2077
2078
2079
2080
2081
2082
2083
2084
2085
2086
2087
2088
2089
2090
2091
2092
2093
2094
2095
2096
2097
2098
2099
2100
2101
2102
2103
2104
2105
2106
2107
2108
2109
2110
2111
2112
2113
2114
2115
2116
2117
2118
2119
2120
2121
2122
2123
2124
2125
2126
2127
2128
2129
2130
2131
2132
2133
2134
2135
2136
2137
2138
2139
2140
2141
2142
2143
2144
2145
2146
2147
2148
2149
2150
2151
2152
2153
2154
2155
2156
2157
2158
2159
2160
2161
2162
2163
2164
2165
2166
2167
2168
2169
2170
2171
2172
2173
2174
2175
2176
2177
2178
2179
2180
2181
2182
2183
2184
2185
2186
2187
2188
2189
2190
2191
2192
2193
2194
2195
2196
2197
2198
2199
2200
2201
2202
2203
2204
2205
2206
2207
2208
2209
2210
2211
2212
2213
2214
2215
2216
2217
2218
2219
2220
2221
2222
2223
2224
2225
2226
2227
2228
2229
2230
2231
2232
2233
2234
2235
2236
2237
2238
2239
2240
2241
2242
2243
2244
2245
2246
2247
2248
2249
2250
2251
2252
2253
2254
2255
2256
2257
2258
2259
2260
2261
2262
2263
2264
2265
2266
2267
2268
2269
2270
2271
2272
2273
2274
2275
2276
2277
2278
2279
2280
2281
2282
2283
2284
2285
2286
2287
2288
2289
2290
2291
2292
2293
2294
2295
2296
2297
2298
2299
2300
2301
2302
2303
2304
2305
2306
2307
2308
2309
2310
2311
2312
2313
2314
2315
2316
2317
2318
2319
2320
2321
2322
2323
2324
2325
2326
2327
2328
2329
2330
2331
2332
2333
2334
2335
2336
2337
2338
2339
2340
2341
2342
2343
2344
2345
2346
2347
2348
2349
2350
2351
2352
2353
2354
2355
2356
2357
2358
2359
2360
2361
2362
2363
2364
2365
2366
2367
2368
2369
2370
2371
2372
2373
2374
2375
2376
2377
2378
2379
2380
2381
2382
2383
2384
2385
2386
2387
2388
2389
2390
2391
2392
2393
2394
2395
2396
2397
2398
2399
2400
2401
2402
2403
2404
2405
2406
2407
2408
2409
2410
2411
2412
2413
2414
2415
2416
2417
2418
2419
2420
2421
2422
2423
2424
2425
2426
2427
2428
2429
2430
2431
2432
2433
2434
2435
2436
2437
2438
2439
2440
2441
2442
2443
2444
2445
2446
2447
2448
2449
2450
2451
2452
2453
2454
2455
2456
2457
2458
2459
2460
2461
2462
2463
2464
2465
2466
2467
2468
2469
2470
2471
2472
2473
2474
2475
2476
2477
2478
2479
2480
2481
2482
2483
2484
2485
2486
2487
2488
2489
2490
2491
2492
2493
2494
2495
2496
2497
2498
2499
2500
2501
2502
2503
2504
2505
2506
2507
2508
2509
2510
2511
2512
2513
2514
2515
2516
2517
2518
2519
2520
2521
2522
2523
2524
2525
2526
2527
2528
2529
2530
2531
2532
2533
2534
2535
2536
2537
2538
2539
2540
2541
2542
2543
2544
2545
2546
2547
2548
2549
2550
2551
2552
2553
2554
2555
2556
2557
2558
2559
2560
2561
2562
2563
2564
2565
2566
2567
2568
2569
2570
2571
2572
2573
2574
2575
2576
2577
2578
2579
2580
2581
2582
2583
2584
2585
2586
2587
2588
2589
2590
2591
2592
2593
2594
2595
2596
2597
2598
2599
2600
2601
2602
2603
2604
2605
2606
2607
2608
2609
2610
2611
2612
2613
2614
2615
2616
2617
2618
2619
2620
2621
2622
2623
2624
2625
2626
2627
2628
2629
2630
2631
2632
2633
2634
2635
2636
2637
2638
2639
2640
2641
2642
2643
2644
2645
2646
2647
2648
2649
2650
2651
2652
2653
2654
2655
2656
2657
2658
2659
2660
2661
2662
2663
2664
2665
2666
2667
2668
2669
2670
2671
2672
2673
2674
2675
2676
2677
2678
2679
2680
2681
2682
2683
2684
2685
2686
2687
2688
2689
2690
2691
2692
2693
2694
2695
2696
2697
2698
2699
2700
2701
2702
2703
2704
2705
2706
2707
2708
2709
2710
2711
2712
2713
2714
2715
2716
2717
2718
2719
2720
2721
2722
2723
2724
2725
2726
2727
2728
2729
2730
2731
2732
2733
2734
2735
2736
2737
2738
2739
2740
2741
2742
2743
2744
2745
2746
2747
2748
2749
2750
2751
2752
2753
2754
2755
2756
2757
2758
2759
2760
2761
2762
2763
2764
2765
2766
2767
2768
2769
2770
2771
2772
2773
2774
2775
2776
2777
2778
2779
2780
2781
2782
2783
2784
2785
2786
2787
2788
2789
2790
2791
2792
2793
2794
2795
2796
2797
2798
2799
2800
2801
2802
2803
2804
2805
2806
2807
2808
2809
2810
2811
2812
2813
2814
2815
2816
2817
2818
2819
2820
2821
2822
2823
2824
2825
2826
2827
2828
2829
2830
2831
2832
2833
2834
2835
2836
2837
2838
2839
2840
2841
2842
2843
2844
2845
2846
2847
2848
2849
2850
2851
2852
2853
2854
2855
2856
2857
2858
2859
2860
2861
2862
2863
2864
2865
2866
2867
2868
2869
2870
2871
2872
2873
2874
2875
2876
2877
2878
2879
2880
2881
2882
2883
2884
2885
2886
2887
2888
2889
2890
2891
2892
2893
2894
2895
2896
2897
2898
2899
2900
2901
2902
2903
2904
2905
2906
2907
2908
2909
2910
2911
2912
2913
2914
2915
2916
2917
2918
2919
2920
2921
2922
2923
2924
2925
2926
2927
2928
2929
2930
2931
2932
2933
2934
2935
2936
2937
2938
2939
2940
2941
2942
2943
2944
2945
2946
2947
2948
2949
2950
2951
2952
2953
2954
2955
2956
2957
2958
2959
2960
2961
2962
2963
2964
2965
2966
2967
2968
2969
2970
2971
2972
2973
2974
2975
2976
2977
2978
2979
2980
2981
2982
2983
2984
2985
2986
2987
2988
2989
2990
2991
2992
2993
2994
2995
2996
2997
2998
2999
3000
3001
3002
3003
3004
3005
3006
3007
3008
3009
3010
3011
3012
3013
3014
3015
3016
3017
3018
3019
3020
3021
3022
3023
3024
3025
3026
3027
3028
3029
3030
3031
3032
3033
3034
3035
3036
3037
3038
3039
3040
3041
3042
3043
3044
3045
3046
3047
3048
3049
3050
3051
3052
3053
3054
3055
3056
3057
3058
3059
3060
3061
3062
3063
3064
3065
3066
3067
3068
3069
3070
3071
3072
3073
3074
3075
3076
3077
3078
3079
3080
3081
3082
3083
3084
3085
3086
3087
3088
3089
3090
3091
3092
3093
3094
3095
3096
3097
3098
3099
3100
3101
3102
3103
3104
3105
3106
3107
3108
3109
3110
3111
3112
3113
3114
3115
3116
3117
3118
3119
3120
3121
3122
3123
3124
3125
3126
3127
3128
3129
3130
3131
3132
3133
3134
3135
3136
3137
3138
3139
3140
3141
3142
3143
3144
3145
3146
3147
3148
3149
3150
3151
3152
3153
3154
3155
3156
3157
3158
3159
3160
3161
3162
3163
3164
3165
3166
3167
3168
3169
3170
3171
3172
3173
3174
3175
3176
3177
3178
3179
3180
3181
3182
3183
3184
3185
3186
3187
3188
3189
3190
3191
3192
3193
3194
3195
3196
3197
3198
3199
3200
3201
3202
3203
3204
3205
3206
3207
3208
3209
3210
3211
3212
3213
3214
3215
3216
3217
3218
3219
3220
3221
3222
3223
3224
3225
3226
3227
3228
3229
3230
3231
3232
3233
3234
3235
3236
3237
3238
3239
3240
3241
3242
3243
3244
3245
3246
3247
3248
3249
3250
3251
3252
3253
3254
3255
3256
3257
3258
3259
3260
3261
3262
3263
3264
3265
3266
3267
3268
3269
3270
3271
3272
3273
3274
3275
3276
3277
3278
3279
3280
3281
3282
3283
3284
3285
3286
3287
3288
3289
3290
3291
3292
3293
3294
3295
3296
3297
3298
3299
3300
3301
3302
3303
3304
3305
3306
3307
3308
3309
3310
3311
3312
3313
3314
3315
3316
3317
3318
3319
3320
3321
3322
3323
3324
3325
3326
3327
3328
3329
3330
3331
3332
3333
3334
3335
3336
3337
3338
3339
3340
3341
3342
3343
3344
3345
3346
3347
3348
3349
3350
3351
3352
3353
3354
3355
3356
3357
3358
3359
3360
3361
3362
3363
3364
3365
3366
3367
3368
3369
3370
3371
3372
3373
3374
3375
3376
3377
3378
3379
3380
3381
3382
3383
3384
3385
3386
3387
3388
3389
3390
3391
3392
3393
3394
3395
3396
3397
3398
3399
3400
3401
3402
3403
3404
3405
3406
3407
3408
3409
3410
3411
3412
3413
3414
3415
3416
3417
3418
3419
3420
3421
3422
3423
3424
3425
3426
3427
3428
3429
3430
3431
3432
3433
3434
3435
3436
3437
3438
3439
3440
3441
3442
3443
3444
3445
3446
3447
3448
3449
3450
3451
3452
3453
3454
3455
3456
3457
3458
3459
3460
3461
3462
3463
3464
3465
3466
3467
3468
3469
3470
3471
3472
3473
3474
3475
3476
3477
3478
3479
3480
3481
3482
3483
3484
3485
3486
3487
3488
3489
3490
3491
3492
3493
3494
3495
3496
3497
3498
3499
3500
3501
3502
3503
3504
3505
3506
3507
3508
3509
3510
3511
3512
3513
3514
3515
3516
3517
3518
3519
3520
3521
3522
3523
3524
3525
3526
3527
3528
3529
3530
3531
3532
3533
3534
3535
3536
3537
3538
3539
3540
3541
3542
3543
3544
3545
3546
3547
3548
3549
3550
3551
3552
3553
3554
3555
3556
3557
3558
3559
3560
3561
3562
3563
3564
3565
3566
3567
3568
3569
3570
3571
3572
3573
3574
3575
3576
3577
3578
3579
3580
3581
3582
3583
3584
3585
3586
3587
3588
3589
3590
3591
3592
3593
3594
3595
3596
3597
3598
3599
3600
3601
3602
3603
3604
3605
3606
3607
3608
3609
3610
3611
3612
3613
3614
3615
3616
3617
3618
3619
3620
3621
3622
3623
3624
3625
3626
3627
3628
3629
3630
3631
3632
3633
3634
3635
3636
3637
3638
3639
3640
3641
3642
3643
3644
3645
3646
3647
3648
3649
3650
3651
3652
3653
3654
3655
3656
3657
3658
3659
3660
3661
3662
3663
3664
3665
3666
3667
3668
3669
3670
3671
3672
3673
3674
3675
3676
3677
3678
3679
3680
3681
3682
3683
3684
3685
3686
3687
3688
3689
3690
3691
3692
3693
3694
3695
3696
3697
3698
3699
3700
3701
3702
3703
3704
3705
3706
3707
3708
3709
3710
3711
3712
3713
3714
3715
3716
3717
3718
3719
3720
3721
3722
3723
3724
3725
3726
3727
3728
3729
3730
3731
3732
3733
3734
3735
3736
3737
3738
3739
3740
3741
3742
3743
3744
3745
3746
3747
3748
3749
3750
3751
3752
3753
3754
3755
3756
3757
3758
3759
3760
3761
3762
3763
3764
3765
3766
3767
3768
3769
3770
3771
3772
3773
3774
3775
3776
3777
3778
3779
3780
3781
3782
3783
3784
3785
3786
3787
3788
3789
3790
3791
3792
3793
3794
3795
3796
3797
3798
3799
3800
3801
3802
3803
3804
3805
3806
3807
3808
3809
3810
3811
3812
3813
3814
3815
3816
3817
3818
3819
3820
3821
3822
3823
3824
3825
3826
3827
3828
3829
3830
3831
3832
3833
3834
3835
3836
3837
3838
3839
3840
3841
3842
3843
3844
3845
3846
3847
3848
3849
3850
3851
3852
3853
3854
3855
3856
3857
3858
3859
3860
3861
3862
3863
3864
3865
3866
3867
3868
3869
3870
3871
3872
3873
3874
3875
3876
3877
3878
3879
3880
3881
3882
3883
3884
3885
3886
3887
3888
0.08021285334110524 0.06199696440917429 0 -0.06199696440917429 0.08021285334110524
0.09169767530166179 0.06508143432237548 0 -0.06508143432237548 0.09169767530166179
0.1032655415949789 0.0678414051207899 0 -0.0678414051207899 0.1032655415949789
0.1148875472839713 0.07036495046290317 0 -0.07036495046290317 0.1148875472839713
0.1265543005107992 0.07267387184288526 0 -0.07267387184288526 0.1265543005107992
0.138258070319069 0.07478829880997735 0 -0.07478829880997735 0.138258070319069
0.1499937154831165 0.07671878109007486 0 -0.07671878109007486 0.1499937154831165
0.1617556204524639 0.07848318474635435 0 -0.07848318474635435 0.1617556204524639
0.1735405966649218 0.08008693499028641 0 -0.08008693499028641 0.1735405966649218
0.1853449338203094 0.08154222850601911 0 -0.08154222850601911 0.1853449338203094
0.1971658113009916 0.08285709745466716 0 -0.08285709745466716 0.1971658113009916
0.2090010859807012 0.0840359698110117 0 -0.0840359698110117 0.2090010859807012
0.2208483310521561 0.08508860637190221 0 -0.08508860637190221 0.2208483310521561
0.2327058389677883 0.08601887462622704 0 -0.08601887462622704 0.2327058389677883
0.2445721012023863 0.08683065908437514 0 -0.08683065908437514 0.2445721012023863
0.2564454895190625 0.08753084945597564 0 -0.08753084945597564 0.2564454895190625
0.2683248182178636 0.08812257122297806 0 -0.08812257122297806 0.2683248182178636
0.2802089372255114 0.08860906751855543 0 -0.08860906751855543 0.2802089372255114
0.2920967680297017 0.08899513852721583 0 -0.08899513852721583 0.2920967680297017
0.3039873784857472 0.0892836258004594 0 -0.0892836258004594 0.3039873784857472
0.3158799251404942 0.08947682041731445 0 -0.08947682041731445 0.3158799251404942
0.3277736290530837 0.08957810471972324 0 -0.08957810471972324 0.3277736290530837
0.3396677488427601 0.0895905034138032 0 -0.0895905034138032 0.3396677488427601
0.3515616433653759 0.0895154409336319 0 -0.0895154409336319 0.3515616433653759
0.3634546755547551 0.08935441721542092 0 -0.08935441721542092 0.3634546755547551
0.3753463562628503 0.08911308452399253 0 -0.08911308452399253 0.3753463562628503
0.3872362002460843 0.08879436216967528 0 -0.08879436216967528 0.3872362002460843
0.3991235170212755 0.08839255653381414 0 -0.08839255653381414 0.3991235170212755
0.4110082622942388 0.08792085397803295 0 -0.08792085397803295 0.4110082622942388
0.4228907252150014 0.08739510911605081 0 -0.08739510911605081 0.4228907252150014
0.4347706083607037 0.08681404096791098 0 -0.08681404096791098 0.4347706083607037
0.4466475917576703 0.08617655113206196 0 -0.08617655113206196 0.4466475917576703
0.4585217381493563 0.08548839371077016 0 -0.08548839371077016 0.4585217381493563
0.4703929403147711 0.08475155732124381 0 -0.08475155732124381 0.4703929403147711
0.4822608931838245 0.08396425628365585 0 -0.08396425628365585 0.4822608931838245
0.4941255957114808 0.08312958704210333 0 -0.08312958704210333 0.4941255957114808
0.5059869978939853 0.08224948591414766 0 -0.08224948591414766 0.5059869978939853
0.5178447704550452 0.08132193001640219 0 -0.08132193001640219 0.5178447704550452
0.5296989348713182 0.08034951292319348 0 -0.08034951292319348 0.5296989348713182
0.5415495690977995 0.07933519731569169 0 -0.07933519731569169 0.5415495690977995
0.5533963688719404 0.07827718327971331 0 -0.07827718327971331 0.5533963688719404
0.5652392450601023 0.07717630099882755 0 -0.07717630099882755 0.5652392450601023
0.577078337627791 0.07603558043643724 0 -0.07603558043643724 0.577078337627791
0.5889134945130712 0.07485497599844843 0 -0.07485497599844843 0.5889134945130712
0.6007444399142469 0.07363302751626757 0 -0.07363302751626757 0.6007444399142469
0.6125713432587905 0.07237268263162587 0 -0.07237268263162587 0.6125713432587905
0.6243942261684889 0.07107533557457092 0 -0.07107533557457092 0.6243942261684889
0.6362126583602871 0.06973825492888043 0 -0.06973825492888043 0.6362126583602871
0.6480267967579164 0.06836382898327495 0 -0.06836382898327495 0.6480267967579164
0.659836763072373 0.06695423148513968 0 -0.06695423148513968 0.659836763072373
0.6716420891874906 0.06550640791805282 0 -0.06550640791805282 0.6716420891874906
0.6834428481266228 0.06402200913840091 0 -0.06402200913840091 0.6834428481266228
0.6952392829872354 0.06250372678803977 0 -0.06250372678803977 0.6952392829872354
0.7070309042048615 0.06094864530743642 0 -0.06094864530743642 0.7070309042048615
0.7188176998433213 0.05935757672657896 0 -0.05935757672657896 0.7188176998433213
0.7305999403311383 0.05773325845222614 0 -0.05773325845222614 0.7305999403311383
0.7423770829766357 0.05607253001285105 0 -0.05607253001285105 0.7423770829766357
0.7541491346791972 0.05437625908291323 0 -0.05437625908291323 0.7541491346791972
0.7659164380952432 0.05264750391778734 0 -0.05264750391778734 0.7659164380952432
0.7776783370271222 0.05088254800401755 0 -0.05088254800401755 0.7776783370271222
0.7894349472138532 0.04908278537023256 0 -0.04908278537023256 0.7894349472138532
0.8011864815975281 0.04725032225025054 0 -0.04725032225025054 0.8011864815975281
0.8129321558902229 0.04538082674756811 0 -0.04538082674756811 0.8129321558902229
0.8246724054870986 0.04347764221917815 0 -0.04347764221917815 0.8246724054870986
0.8364069626234986 0.04153984858820538 0 -0.04153984858820538 0.8364069626234986
0.8481353618213918 0.03956529330323442 0 -0.03956529330323442 0.8481353618213918
0.8598582106500888 0.03755829147000123 0 -0.03755829147000123 0.8598582106500888
0.8715745420595806 0.03551359226935267 0 -0.03551359226935267 0.8715745420595806
0.8832849309736701 0.03343535392587155 0 -0.03343535392587155 0.8832849309736701
0.8949885123601399 0.03131925908346492 0 -0.03131925908346492 0.8949885123601399
0.9066857274931087 0.02916827856870536 0 -0.02916827856870536 0.9066857274931087
0.918375872894981 0.02697924277836362 0 -0.02697924277836362 0.918375872894981
0.9300593187661839 0.02475509907542626 0 -0.02475509907542626 0.9300593187661839
0.9417352104235709 0.02249177397691365 0 -0.02249177397691365 0.9417352104235709
0.9534039838900067 0.02019255632653266 0 -0.02019255632653266 0.9534039838900067
0.965065096080292 0.01785442100811069 0 -0.01785442100811069 0.965065096080292
0.97671815498901 0.01547715383151085 0 -0.01547715383151085 0.97671815498901
0.9883633955597372 0.01306126450633593 0 -0.01306126450633593 0.9883633955597372
0.07849711362265627 0.07403595422740322 0 -0.07403595422740322 0.07849711362265627
0.09000487176655377 0.07711099451301814 0 -0.07711099451301814 0.09000487176655377
0.1015954203658361 0.07986252772003911 0 -0.07986252772003911 0.1015954203658361
0.1132399428495874 0.08237835825426992 0 -0.08237835825426992 0.1132399428495874
0.1249290760721043 0.08468022095986447 0 -0.08468022095986447 0.1249290760721043
0.1366551127115371 0.0867881838474017 0 -0.0867881838474017 0.1366551127115371
0.1484129272596202 0.0887127643908866 0 -0.0887127643908866 0.1484129272596202
0.1601969213333473 0.09047177403460616 0 -0.09047177403460616 0.1601969213333473
0.1720039161183802 0.09207062140445067 0 -0.09207062140445067 0.1720039161183802
0.1838302126574105 0.09352146589771125 0 -0.09352146589771125 0.1838302126574105
0.1956729989558 0.09483231512013651 0 -0.09483231512013651 0.1956729989558
0.2075301384390983 0.09600758350961011 0 -0.09600758350961011 0.2075301384390983
0.2193992117190902 0.09705700202295026 0 -0.09705700202295026 0.2193992117190902
0.2312785164684038 0.09798442632562651 0 -0.09798442632562651 0.2312785164684038
0.2431665487735865 0.09879372905257192 0 -0.09879372905257192 0.2431665487735865
0.2550616853754832 0.09949177885067308 0 -0.09949177885067308 0.2550616853754832
0.2669627441989806 0.1000816916468729 0 -0.1000816916468729 0.2669627441989806
0.2788685786867247 0.1005667006596625 0 -0.1005667006596625 0.2788685786867247
0.2907781136235641 0.1009515913987587 0 -0.1009515913987587 0.2907781136235641
0.3026904197144998 0.1012391967286674 0 -0.1012391967286674 0.3026904197144998
0.3146046560849247 0.1014318007242891 0 -0.1014318007242891 0.3146046560849247
0.3265200461753035 0.1015327753873048 0 -0.1015327753873048 0.3265200461753035
0.3384358508713787 0.10154513617691 0 -0.10154513617691 0.3384358508713787
0.3503514309890644 0.1014703031725012 0 -0.1014703031725012 0.3503514309890644
0.3622661514097787 0.101309771724789 0 -0.101309771724789 0.3622661514097787
0.3741795244808638 0.1010691768188838 0 -0.1010691768188838 0.3741795244808638
0.3860910664421957 0.1007514288404007 0 -0.1007514288404007 0.3860910664421957
0.3980000889214899 0.1003508515768211 0 -0.1003508515768211 0.3980000889214899
0.4099065477599744 0.09988059107733828 0 -0.09988059107733828 0.4099065477599744
0.4218107312237072 0.09935645348604569 0 -0.09935645348604569 0.4218107312237072
0.433712342799089 0.09877716173910972 0 -0.09877716173910972 0.433712342799089
0.445611063490646 0.0981416207929359 0 -0.0981416207929359 0.445611063490646
0.4575069558500182 0.09745556715874816 0 -0.09745556715874816 0.4575069558500182
0.4693999129840037 0.09672098337429216 0 -0.09672098337429216 0.4693999129840037
0.4812896307551512 0.0959360892187973 0 -0.0959360892187973 0.4812896307551512
0.49317610812162 0.09510397167012657 0 -0.09510397167012657 0.49317610812162
0.5050592952325234 0.09422656112626543 0 -0.09422656112626543 0.5050592952325234
0.5169388638182091 0.09330184088804622 0 -0.09330184088804622 0.5169388638182091
0.5288148352896778 0.09233239660089979 0 -0.09233239660089979 0.5288148352896778
0.5406872873636065 0.09132118188869287 0 -0.09132118188869287 0.5406872873636065
0.5525559167076173 0.09026640233981489 0 -0.09026640233981489 0.5525559167076173
0.5644206344605636 0.08916888559985534 0 -0.08916888559985534 0.5644206344605636
0.5762815801600589 0.088031652369223 0 -0.088031652369223 0.5762815801600589
0.5881386022090411 0.08685465719321109 0 -0.08685465719321109 0.5881386022090411
0.5999914256489763 0.0856364443671522 0 -0.0856364443671522 0.5999914256489763
0.6118402193893745 0.08437995252145164 0 -0.08437995252145164 0.6118402193893745
0.6236850049859218 0.08308657162381358 0 -0.08308657162381358 0.6236850049859218
0.6355253534709953 0.08175357860831201 0 -0.08175357860831201 0.6355253534709953
0.6473614212885895 0.08038335446235677 0 -0.08038335446235677 0.6473614212885895
0.6591933297776148 0.07897806628790334 0 -0.07897806628790334 0.6591933297776148
0.6710206122529963 0.07753466890658568 0 -0.07753466890658568 0.6710206122529963
0.6828433415148464 0.07605480812790666 0 -0.07605480812790666 0.6828433415148464
0.6946617599174498 0.0745411673650213 0 -0.0745411673650213 0.6946617599174498
0.7064753793930025 0.07299083997164303 0 -0.07299083997164303 0.7064753793930025
0.7182841880418145 0.07140463549527815 0 -0.07140463549527815 0.7182841880418145
0.7300884554656746 0.06978528297407532 0 -0.06978528297407532 0.7300884554656746
0.7418876406319855 0.06812963159848201 0 -0.06812963159848201 0.7418876406319855
0.7536817504190378 0.06643854639036356 0 -0.06643854639036356 0.7536817504190378
0.7654711264357068 0.06471507625560841 0 -0.06471507625560841 0.7654711264357068
0.7772551144904235 0.06295551604262792 0 -0.06295551604262792 0.7772551144904235
0.7890338299683766 0.06116125551832312 0 -0.06116125551832312 0.7890338299683766
0.8008074851606675 0.05933439447748023 0 -0.05933439447748023 0.8008074851606675
0.8125752981770414 0.05747061426676948 0 -0.05747061426676948 0.8125752981770414
0.8243377030816003 0.05557324802210457 0 -0.05557324802210457 0.8243377030816003
0.8360944329282788 0.05364137847940544 0 -0.05364137847940544 0.8360944329282788
0.8478450236620733 0.05167285966788764 0 -0.05167285966788764 0.8478450236620733
0.8595900809948757 0.04967199350144508 0 -0.04967199350144508 0.8595900809948757
0.8713286408330746 0.04763354521336487 0 -0.04763354521336487 0.8713286408330746
0.8830612763428558 0.04556166031599392 0 -0.04556166031599392 0.8830612763428558
0.8947871251365191 0.04345203465196097 0 -0.04345203465196097 0.8947871251365191
0.9065066271391503 0.04130762996563364 0 -0.04130762996563364 0.9065066271391503
0.9182190810237766 0.03912528634367386 0 -0.03912528634367386 0.9182190810237766
0.9299248558590739 0.03690794213859443 0 -0.03690794213859443 0.9299248558590739
0.9416230995747743 0.03465153632058542 0 -0.03465153632058542 0.9416230995747743
0.9533142468607633 0.03235934767892879 0 -0.03235934767892879 0.9533142468607633
0.9649977562921238 0.03002836034562735 0 -0.03002836034562735 0.9649977562921238
0.9766732370618506 0.02765836078535143 0 -0.02765836078535143 0.9766732370618506
0.9883409233952682 0.02524985714945496 0 -0.02524985714945496 0.9883409233952682
0.07652401310803635 0.08788079138447145 0 -0.08788079138447145 0.07652401310803635
0.08805814786061582 0.09094498759924435 0 -0.09094498759924435 0.08805814786061582
0.09967478110962187 0.09368681757695137 0 -0.09368681757695137 0.09967478110962187
0.1113451979052251 0.09619377608283802 0 -0.09619377608283802 0.1113451979052251
0.1230600681206765 0.09848752131354556 0 -0.09848752131354556 0.1230600681206765
0.1348117116138495 0.1005880505101975 0 -0.1005880505101975 0.1348117116138495
0.1465950209514856 0.1025058440571276 0 -0.1025058440571276 0.1465950209514856
0.1584044174931687 0.1042586505869052 0 -0.1042586505869052 0.1584044174931687
0.1702367336345891 0.1058518596520047 0 -0.1058518596520047 0.1702367336345891
0.1820882834627405 0.1072975877698352 0 -0.1072975877698352 0.1820882834627405
0.1939562648994297 0.1086038143074767 0 -0.1086038143074767 0.1939562648994297
0.2058385489047956 0.109774938135382 0 -0.109774938135382 0.2058385489047956
0.2177327246225493 0.1108206558943363 0 -0.1108206558943363 0.2177327246225493
0.2296370957285437 0.1117448096528783 0 -0.1117448096528783 0.2296370957285437
0.2415501636128482 0.1125512583891682 0 -0.1125512583891682 0.2415501636128482
0.2534703107407003 0.1132468465279406 0 -0.1132468465279406 0.2534703107407003
0.2653963592055517 0.1138346790078816 0 -0.1138346790078816 0.2653963592055517
0.277327166493361 0.1143179776455991 0 -0.1143179776455991 0.277327166493361
0.2892616611807029 0.1147015110748014 0 -0.1147015110748014 0.2892616611807029
0.3011989172497191 0.114988102169952 0 -0.114988102169952 0.3011989172497191
0.3131380967911307 0.1151800269512048 0 -0.1151800269512048 0.3131380967911307
0.3250784259839248 0.1152806455289413 0 -0.1152806455289413 0.3250784259839248
0.3370191683203163 0.1152929627283978 0 -0.1152929627283978 0.3370191683203163
0.3489596868702895 0.1152183936210881 0 -0.1152183936210881 0.3489596868702895
0.3608993487549965 0.1150584282843971 0 -0.1150584282843971 0.3608993487549965
0.3728376680414769 0.1148186818317677 0 -0.1148186818317677 0.3728376680414769
0.3847741626755777 0.1145020543853959 0 -0.1145020543853959 0.3847741626755777
0.396708146712546 0.1141028897498181 0 -0.1141028897498181 0.396708146712546
0.4086395761493349 0.1136342876149364 0 -0.1136342876149364 0.4086395761493349
0.4205687382354378 0.1131119983847792 0 -0.1131119983847792 0.4205687382354378
0.4324953375029046 0.112534749499054 0 -0.112534749499054 0.4324953375029046
0.4444190560811931 0.1119014497758169 0 -0.1119014497758169 0.4444190560811931
0.4563399563013565 0.1112178154965944 0 -0.1112178154965944 0.4563399563013565
0.4682579316471492 0.1104858222077509 0 -0.1104858222077509 0.4682579316471492
0.480172679053655 0.1097036959664301 0 -0.1097036959664301 0.480172679053655
0.4920841974827073 0.1088745128643268 0 -0.1088745128643268 0.4920841974827073
0.5039924372592175 0.1080001964919148 0 -0.1080001964919148 0.5039924372592175
0.5158970712711699 0.1070787372618774 0 -0.1070787372618774 0.5158970712711699
0.5277981208540601 0.1061127117014163 0 -0.1061127117014163 0.5277981208540601
0.5396956634504988 0.1051050630185002 0 -0.1051050630185002 0.5396956634504988
0.5515893967978033 0.1040540031294768 0 -0.1040540031294768 0.5515893967978033
0.5634792323481946 0.1029603567612591 0 -0.1029603567612591 0.5634792323481946
0.5753653091472096 0.1018271339618137 0 -0.1018271339618137 0.5753653091472096
0.5872474761323898 0.1006542894367289 0 -0.1006542894367289 0.5872474761323898
0.5991254593148373 0.09944037261485222 0 -0.09944037261485222 0.5991254593148373
0.6109994270084066 0.09818831176356477 0 -0.09818831176356477 0.6109994270084066
0.6228694006927675 0.09689949194887626 0 -0.09689949194887626 0.6228694006927675
0.6347349529130435 0.09557119970770067 0 -0.09557119970770067 0.6347349529130435
0.6465962395615321 0.09420580763094116 0 -0.09420580763094116 0.6465962395615321
0.6584533815492445 0.09280547517830967 0 -0.09280547517830967 0.6584533815492445
0.670305913836862 0.0913671679102034 0 -0.0913671679102034 0.670305913836862
0.682153908967768 0.0898925258322095 0 -0.0898925258322095 0.682153908967768
0.6939976084415908 0.08838422289447781 0 -0.08838422289447781 0.6939976084415908
0.7058365259116864 0.08683936270095426 0 -0.08683936270095426 0.7058365259116864
0.7176706495203309 0.08525875194429142 0 -0.08525875194429142 0.7176706495203309
0.7295002479185657 0.08364511003873708 0 -0.08364511003873708 0.7295002479185657
0.7413247819817356 0.08199529728600832 0 -0.08199529728600832 0.7413247819817356
0.7531442585638749 0.08031017565748744 0 -0.08031017565748744 0.7531442585638749
0.7649590180691819 0.07859278330715455 0 -0.07859278330715455 0.7649590180691819
0.7767684086130812 0.07683942814956721 0 -0.07683942814956721 0.7767684086130812
0.788572545173858 0.0750514950506401 0 -0.0750514950506401 0.788572545173858
0.8003716392939731 0.07323107640027327 0 -0.07323107640027327 0.8003716392939731
0.8121649118404933 0.07137386877478531 0 -0.07137386877478531 0.8121649118404933
0.8239527953468012 0.06948319355584989 0 -0.06948319355584989 0.8239527953468012
0.8357350238082117 0.06755813671410112 0 -0.06755813671410112 0.8357350238082117
0.8475111348062024 0.06559655984647958 0 -0.06559655984647958 0.8475111348062024
0.8592817319166342 0.06360274969626203 0 -0.06360274969626203 0.8592817319166342
0.8710458544457528 0.06157148995704032 0 -0.06157148995704032 0.8710458544457528
0.8828040735384848 0.05950691152209136 0 -0.05950691152209136 0.8828040735384848
0.8945555298483235 0.05740472541257251 0 -0.05740472541257251 0.8945555298483235
0.906300661748967 0.05526788292831653 0 -0.05526788292831653 0.906300661748967
0.9180387703866592 0.05309323529935934 0 -0.05309323529935934 0.9180387703866592
0.9297702235285622 0.05088371051616976 0 -0.05088371051616976 0.9297702235285622
0.9414941721092175 0.04863526187008187 0 -0.04863526187008187 0.9414941721092175
0.953211049285585 0.04635115658778988 0 -0.04635115658778988 0.953211049285585
0.9649203155420725 0.04402838943669746 0 -0.04402838943669746 0.9649203155420725
0.9766215814498482 0.04166674763450318 0 -0.04166674763450318 0.9766215814498482
0.9883150804082452 0.03926673754057493 0 -0.03926673754057493 0.9883150804082452
0.0742549471272871 0.1038023568441785 0 -0.1038023568441785 0.0742549471272871
0.08581941498505009 0.1068540823753386 0 -0.1068540823753386 0.08581941498505009
0.0974660455863802 0.109584753637415 0 -0.109584753637415 0.0974660455863802
0.1091662408457174 0.11208150930895 0 -0.11208150930895 0.1091662408457174
0.1209107086081167 0.1143659194419305 0 -0.1143659194419305 0.1209107086081167
0.1326917999881387 0.1164578998925919 0 -0.1164578998925919 0.1326917999881387
0.144504428338786 0.1183678883921392 0 -0.1183678883921392 0.144504428338786
0.1563430377236261 0.1201135613396537 0 -0.1201135613396537 0.1563430377236261
0.1682044734298834 0.1217002863531781 0 -0.1217002863531781 0.1682044734298834
0.1800850645455018 0.1231401306382484 0 -0.1231401306382484 0.1800850645455018
0.1919820203962023 0.1244410410874703 0 -0.1244410410874703 0.1919820203962023
0.2038932206069025 0.1256073986687481 0 -0.1256073986687481 0.2038932206069025
0.2158162641330302 0.126648860559422 0 -0.126648860559422 0.2158162641330302
0.2277494615541487 0.1275692531915579 0 -0.1275692531915579 0.2277494615541487
0.2396913203593783 0.1283724198380243 0 -0.1283724198380243 0.2396913203593783
0.2516402295970089 0.1290651770680762 0 -0.1290651770680762 0.2516402295970089
0.2635950161543435 0.1296506171839024 0 -0.1296506171839024 0.2635950161543435
0.2755545421671506 0.1301319488899428 0 -0.1301319488899428 0.2755545421671506
0.2875177405724904 0.1305139214124926 0 -0.1305139214124926 0.2875177405724904
0.2994836891212171 0.1307993461374642 0 -0.1307993461374642 0.2994836891212171
0.3114515533141802 0.1309904898220517 0 -0.1309904898220517 0.3114515533141802
0.323420562479668 0.1310906989016398 0 -0.1310906989016398 0.323420562479668
0.3353899831073389 0.1311029659724096 0 -0.1311029659724096 0.3353899831073389
0.3473591808593589 0.1310287003468088 0 -0.1310287003468088 0.3473591808593589
0.3593275254325738 0.1308693860378964 0 -0.1308693860378964 0.3593275254325738
0.3712945328716761 0.1306306153066943 0 -0.1306306153066943 0.3712945328716761
0.3832597230843797 0.1303152764724643 0 -0.1303152764724643 0.3832597230843797
0.3952224129175937 0.1299177363593598 0 -0.1299177363593598 0.3952224129175937
0.407182558547355 0.1294510413440891 0 -0.1294510413440891 0.407182558547355
0.419140446054107 0.1289308777295947 0 -0.1289308777295947 0.419140446054107
0.4310957811723974 0.1283559781346575 0 -0.1283559781346575 0.4310957811723974
0.4430482473253548 0.1277252558182321 0 -0.1277252558182321 0.4430482473253548
0.4549979065903572 0.1270444037976895 0 -0.1270444037976895 0.4549979065903572
0.4669446528846598 0.1263153895793037 0 -0.1263153895793037 0.4669446528846598
0.4788881843767616 0.1255364464398216 0 -0.1255364464398216 0.4788881843767616
0.490828500032721 0.124710637951842 0 -0.124710637951842 0.490828500032721
0.5027655503796173 0.1238398798771992 0 -0.1238398798771992 0.5027655503796173
0.5146990096367177 0.1229221708072065 0 -0.1229221708072065 0.5146990096367177
0.526628899052686 0.1219600767831003 0 -0.1219600767831003 0.526628899052686
0.5385552957549566 0.1209565290345643 0 -0.1209565290345643 0.5385552957549566
0.5504778987109979 0.1199097467550995 0 -0.1199097467550995 0.5504778987109979
0.5623966197334019 0.1188205513151407 0 -0.1188205513151407 0.5623966197334019
0.5743115973018181 0.1176919405123436 0 -0.1176919405123436 0.5743115973018181
0.5862226809685828 0.116523869236636 0 -0.116523869236636 0.5862226809685828
0.5981295978598791 0.1153148928204084 0 -0.1153148928204084 0.5981295978598791
0.6100325156045571 0.1140679276135622 0 -0.1140679276135622 0.6100325156045571
0.621931455594869 0.1127843530451576 0 -0.1127843530451576 0.621931455594869
0.6338259921155956 0.1114614666953762 0 -0.1114614666953762 0.6338259921155956
0.645716280424584 0.110101631499137 0 -0.110101631499137 0.645716280424584
0.6576024409407605 0.1087069981275704 0 -0.1087069981275704 0.6576024409407605
0.6694840105174262 0.1072745444906533 0 -0.1072745444906533 0.6694840105174262
0.6813610614027277 0.1058059039194688 0 -0.1058059039194688 0.6813610614027277
0.6932338341134352 0.1043037394817087 0 -0.1043037394817087 0.6932338341134352
0.7051018442822431 0.1027651665690886 0 -0.1027651665690886 0.7051018442822431
0.7169650800996843 0.1011909885911785 0 -0.1011909885911785 0.7169650800996843
0.7288238091234434 0.09958391389473827 0 -0.09958391389473827 0.7288238091234434
0.7406774944229981 0.09794081555944742 0 -0.09794081555944742 0.7406774944229981
0.7525261428244876 0.09626255204863202 0 -0.09626255204863202 0.7525261428244876
0.7643700933467318 0.09455214915157545 0 -0.09455214915157545 0.7643700933467318
0.7762086967581981 0.09280592980890612 0 -0.09280592980890612 0.7762086967581981
0.7880420675692333 0.09102527325040338 0 -0.09102527325040338 0.7880420675692333
0.7998704164613613 0.08921226335034661 0 -0.08921226335034661 0.7998704164613613
0.8116929674725679 0.08736261419915319 0 -0.08736261419915319 0.8116929674725679
0.8235101513759093 0.08547963366111827 0 -0.08547963366111827 0.8235101513759093
0.8353217032492883 0.08356241142679811 0 -0.08356241142679811 0.8353217032492883
0.8471271625561354 0.08160881779601836 0 -0.08160881779601836 0.8471271625561354
0.858927130415875 0.07962312206584318 0 -0.07962312206584318 0.858927130415875
0.8707206500445903 0.07760012915921846 0 -0.07760012915921846 0.8707206500445903
0.8825082902627581 0.07554395315748769 0 -0.07554395315748769 0.8825082902627581
0.8942891952212462 0.07345032253711928 0 -0.07345032253711928 0.8942891952212462
0.9060638015096566 0.07132217658672872 0 -0.07132217658672872 0.9060638015096566
0.9178314131184314 0.06915637935123421 0 -0.06915637935123421 0.9178314131184314
0.9295923963179926 0.06695584690475204 0 -0.06695584690475204 0.9295923963179926
0.9413459054984128 0.06471654900793462 0 -0.06471654900793462 0.9413459054984128
0.9530923720537876 0.06244173959049804 0 -0.06244173959049804 0.9530923720537876
0.9648312586642486 0.06012842565055902 0 -0.06012842565055902 0.9648312586642486
0.9765621774858632 0.05777639527179879 0 -0.05777639527179879 0.9765621774858632
0.9882853609680745 0.05538615275280095 0 -0.05538615275280095 0.9882853609680745
0.0716455212979446 0.1221121567823851 0 -0.1221121567823851 0.0716455212979446
0.08324487222601998 0.1251495410276491 0 -0.1251495410276491 0.08324487222601998
0.09492599978188127 0.1278673797669809 0 -0.1278673797669809 0.09492599978188127
0.1066604402738759 0.1303524021792216 0 -0.1303524021792216 0.1066604402738759
0.1184389452146324 0.1326260769500075 0 -0.1326260769500075 0.1184389452146324
0.1302539016639008 0.1347082263429546 0 -0.1347082263429546 0.1302539016639008
0.1421002468788843 0.1366092390381704 0 -0.1366092390381704 0.1421002468788843
0.1539724510327301 0.138346708366227 0 -0.138346708366227 0.1539724510327301
0.1658673742379272 0.1399259767205704 0 -0.1399259767205704 0.1658673742379272
0.1777813628335117 0.1413590545980843 0 -0.1413590545980843 0.1777813628335117
0.1897116392597056 0.1426538515457292 0 -0.1426538515457292 0.1897116392597056
0.2016560931059219 0.1438147279434792 0 -0.1438147279434792 0.2016560931059219
0.2136123346110627 0.1448512955857134 0 -0.1448512955857134 0.2136123346110627
0.2255786822939573 0.1457673629225546 0 -0.1457673629225546 0.2255786822939573
0.2375536506576352 0.1465667551657859 0 -0.1465667551657859 0.2375536506576352
0.2495356363208963 0.1472562568508618 0 -0.1472562568508618 0.2495356363208963
0.2615234716839718 0.1478389457479989 0 -0.1478389457479989 0.2615234716839718
0.2735160242299125 0.1483180154826445 0 -0.1483180154826445 0.2735160242299125
0.2855122319103359 0.1486981929625689 0 -0.1486981929625689 0.2855122319103359
0.2975111768101162 0.1489822763618515 0 -0.1489822763618515 0.2975111768101162
0.3095120283517503 0.1491725217852824 0 -0.1491725217852824 0.3095120283517503
0.3215140194852224 0.1492722599420004 0 -0.1492722599420004 0.3215140194852224
0.3335164201472516 0.1492844693647735 0 -0.1492844693647735 0.3335164201472516
0.3455185989810119 0.149210552743123 0 -0.149210552743123 0.3455185989810119
0.3575199286453976 0.149051987116134 0 -0.149051987116134 0.3575199286453976
0.3695199274594019 0.1488143384645441 0 -0.1488143384645441 0.3695199274594019
0.3815181175868853 0.1485004815342414 0 -0.1485004815342414 0.3815181175868853
0.3935138190851679 0.1481048096219382 0 -0.1481048096219382 0.3935138190851679
0.4055069883362332 0.1476403077941709 0 -0.1476403077941709 0.4055069883362332
0.4174979100761177 0.1471225886376351 0 -0.1471225886376351 0.4174979100761177
0.4294862914222406 0.1465503907270457 0 -0.1465503907270457 0.4294862914222406
0.4414718172854525 0.1459226324283904 0 -0.1459226324283904 0.4414718172854525
0.4534545494514051 0.1452449800052618 0 -0.1452449800052618 0.4534545494514051
0.4654343823358789 0.1445193917178304 0 -0.1445193917178304 0.4654343823358789
0.4774110155258005 0.1437441091453865 0 -0.1437441091453865 0.4774110155258005
0.4893844479920873 0.1429221814635688 0 -0.1429221814635688 0.4893844479920873
0.5013546304943118 0.1420555154312761 0 -0.1420555154312761 0.5013546304943118
0.5133212387827156 0.1411421190452462 0 -0.1411421190452462 0.5133212387827156
0.5252842940061069 0.1401845462878557 0 -0.1401845462878557 0.5252842940061069
0.5372438729294675 0.139185714613761 0 -0.139185714613761 0.5372438729294675
0.5491996759349382 0.1381438515851889 0 -0.1381438515851889 0.5491996759349382
0.5611516152495399 0.1370597747126242 0 -0.1370597747126242 0.5611516152495399
0.5730998287021496 0.1359364677058657 0 -0.1359364677058657 0.5730998287021496
0.5850441665521177 0.1347738856668316 0 -0.1347738856668316 0.5850441665521177
0.5969843572079715 0.1335705907169863 0 -0.1335705907169863 0.5969843572079715
0.6089205675108056 0.1323294855011304 0 -0.1323294855011304 0.6089205675108056
0.6208528187523413 0.1310519429658317 0 -0.1310519429658317 0.6208528187523413
0.632780687217967 0.1297352733910297 0 -0.1297352733910297 0.632780687217967
0.6447043274359099 0.1283818286072618 0 -0.1283818286072618 0.6447043274359099
0.6566238592591995 0.1269937491787896 0 -0.1269937491787896 0.6566238592591995
0.6685388217176502 0.1255680272176066 0 -0.1255680272176066 0.6685388217176502
0.6804492867198846 0.1241062883791161 0 -0.1241062883791161 0.6804492867198846
0.6923554936523886 0.1226111832161838 0 -0.1226111832161838 0.6923554936523886
0.7042569604240925 0.1210798406764598 0 -0.1210798406764598 0.7042569604240925
0.7161536752810278 0.1195130603939694 0 -0.1195130603939694 0.7161536752810278
0.7280459045235174 0.1179135379878617 0 -0.1179135379878617 0.7280459045235174
0.7399331137442912 0.1162781612324724 0 -0.1162781612324724 0.7399331137442912
0.7518153097374098 0.1146077845568633 0 -0.1146077845568633 0.7518153097374098
0.7636928299285072 0.1129054195309168 0 -0.1129054195309168 0.7636928299285072
0.7755650281370513 0.1111674063752422 0 -0.1111674063752422 0.7755650281370513
0.7874320183352586 0.1093951178380635 0 -0.1093951178380635 0.7874320183352586
0.799294010214575 0.1075906280006965 0 -0.1075906280006965 0.799294010214575
0.8111502314595451 0.1057496710947718 0 -0.1057496710947718 0.8111502314595451
0.8230011108188491 0.1038755394395996 0 -0.1038755394395996 0.8230011108188491
0.8348463846153642 0.1019673270036464 0 -0.1019673270036464 0.8348463846153642
0.8466855944767689 0.1000229140950556 0 -0.1000229140950556 0.8466855944767689
0.8585193386975843 0.09804654994774724 0 -0.09804654994774724 0.8585193386975843
0.8703466649902071 0.09603306389842389 0 -0.09603306389842389 0.8703466649902071
0.8821681395019977 0.09398655069470602 0 -0.09398655069470602 0.8821681395019977
0.8939829104058024 0.09190275888666921 0 -0.09190275888666921 0.8939829104058024
0.905791412239514 0.08978461395002953 0 -0.08978461395002953 0.905791412239514
0.9175929522644034 0.0876289946668195 0 -0.0876289946668195 0.9175929522644034
0.92938789502964 0.08543880340735015 0 -0.08543880340735015 0.92938789502964
0.9411753988991584 0.08321002887198971 0 -0.08321002887198971 0.9411753988991584
0.9529558932397586 0.08094590969892966 0 -0.08094590969892966 0.9529558932397586
0.9647288432566553 0.0786434669516065 0 -0.0786434669516065 0.9647288432566553
0.9764938629285507 0.07630248970958146 0 -0.07630248970958146 0.9764938629285507
0.9882511836125139 0.07392347990153633 0 -0.07392347990153633 0.9882511836125139
0.06864468158418391 0.1431684267815989 0 -0.1431684267815989 0.06864468158418391
0.08028414804325246 0.1461893185480181 0 -0.1461893185480181 0.08028414804325246
0.09200494709695703 0.1488923998861352 0 -0.1488923998861352 0.09200494709695703
0.103778769606639 0.1513639290501332 0 -0.1513639290501332 0.103778769606639
0.115596417302637 0.1536252581543449 0 -0.1536252581543449 0.115596417302637
0.1274503185816689 0.1556961018308735 0 -0.1556961018308735 0.1274503185816689
0.1393354381907683 0.1575867923510645 0 -0.1575867923510645 0.1393354381907683
0.1512462763290998 0.1593148275167034 0 -0.1593148275167034 0.1512462763290998
0.1631797101582061 0.160885520712951 0 -0.160885520712951 0.1631797101582061
0.1751321058558798 0.1623108172217396 0 -0.1623108172217396 0.1751321058558798
0.1871007009440191 0.1635985836425382 0 -0.1635985836425382 0.1871007009440191
0.1990833964712066 0.1647531566792007 0 -0.1647531566792007 0.1990833964712066
0.2110778156523397 0.1657840959357012 0 -0.1657840959357012 0.2110778156523397
0.2230822861364042 0.1666951891829275 0 -0.1666951891829275 0.2230822861364042
0.2350953304924248 0.1674902408624147 0 -0.1674902408624147 0.2350953304924248
0.2471153540452878 0.1681759986707461 0 -0.1681759986707461 0.2471153540452878
0.2591411955350924 0.1687555236663708 0 -0.1687555236663708 0.2591411955350924
0.2711717285942632 0.1692319921338942 0 -0.1692319921338942 0.2711717285942632
0.2832058969411595 0.1696101053147832 0 -0.1696101053147832 0.2832058969411595
0.2952427876447784 0.1698926461895088 0 -0.1698926461895088 0.2952427876447784
0.3072815746375106 0.1700818586125968 0 -0.1700818586125968 0.3072815746375106
0.3193214950342915 0.1701810552080029 0 -0.1701810552080029 0.3193214950342915
0.331361822735959 0.1701931983355698 0 -0.1701931983355698 0.331361822735959
0.3434019298138475 0.1701196830684542 0 -0.1701196830684542 0.3434019298138475
0.3554411923332064 0.1699619784256704 0 -0.1699619784256704 0.3554411923332064
0.3674791312284745 0.1697256201656295 0 -0.1697256201656295 0.3674791312284745
0.3795152712580812 0.1694134674248393 0 -0.1694134674248393 0.3795152712580812
0.3915489361713195 0.1690199439434554 0 -0.1690199439434554 0.3915489361713195
0.4035800825870113 0.1685579642813161 0 -0.1685579642813161 0.4035800825870113
0.4156089936951249 0.1680430562514324 0 -0.1680430562514324 0.4156089936951249
0.427635378203382 0.1674739652778437 0 -0.1674739652778437 0.427635378203382
0.4396589227335136 0.166849615599626 0 -0.166849615599626 0.4396589227335136
0.4516796887356858 0.1661756427135261 0 -0.1661756427135261 0.4516796887356858
0.4636975711989834 0.1654539942466959 0 -0.1654539942466959 0.4636975711989834
0.4757122713415251 0.1646829213263504 0 -0.1646829213263504 0.4757122713415251
0.4877237881398153 0.1638654565716241 0 -0.1638654565716241 0.4877237881398153
0.4997320726207944 0.1630034963880402 0 -0.1630034963880402 0.4997320726207944
0.5117368022953246 0.1620950595885747 0 -0.1620950595885747 0.5117368022953246
0.5237379981973797 0.1611426862879151 0 -0.1611426862879151 0.5237379981973797
0.5357357366751208 0.1601492780994362 0 -0.1601492780994362 0.5357357366751208
0.5477297197375635 0.1591130722094001 0 -0.1591130722094001 0.5477297197375635
0.5597198600883196 0.1580348816893487 0 -0.1580348816893487 0.5597198600883196
0.5717062948078793 0.1569176740480455 0 -0.1569176740480455 0.5717062948078793
0.5836888749686591 0.1557614046311973 0 -0.1557614046311973 0.5836888749686591
0.5956673304538822 0.1545646433677041 0 -0.1545646433677041 0.5956673304538822
0.6076418271987234 0.1533302771414998 0 -0.1533302771414998 0.6076418271987234
0.6196123863792946 0.1520596714442864 0 -0.1520596714442864 0.6196123863792946
0.6315785865816816 0.150750151160725 0 -0.150750151160725 0.6315785865816816
0.6435405814950502 0.149404055351314 0 -0.149404055351314 0.6435405814950502
0.6554984903216485 0.1480235129574158 0 -0.1480235129574158 0.6554984903216485
0.6674518545942796 0.1466055324233433 0 -0.1466055324233433 0.6674518545942796
0.6794007458311153 0.1451517305774679 0 -0.1451517305774679 0.6794007458311153
0.6913454021188133 0.143664743580605 0 -0.143664743580605 0.6913454021188133
0.7032853439839768 0.1421417159697297 0 -0.1421417159697297 0.7032853439839768
0.7152205597364584 0.1405834430369908 0 -0.1405834430369908 0.7152205597364584
0.7271513142306164 0.1389926057647848 0 -0.1389926057647848 0.7271513142306164
0.7390770759609206 0.1373661088263025 0 -0.1373661088263025 0.7390770759609206
0.7509978516845415 0.1357048020112012 0 -0.1357048020112012 0.7509978516845415
0.7629139769949491 0.1340116805370524 0 -0.1340116805370524 0.7629139769949491
0.7748248092202618 0.1322831044964436 0 -0.1322831044964436 0.7748248092202618
0.7867304617138459 0.13052043918381 0 -0.13052043918381 0.7867304617138459
0.7986311430285586 0.1287257474185594 0 -0.1287257474185594 0.7986311430285586
0.8105260850424861 0.1268947865947174 0 -0.1268947865947174 0.8105260850424861
0.8224157141762759 0.1250308311548616 0 -0.1250308311548616 0.8224157141762759
0.8342997681845273 0.1231329799870553 0 -0.1231329799870553 0.8342997681845273
0.8461777911838023 0.1211991249090075 0 -0.1211991249090075 0.8461777911838023
0.8580503782199852 0.1192334920820221 0 -0.1192334920820221 0.8580503782199852
0.8699165821762309 0.1172309389186222 0 -0.1172309389186222 0.8699165821762309
0.8817769661258172 0.1151955379326465 0 -0.1151955379326465 0.8817769661258172
0.8936306828668666 0.1131230607588192 0 -0.1131230607588192 0.8936306828668666
0.9054781645778048 0.1110164169880218 0 -0.1110164169880218 0.9054781645778048
0.9173187222813557 0.1088725023499683 0 -0.1088725023499683 0.9173187222813557
0.9291527185472498 0.1066942034555936 0 -0.1066942034555936 0.9291527185472498
0.9409793163093607 0.1044775307859394 0 -0.1044775307859394 0.9409793163093607
0.9527989426031014 0.1022257053939438 0 -0.1022257053939438 0.9527989426031014
0.96461106553753 0.09993576451816094 0 -0.09993576451816094 0.96461106553753
0.9764153011873788 0.09760749838341415 0 -0.09760749838341415 0.9764153011873788
0.9882118796534876 0.09524140619299797 0 -0.09524140619299797 0.9882118796534876
0.06519371587762059 0.1673831375314918 0 -0.1673831375314918 0.06519371587762059
0.07687931519780908 0.1703850629470694 0 -0.1703850629470694 0.07687931519780908
0.08864573647450595 0.1730711732736403 0 -0.1730711732736403 0.08864573647450595
0.1004648483049974 0.175527185202025 0 -0.175527185202025 0.1004648483049974
0.1123275101699893 0.1777743167895559 0 -0.1777743167895559 0.1123275101699893
0.1242261980037131 0.1798321588920952 0 -0.1798321588920952 0.1242261980037131
0.1361559081665076 0.1817109789109112 0 -0.1817109789109112 0.1361559081665076
0.1481111753874577 0.1834281647896844 0 -0.1834281647896844 0.1481111753874577
0.1600888964345184 0.1849889965540461 0 -0.1849889965540461 0.1600888964345184
0.1720854603000521 0.1864053444887349 0 -0.1864053444887349 0.1720854603000521
0.1840981218498848 0.1876850258036032 0 -0.1876850258036032 0.1840981218498848
0.1961247953106445 0.188832349974967 0 -0.188832349974967 0.1961247953106445
0.2081631188196237 0.1898568165878337 0 -0.1898568165878337 0.2081631188196237
0.2202114305254875 0.1907621896319704 0 -0.1907621896319704 0.2202114305254875
0.2322682622731555 0.1915522496631271 0 -0.1915522496631271 0.2322682622731555
0.2443320293995138 0.1922337020131849 0 -0.1922337020131849 0.2443320293995138
0.2564015779355095 0.1928095885220597 0 -0.1928095885220597 0.2564015779355095
0.2684757885853473 0.1932830655323886 0 -0.1932830655323886 0.2684757885853473
0.2805536116991396 0.1936588047693894 0 -0.1936588047693894 0.2805536116991396
0.2926341400776247 0.1939395717408832 0 -0.1939395717408832 0.2926341400776247
0.3047165528395713 0.1941275962135915 0 -0.1941275962135915 0.3047165528395713
0.3168000918896089 0.1942261700135097 0 -0.1942261700135097 0.3168000918896089
0.3288840356873124 0.1942382369016162 0 -0.1942382369016162 0.3288840356873124
0.3409677602463999 0.1941651831922476 0 -0.1941651831922476 0.3409677602463999
0.3530506455494297 0.1940084686813373 0 -0.1940084686813373 0.3530506455494297
0.365132215538603 0.1937735943716203 0 -0.1937735943716203 0.365132215538603
0.3772119979561034 0.193463401448817 0 -0.193463401448817 0.3772119979561034
0.389289320796993 0.1930723486630431 0 -0.1930723486630431 0.389289320796993
0.4013641409524574 0.1926132694914333 0 -0.1926132694914333 0.4013641409524574
0.4134367398344869 0.1921015942572605 0 -0.1921015942572605 0.4134367398344869
0.4255068279796508 0.1915360762612869 0 -0.1915360762612869 0.4255068279796508
0.4375740939771929 0.1909156464966401 0 -0.1909156464966401 0.4375740939771929
0.4496385988914706 0.1902459050781947 0 -0.1902459050781947 0.4496385988914706
0.4617002383708687 0.1895287874051302 0 -0.1895287874051302 0.4617002383708687
0.4737587155093765 0.1887625555847753 0 -0.1887625555847753 0.4737587155093765
0.4858140292899246 0.1879502231962848 0 -0.1879502231962848 0.4858140292899246
0.4978661310469253 0.1870936747387996 0 -0.1870936747387996 0.4978661310469253
0.5099147003159548 0.1861909414639695 0 -0.1861909414639695 0.5099147003159548
0.5219597579989274 0.1852445475386398 0 -0.1852445475386398 0.5219597579989274
0.5340013799646608 0.1842573763587112 0 -0.1842573763587112 0.5340013799646608
0.5460392700930753 0.1832276761780863 0 -0.1832276761780863 0.5460392700930753
0.5580733416358644 0.1821562549635228 0 -0.1821562549635228 0.5580733416358644
0.5701037308128716 0.1810460615925932 0 -0.1810460615925932 0.5701037308128716
0.5821302896315407 0.1798970516913616 0 -0.1798970516913616 0.5821302896315407
0.5941527496709934 0.1787078041672784 0 -0.1787078041672784 0.5941527496709934
0.6061712758245993 0.1774811877792813 0 -0.1774811877792813 0.6061712758245993
0.6181858891355174 0.1762185594459763 0 -0.1762185594459763 0.6181858891355174
0.6301961708356366 0.1749172608474543 0 -0.1749172608474543 0.6301961708356366
0.6422022736492016 0.1735796163586688 0 -0.1735796163586688 0.6422022736492016
0.6542043160300615 0.1722077415546481 0 -0.1722077415546481 0.6542043160300615
0.6662018423894577 0.1707986636618724 0 -0.1707986636618724 0.6662018423894577
0.6781949237965424 0.1693539893576265 0 -0.1693539893576265 0.6781949237965424
0.6901837968431717 0.1678763382518677 0 -0.1678763382518677 0.6901837968431717
0.7021679850662716 0.166362872809295 0 -0.166362872809295 0.7021679850662716
0.7141474768490901 0.1648143833288991 0 -0.1648143833288991 0.7141474768490901
0.7261225353831254 0.1632335339608112 0 -0.1632335339608112 0.7261225353831254
0.738092632499849 0.1616172488119052 0 -0.1616172488119052 0.738092632499849
0.7500577749140073 0.1599663723365236 0 -0.1599663723365236 0.7500577749140073
0.7620182961120814 0.1582838809470799 0 -0.1582838809470799 0.7620182961120814
0.7739735574571376 0.1565661575889369 0 -0.1565661575889369 0.7739735574571376
0.7859236715908654 0.1548145589846725 0 -0.1548145589846725 0.7859236715908654
0.7978688457567449 0.1530311350025 0 -0.1530311350025 0.7978688457567449
0.8098083166554344 0.1512116696731999 0 -0.1512116696731999 0.8098083166554344
0.8217425080303443 0.1493594168811069 0 -0.1493594168811069 0.8217425080303443
0.8336711592825545 0.1474734811718207 0 -0.1474734811718207 0.8336711592825545
0.8455938173908428 0.1455517675990507 0 -0.1455517675990507 0.8455938173908428
0.8575110736651603 0.1435984757905923 0 -0.1435984757905923 0.8575110736651603
0.8694219869350363 0.1416084954461623 0 -0.1416084954461623 0.8694219869350363
0.8813271167385511 0.1395858735107503 0 -0.1395858735107503 0.8813271167385511
0.8932256211928954 0.1375264081664263 0 -0.1375264081664263 0.8932256211928954
0.905117929763108 0.1354329907365122 0 -0.1354329907365122 0.905117929763108
0.9170033577975848 0.1333025364405558 0 -0.1333025364405558 0.9170033577975848
0.9288822655896999 0.1311379137662095 0 -0.1311379137662095 0.9288822655896999
0.9407538213287584 0.1289351582422895 0 -0.1289351582422895 0.9407538213287584
0.9526184493690764 0.1266974706986921 0 -0.1266974706986921 0.9526184493690764
0.9644756211591331 0.1244219069753572 0 -0.1244219069753572 0.9644756211591331
0.9763249551840953 0.1221082586141597 0 -0.1221082586141597 0.9763249551840953
0.9881666801001396 0.1197570216841985 0 -0.1197570216841985 0.9881666801001396
0.06122510547397222 0.1952300537788104 0 -0.1952300537788104 0.06122510547397222
0.07296375758232419 0.1982101678917023 0 -0.1982101678917023 0.07296375758232419
0.08478264441336131 0.2008767615556846 0 -0.2008767615556846 0.08478264441336131
0.09665383896069826 0.2033149286637366 0 -0.2033149286637366 0.09665383896069826
0.1085682671179604 0.2055457331076461 0 -0.2055457331076461 0.1085682671179604
0.1205184594875175 0.2075886234006042 0 -0.2075886234006042 0.1205184594875175
0.1324994487850082 0.2094537923432932 0 -0.2094537923432932 0.1324994487850082
0.1445058094489239 0.2111585015425775 0 -0.2111585015425775 0.1445058094489239
0.1565344607945928 0.212707992660632 0 -0.212707992660632 0.1565344607945928
0.1685818180511319 0.2141140497354249 0 -0.2141140497354249 0.1685818180511319
0.180645156029883 0.2153844331787528 0 -0.2153844331787528 0.180645156029883
0.1927224041122259 0.2165234211552634 0 -0.2165234211552634 0.1927224041122259
0.2048112175962065 0.2175404442281559 0 -0.2175404442281559 0.2048112175962065
0.2169099467051209 0.2184392390389098 0 -0.2184392390389098 0.2169099467051209
0.2290171339511672 0.2192235586746227 0 -0.2192235586746227 0.2290171339511672
0.2411312061850311 0.2199000597477703 0 -0.2199000597477703 0.2411312061850311
0.2532510178221342 0.2204717619969565 0 -0.2204717619969565 0.2532510178221342
0.2653754576992279 0.2209417988315557 0 -0.2209417988315557 0.2653754576992279
0.2775034837929406 0.2213148080331005 0 -0.2213148080331005 0.2775034837929406
0.2896341954955123 0.2215935350158654 0 -0.2215935350158654 0.2896341954955123
0.3017667778900473 0.2217801933455977 0 -0.2217801933455977 0.3017667778900473
0.3139004783893219 0.2218780509306392 0 -0.2218780509306392 0.3139004783893219
0.3260345806954583 0.2218900301432754 0 -0.2218900301432754 0.3260345806954583
0.3381684653559165 0.2218175072252002 0 -0.2218175072252002 0.3381684653559165
0.350301516858159 0.2216619313658044 0 -0.2216619313658044 0.350301516858159
0.3624332626033145 0.221428763598797 0 -0.221428763598797 0.3624332626033145
0.3745632337648834 0.2211208244664939 0 -0.2211208244664939 0.3745632337648834
0.3866907632205616 0.2207326129804629 0 -0.2207326129804629 0.3866907632205616
0.3988158081747539 0.2202768693727339 0 -0.2202768693727339 0.3988158081747539
0.4109386479947751 0.2197689118533849 0 -0.2197689118533849 0.4109386479947751
0.4230589953203698 0.2192075027814093 0 -0.2192075027814093 0.4230589953203698
0.4351765410034208 0.218591580917094 0 -0.218591580917094 0.4351765410034208
0.4472913456646058 0.2179267056861612 0 -0.2179267056861612 0.4472913456646058
0.4594033057105049 0.2172147984256237 0 -0.2172147984256237 0.4594033057105049
0.4715121263923582 0.21645413386994 0 -0.21645413386994 0.4715121263923582
0.4836178067004862 0.2156477037022894 0 -0.2156477037022894 0.4836178067004862
0.4957202983228939 0.2147973787294732 0 -0.2147973787294732 0.4957202983228939
0.5078192831235792 0.2139012045076161 0 -0.2139012045076161 0.5078192831235792
0.5199147818525873 0.2129616868635452 0 -0.2129616868635452 0.5199147818525873
0.5320068698274915 0.2119816882430672 0 -0.2119816882430672 0.5320068698274915
0.5440952530797523 0.2109594696278702 0 -0.2109594696278702 0.5440952530797523
0.5561798454913559 0.2098958331142108 0 -0.2098958331142108 0.5561798454913559
0.5682607822924044 0.2087937061537924 0 -0.2087937061537924 0.5682607822924044
0.5803379165656204 0.2076530446950901 0 -0.2076530446950901 0.5803379165656204
0.5924109818404117 0.2064724379708874 0 -0.2064724379708874 0.5924109818404117
0.6044801418120692 0.2052547338963761 0 -0.2052547338963761 0.6044801418120692
0.6165454173708581 0.2040012795311029 0 -0.2040012795311029 0.6165454173708581
0.6286063927913398 0.202709435869902 0 -0.202709435869902 0.6286063927913398
0.6406632196880994 0.2013815103993511 0 -0.2013815103993511 0.6406632196880994
0.6527160156543282 0.2000196033231949 0 -0.2000196033231949 0.6527160156543282
0.6647643284114707 0.1986207634674048 0 -0.1986207634674048 0.6647643284114707
0.6768082285123072 0.1971865858355167 0 -0.1971865858355167 0.6768082285123072
0.6888479508296712 0.1957196710040021 0 -0.1957196710040021 0.6888479508296712
0.7008830223623608 0.1942172020544413 0 -0.1942172020544413 0.7008830223623608
0.7129134315780283 0.1926799635436938 0 -0.1926799635436938 0.7129134315780283
0.7249394397558828 0.191110600264786 0 -0.191110600264786 0.7249394397558828
0.7369605225649473 0.1895060586733266 0 -0.1895060586733266 0.7369605225649473
0.74897668667118 0.1878671770880466 0 -0.1878671770880466 0.74897668667118
0.7609882631380266 0.1861969102954284 0 -0.1861969102954284 0.7609882631380266
0.772994617968742 0.1844916675215254 0 -0.1844916675215254 0.772994617968742
0.7849958629865879 0.1827527956312799 0 -0.1827527956312799 0.7849958629865879
0.7969922039292605 0.1809823295990325 0 -0.1809823295990325 0.7969922039292605
0.808982883043376 0.1791760840878301 0 -0.1791760840878301 0.808982883043376
0.8209683209935223 0.1773372893400295 0 -0.1773372893400295 0.8209683209935223
0.8329482590742314 0.1754650564073966 0 -0.1754650564073966 0.8329482590742314
0.8449222475558293 0.1735573055650408 0 -0.1735573055650408 0.8449222475558293
0.8568908734519455 0.171618205927224 0 -0.171618205927224 0.8568908734519455
0.8688532024304367 0.1696426843239342 0 -0.1696426843239342 0.8688532024304367
0.8808097899639091 0.1676347582959858 0 -0.1676347582959858 0.8808097899639091
0.8927598002864803 0.1655902565548953 0 -0.1655902565548953 0.8927598002864803
0.9047036597427952 0.1635120494162917 0 -0.1635120494162917 0.9047036597427952
0.9166406886557703 0.1613970745130309 0 -0.1613970745130309 0.9166406886557703
0.9285712447009711 0.1592481794909912 0 -0.1592481794909912 0.9285712447009711
0.9404945021114491 0.1570614286839281 0 -0.1570614286839281 0.9404945021114491
0.9524108821582585 0.1548399996652413 0 -0.1548399996652413 0.9524108821582585
0.9643198601302136 0.1525809696664632 0 -0.1525809696664632 0.9643198601302136
0.9762210572844799 0.1502841317440775 0 -0.1502841317440775 0.9762210572844799
0.9881147006158707 0.1479499783628591 0 -0.1479499783628591 0.9881147006158707
0.0566612034025705 0.2272540082155632 0 -0.2272540082155632 0.0566612034025705
0.06846086621874391 0.2302090393298682 0 -0.2302090393298682 0.06846086621874391
0.08034008843868978 0.232853188831438 0 -0.232853188831438 0.08034008843868978
0.09227117811180616 0.2352708343957172 0 -0.2352708343957172 0.09227117811180616
0.1042451375065775 0.237482862624113 0 -0.237482862624113 0.1042451375065775
0.1162545600937343 0.2395085583357407 0 -0.2395085583357407 0.1162545600937343
0.1282945203975109 0.2413580285406071 0 -0.2413580285406071 0.1282945203975109
0.1403596385222173 0.2430483895582347 0 -0.2430483895582347 0.1403596385222173
0.1524468597126616 0.244584838932822 0 -0.244584838932822 0.1524468597126616
0.1645526293702288 0.2459790615185493 0 -0.2459790615185493 0.1645526293702288
0.1766742452436051 0.2472387524094473 0 -0.2472387524094473 0.1766742452436051
0.1888096541421349 0.2483681537617449 0 -0.2483681537617449 0.1888096541421349
0.2009565310987308 0.2493766167635589 0 -0.2493766167635589 0.2009565310987308
0.2131132402225154 0.2502678466058379 0 -0.2502678466058379 0.2131132402225154
0.2252783362930571 0.2510455647867287 0 -0.2510455647867287 0.2252783362930571
0.2374502594019111 0.2517163718913893 0 -0.2517163718913893 0.2374502594019111
0.2496278736066452 0.2522832622419141 0 -0.2522832622419141 0.2496278736066452
0.2618100770964402 0.2527493428744249 0 -0.2527493428744249 0.2618100770964402
0.2739958366184174 0.253119212535215 0 -0.253119212535215 0.2739958366184174
0.2861842591450445 0.2533955935309804 0 -0.2533955935309804 0.2861842591450445
0.298374536618411 0.2535806807963473 0 -0.2535806807963473 0.298374536618411
0.310565922785663 0.2536777147343553 0 -0.2536777147343553 0.310565922785663
0.3227577073778525 0.2536895931202922 0 -0.2536895931202922 0.3227577073778525
0.3349492761562417 0.253617680612313 0 -0.253617680612313 0.3349492761562417
0.3471400187889341 0.2534634142022838 0 -0.2534634142022838 0.3471400187889341
0.3593294666548245 0.2532322089595329 0 -0.2532322089595329 0.3593294666548245
0.3715171548734276 0.2529268616864601 0 -0.2529268616864601 0.3715171548734276
0.383702421937469 0.2525419176953049 0 -0.2525419176953049 0.383702421937469
0.395885225411555 0.2520900099862232 0 -0.2520900099862232 0.395885225411555
0.4080658423116236 0.2515863278391166 0 -0.2515863278391166 0.4080658423116236
0.4202439876960712 0.2510296440299444 0 -0.2510296440299444 0.4202439876960712
0.4324193550188155 0.2504189062512264 0 -0.2504189062512264 0.4324193550188155
0.4445920043903029 0.2497596271361595 0 -0.2497596271361595 0.4445920043903029
0.4567618330890373 0.2490537118502635 0 -0.2490537118502635 0.4567618330890373
0.4689285488470978 0.248299449649197 0 -0.248299449649197 0.4689285488470978
0.4810921506633031 0.2474998070357663 0 -0.2474998070357663 0.4810921506633031
0.4932525906322903 0.2466566390705826 0 -0.2466566390705826 0.4932525906322903
0.5054095532957413 0.2457680077599166 0 -0.2457680077599166 0.5054095532957413
0.5175630592290529 0.2448363978395741 0 -0.2448363978395741 0.5175630592290529
0.5297131831158666 0.2438646476627528 0 -0.2438646476627528 0.5297131831158666
0.5418596334619146 0.2428510328480952 0 -0.2428510328480952 0.5418596334619146
0.5540023248740198 0.241796348740781 0 -0.241796348740781 0.5540023248740198
0.5661413914440809 0.2407034981527637 0 -0.2407034981527637 0.5661413914440809
0.5782766874913928 0.2395724374032907 0 -0.2395724374032907 0.5782766874913928
0.5904079487881901 0.2384017675992788 0 -0.2384017675992788 0.5904079487881901
0.6025353376519749 0.2371943126856124 0 -0.2371943126856124 0.6025353376519749
0.6146588747971832 0.2359514083839187 0 -0.2359514083839187 0.6146588747971832
0.6267781479974508 0.234670437900988 0 -0.234670437900988 0.6267781479974508
0.6388933075912551 0.2333536893017648 0 -0.2333536893017648 0.6388933075912551
0.6510044701820293 0.2320032451130172 0 -0.2320032451130172 0.6510044701820293
0.663111187297952 0.2306161790001328 0 -0.2306161790001328 0.663111187297952
0.6752135288979757 0.2291940725418353 0 -0.2291940725418353 0.6752135288979757
0.6873117278780584 0.227739504426087 0 -0.227739504426087 0.6873117278780584
0.6994053152181504 0.2262496814438825 0 -0.2262496814438825 0.6994053152181504
0.7114942794829696 0.22472538154863 0 -0.22472538154863 0.7114942794829696
0.7235788797525926 0.2231692272726851 0 -0.2231692272726851 0.7235788797525926
0.7356585961092259 0.2215781907727023 0 -0.2215781907727023 0.7356585961092259
0.7477334351627231 0.2199531033114587 0 -0.2199531033114587 0.7477334351627231
0.7598037251900369 0.2182968948056157 0 -0.2182968948056157 0.7598037251900369
0.7718688375306415 0.2166060047040215 0 -0.2166060047040215 0.7718688375306415
0.7839288830666045 0.2148817685353374 0 -0.2148817685353374 0.7839288830666045
0.7959840658039707 0.2131262041459496 0 -0.2131262041459496 0.7959840658039707
0.8080336343672095 0.2113351614260127 0 -0.2113351614260127 0.8080336343672095
0.8200780058802619 0.2095118434296075 0 -0.2095118434296075 0.8200780058802619
0.8321169238151304 0.207655368690592 0 -0.207655368690592 0.8321169238151304
0.8441499422274217 0.2057636749886857 0 -0.2057636749886857 0.8441499422274217
0.8561776431899932 0.203840896347586 0 -0.203840896347586 0.8561776431899932
0.8681991002347815 0.2018820022970941 0 -0.2018820022970941 0.8681991002347815
0.8802148641590949 0.1998909765632217 0 -0.1998909765632217 0.8802148641590949
0.8922241062315186 0.1978636829663501 0 -0.1978636829663501 0.8922241062315186
0.9042272492082429 0.1958029676632605 0 -0.1958029676632605 0.9042272492082429
0.9162236191328855 0.193705794062114 0 -0.193705794062114 0.9162236191328855
0.9282135706705302 0.1915749858407477 0 -0.1915749858407477 0.9282135706705302
0.9401962850045376 0.1894066404585986 0 -0.1894066404585986 0.9401962850045376
0.9521721798602106 0.1872039087440944 0 -0.1872039087440944 0.9521721798602106
0.9641407349427481 0.1849638925290994 0 -0.1849638925290994 0.9641407349427481
0.9761015746971154 0.182686386611898 0 -0.182686386611898 0.9761015746971154
0.9880549242075573 0.1803718793122915 0 -0.1803718793122915 0.9880549242075573
0.05141271643066908 0.2640815529393941 0 -0.2640815529393941 0.05141271643066908
0.06328254155535318 0.267007738607508 0 -0.267007738607508 0.06328254155535318
0.07523114946712095 0.2696260773242499 0 -0.2696260773242499 0.07523114946712095
0.08723111852950002 0.2720201231149635 0 -0.2720201231149635 0.08723111852950002
0.09927353884205609 0.274210558697135 0 -0.274210558697135 0.09927353884205609
0.1113510761741289 0.276216480641707 0 -0.276216480641707 0.1113510761741289
0.1234588531298338 0.2780478972994168 0 -0.2780478972994168 0.1234588531298338
0.1355915423291683 0.279721757909357 0 -0.279721757909357 0.1355915423291683
0.1477461188358398 0.2812432092800576 0 -0.2812432092800576 0.1477461188358398
0.1599190627493393 0.2826238222043513 0 -0.2826238222043513 0.1599190627493393
0.1721076981962965 0.283871216660844 0 -0.283871216660844 0.1721076981962965
0.1843099920282135 0.2849895933960859 0 -0.2849895933960859 0.1843099920282135
0.1965236419730983 0.2859882123168572 0 -0.2859882123168572 0.1965236419730983
0.2087470281087722 0.2868707424459976 0 -0.2868707424459976 0.2087470281087722
0.2209787193222788 0.287640868954364 0 -0.287640868954364 0.2209787193222788
0.2332171709321718 0.2883051279957039 0 -0.2883051279957039 0.2332171709321718
0.2454612580844864 0.2888664846631281 0 -0.2888664846631281 0.2454612580844864
0.257709889723696 0.2893280156635202 0 -0.2893280156635202 0.257709889723696
0.2699620426829882 0.289694274852652 0 -0.289694274852652 0.2699620426829882
0.2822168326520919 0.2899679579635062 0 -0.2899679579635062 0.2822168326520919
0.2944734594609291 0.2901512385049213 0 -0.2901512385049213 0.2944734594609291
0.3067311841411702 0.2902473252488417 0 -0.2902473252488417 0.3067311841411702
0.3189893033571359 0.2902590876840105 0 -0.2902590876840105 0.3189893033571359
0.3312472088659614 0.290187877147514 0 -0.290187877147514 0.3312472088659614
0.3435042962934859 0.2900351166040656 0 -0.2900351166040656 0.3435042962934859
0.3557601015930349 0.2898061682639602 0 -0.2898061682639602 0.3557601015930349
0.36801416442204 0.2895038016286962 0 -0.2895038016286962 0.36801416442204
0.3802658297305097 0.2891226152562811 0 -0.2891226152562811 0.3802658297305097
0.3925150554972818 0.2886751188302258 0 -0.2886751188302258 0.3925150554972818
0.4047621160342121 0.2881763533607403 0 -0.2881763533607403 0.4047621160342121
0.4170067291811457 0.2876251036032937 0 -0.2876251036032937 0.4170067291811457
0.4292485913843405 0.2870203275224736 0 -0.2870203275224736 0.4292485913843405
0.4414877621674763 0.2863674839400758 0 -0.2863674839400758 0.4414877621674763
0.45372413981177 0.2856684594244056 0 -0.2856684594244056 0.45372413981177
0.4659574349022652 0.2849215599304999 0 -0.2849215599304999 0.4659574349022652
0.4781876464475532 0.2841297230037386 0 -0.2841297230037386 0.4781876464475532
0.4904147270098984 0.2832947855966153 0 -0.2832947855966153 0.4904147270098984
0.5026383642103189 0.2824148286330675 0 -0.2824148286330675 0.5026383642103189
0.514858578423366 0.2814923125942281 0 -0.2814923125942281 0.514858578423366
0.5270754436036592 0.280530048126797 0 -0.280530048126797 0.5270754436036592
0.5392886711023432 0.2795263276819127 0 -0.2795263276819127 0.5392886711023432
0.5514981763598032 0.278481938841017 0 -0.278481938841017 0.5514981763598032
0.5637040921590042 0.2773997560803533 0 -0.2773997560803533 0.5637040921590042
0.5759062742412986 0.2762797361455574 0 -0.2762797361455574 0.5759062742412986
0.5881044609581719 0.2751204937987982 0 -0.2751204937987982 0.5881044609581719
0.6002988130426695 0.2739248254191081 0 -0.2739248254191081 0.6002988130426695
0.6124893510070237 0.2726940536895089 0 -0.2726940536895089 0.6124893510070237
0.6246756666488057 0.2714255873605376 0 -0.2714255873605376 0.6246756666488057
0.6368579088389679 0.2701216921622626 0 -0.2701216921622626 0.6368579088389679
0.6490361930427229 0.2687844302929308 0 -0.2687844302929308 0.6490361930427229
0.6612100751659935 0.2674109039832556 0 -0.2674109039832556 0.6612100751659935
0.6733796244848299 0.2660026793734283 0 -0.2660026793734283 0.6733796244848299
0.6855450716217832 0.2645623099796273 0 -0.2645623099796273 0.6855450716217832
0.6977059521351283 0.2630870298586719 0 -0.2630870298586719 0.6977059521351283
0.709862254701209 0.2615776093700017 0 -0.2615776093700017 0.709862254701209
0.7220142358710989 0.2600366454462028 0 -0.2600366454462028 0.7220142358710989
0.7341613808021674 0.25846113980013 0 -0.25846113980013 0.7341613808021674
0.7463036960397443 0.2568519155802142 0 -0.2568519155802142 0.7463036960397443
0.7584415066563184 0.2552118741028249 0 -0.2552118741028249 0.7584415066563184
0.7705741901280136 0.2535374895730217 0 -0.2535374895730217 0.7705741901280136
0.7827018562545259 0.2518300844827432 0 -0.2518300844827432 0.7827018562545259
0.7948247070505018 0.2500916569812305 0 -0.2500916569812305 0.7948247070505018
0.8069419984749389 0.2483180974698079 0 -0.2483180974698079 0.8069419984749389
0.8190541435800365 0.2465125777360422 0 -0.2465125777360422 0.8190541435800365
0.8311608883418871 0.244674224918196 0 -0.244674224918196 0.8311608883418871
0.8432617911691698 0.242800996926289 0 -0.242800996926289 0.8432617911691698
0.8553574284528552 0.2408969874298727 0 -0.2408969874298727 0.8553574284528552
0.8674468827685706 0.2389572150635293 0 -0.2389572150635293 0.8674468827685706
0.8795306995370324 0.236985624666251 0 -0.236985624666251 0.8795306995370324
0.8916080581164624 0.2349781204336098 0 -0.2349781204336098 0.8916080581164624
0.9036793771363294 0.2329375207397146 0 -0.2329375207397146 0.9036793771363294
0.9157439892190556 0.2308608186343248 0 -0.2308608186343248 0.9157439892190556
0.9278022455676727 0.2287508102320329 0 -0.2287508102320329 0.9278022455676727
0.9398533353583942 0.226603631086806 0 -0.226603631086806 0.9398533353583942
0.951897672238911 0.2244224012703566 0 -0.2244224012703566 0.951897672238911
0.9639347409932633 0.2222042509049287 0 -0.2222042509049287 0.9639347409932633
0.9759641697323856 0.2199489767918767 0 -0.2199489767918767 0.9759641697323856
0.9879861813433695 0.2176570624842834 0 -0.2176570624842834 0.9879861813433695
0.04537695643540439 0.3064332292144517 0 -0.3064332292144517 0.04537695643540439
0.05732746821457604 0.3093262426195519 0 -0.3093262426195519 0.05732746821457604
0.06935586967164252 0.3119148989338345 0 -0.3119148989338345 0.06935586967164252
0.08143505003137938 0.3142818049850312 0 -0.3142818049850312 0.08143505003137938
0.0935562003990954 0.3164474090241194 0 -0.3164474090241194 0.0935562003990954
0.1057120696875306 0.3184305911366442 0 -0.3184305911366442 0.1057120696875306
0.1178978357926632 0.3202412462151835 0 -0.3202412462151835 0.1178978357926632
0.1301082317275313 0.3218961313563367 0 -0.3218961313563367 0.1301082317275313
0.1423402668475766 0.3234003350226137 0 -0.3234003350226137 0.1423402668475766
0.1545904611551111 0.3247652968362996 0 -0.3247652968362996 0.1545904611551111
0.1668561691113999 0.3259985503932609 0 -0.3259985503932609 0.1668561691113999
0.1791353806164266 0.3271042488189184 0 -0.3271042488189184 0.1791353806164266
0.1914258194975585 0.3280915470465146 0 -0.3280915470465146 0.1914258194975585
0.2037258841966203 0.3289640725055654 0 -0.3289640725055654 0.2037258841966203
0.216034159824252 0.3297254685905435 0 -0.3297254685905435 0.216034159824252
0.2283491192100555 0.3303821973590749 0 -0.3303821973590749 0.2283491192100555
0.2406696502518037 0.3309371902909391 0 -0.3309371902909391 0.2406696502518037
0.2529946742625563 0.3313934892143964 0 -0.3313934892143964 0.2529946742625563
0.2653231796744773 0.3317555963611188 0 -0.3317555963611188 0.2653231796744773
0.2776542922021455 0.3320261769043185 0 -0.3320261769043185 0.2776542922021455
0.2899872207464905 0.332207379713179 0 -0.332207379713179 0.2899872207464905
0.3023212347163857 0.3323023771838852 0 -0.3323023771838852 0.3023212347163857
0.3146556387494109 0.3323140062756534 0 -0.3323140062756534 0.3146556387494109
0.3269898314979545 0.3322436030063409 0 -0.3322436030063409 0.3269898314979545
0.3393232154392526 0.3320925742094362 0 -0.3320925742094362 0.3393232154392526
0.3516553317872256 0.3318662213073454 0 -0.3318662213073454 0.3516553317872256
0.3639857254179095 0.3315672824055309 0 -0.3315672824055309 0.3639857254179095
0.3763137487071879 0.3311904172946329 0 -0.3311904172946329 0.3763137487071879
0.3886393601102654 0.3307479938440212 0 -0.3307479938440212 0.3886393601102654
0.4009628308293028 0.330254882553761 0 -0.330254882553761 0.4009628308293028
0.4132838819028112 0.3297098819557581 0 -0.3297098819557581 0.4132838819028112
0.4256022132182398 0.3291119618274768 0 -0.3291119618274768 0.4256022132182398
0.4379178836244872 0.3284665191076033 0 -0.3284665191076033 0.4379178836244872
0.45023079255589 0.3277754189776451 0 -0.3277754189776451 0.45023079255589
0.4625406538784004 0.3270369865969249 0 -0.3270369865969249 0.4625406538784004
0.4748474666118494 0.3262541262097819 0 -0.3262541262097819 0.4748474666118494
0.4871511838562715 0.325428653944375 0 -0.325428653944375 0.4871511838562715
0.4994514967739224 0.324558672479958 0 -0.324558672479958 0.4994514967739224
0.51174842550838 0.3236466144047905 0 -0.3236466144047905 0.51174842550838
0.5240420431758894 0.3226952585030998 0 -0.3226952585030998 0.5240420431758894
0.5363320643998198 0.3217029165833941 0 -0.3217029165833941 0.5363320643998198
0.5486184055791525 0.3206703672988178 0 -0.3206703672988178 0.5486184055791525
0.5609011979915787 0.3196004525395469 0 -0.3196004525395469 0.5609011979915787
0.573180299013817 0.3184931295415645 0 -0.3184931295415645 0.573180299013817
0.5854554499634922 0.317347028770579 0 -0.317347028770579 0.5854554499634922
0.5977268097515236 0.3161649149048933 0 -0.3161649149048933 0.5977268097515236
0.609994398657609 0.3149480956331329 0 -0.3149480956331329 0.609994398657609
0.6222578131068461 0.3136940090811433 0 -0.3136940090811433 0.6222578131068461
0.6345172002825331 0.3124048952938857 0 -0.3124048952938857 0.6345172002825331
0.6467726743409296 0.3110827930918076 0 -0.3110827930918076 0.6467726743409296
0.6590237962223633 0.3097248375557469 0 -0.3097248375557469 0.6590237962223633
0.671270634417547 0.3083325770715829 0 -0.3083325770715829 0.671270634417547
0.6835134169346141 0.3069085362079428 0 -0.3069085362079428 0.6835134169346141
0.6957516845969136 0.3054499803773436 0 -0.3054499803773436 0.6957516845969136
0.7079854262091569 0.3039576712061612 0 -0.3039576712061612 0.7079854262091569
0.7202148954140662 0.3024341761872471 0 -0.3024341761872471 0.7202148954140662
0.7324395832054462 0.3008765310230863 0 -0.3008765310230863 0.7324395832054462
0.7446594960544269 0.2992855495306117 0 -0.2992855495306117 0.7446594960544269
0.7568749553483618 0.2976641001358569 0 -0.2976641001358569 0.7568749553483618
0.7690853456205226 0.2960086970135247 0 -0.2960086970135247 0.7690853456205226
0.7812907754258782 0.2943206476633228 0 -0.2943206476633228 0.7812907754258782
0.7934914444889656 0.2926019275827748 0 -0.2926019275827748 0.7934914444889656
0.8056866172034918 0.2908484737610509 0 -0.2908484737610509 0.8056866172034918
0.8178767019391519 0.2890634220292264 0 -0.2890634220292264 0.8178767019391519
0.8300614475517417 0.2872459094206291 0 -0.2872459094206291 0.8300614475517417
0.8422404174559742 0.2853939169951243 0 -0.2853939169951243 0.8422404174559742
0.854414181508651 0.2835114920149955 0 -0.2835114920149955 0.854414181508651
0.8665818326856417 0.281593709585323 0 -0.281593709585323 0.8665818326856417
0.8787439102245835 0.2796444698250264 0 -0.2796444698250264 0.8787439102245835
0.8908996027867799 0.2776597233611476 0 -0.2776597233611476 0.8908996027867799
0.9030493242559696 0.2756422566177217 0 -0.2756422566177217 0.9030493242559696
0.9151924148202004 0.2735890967323466 0 -0.2735890967323466 0.9151924148202004
0.9273292217011436 0.271503008121883 0 -0.271503008121883 0.9273292217011436
0.9394589432667946 0.2693801701490081 0 -0.2693801701490081 0.9394589432667946
0.9515819884755889 0.2672236675152115 0 -0.2672236675152115 0.9515819884755889
0.9636978479522357 0.2650306628766739 0 -0.2650306628766739 0.9636978479522357
0.9758061540235332 0.2628009553382806 0 -0.2628009553382806 0.9758061540235332
0.9879071270498476 0.2605350229713876 0 -0.2605350229713876 0.9879071270498476
0.03843583230365373 0.3551376578932954 0 -0.3551376578932954 0.03843583230365373
0.05047913373731958 0.3579925231950289 0 -0.3579925231950289 0.05047913373731958
0.062599297773293 0.3605470447456612 0 -0.3605470447456612 0.062599297773293
0.07476957112679164 0.3628827400956487 0 -0.3628827400956487 0.07476957112679164
0.08698126105973103 0.3650197878594786 0 -0.3650197878594786 0.08698126105973103
0.09922721209976323 0.3669768191644838 0 -0.3669768191644838 0.09922721209976323
0.1115026657285106 0.3687635984263565 0 -0.3687635984263565 0.1115026657285106
0.1238024244110086 0.3703966617778238 0 -0.3703966617778238 0.1238024244110086
0.1361235369381941 0.3718810305834727 0 -0.3718810305834727 0.1361235369381941
0.1484625692006251 0.3732279936194542 0 -0.3732279936194542 0.1484625692006251
0.1608169105443973 0.3744449851414836 0 -0.3744449851414836 0.1608169105443973
0.1731845773752484 0.3755361035106809 0 -0.3755361035106809 0.1731845773752484
0.1855633235348099 0.3765103829407186 0 -0.3765103829407186 0.1855633235348099
0.1979515685835108 0.3773714030287886 0 -0.3773714030287886 0.1979515685835108
0.2103479162891273 0.3781227591265213 0 -0.3781227591265213 0.2103479162891273
0.2227508596189673 0.3787708280810009 0 -0.3787708280810009 0.2227508596189673
0.2351593011353018 0.3793185027166759 0 -0.3793185027166759 0.2351593011353018
0.2475721763750653 0.3797687847513883 0 -0.3797687847513883 0.2475721763750653
0.2599884871092452 0.3801261170490947 0 -0.3801261170490947 0.2599884871092452
0.2724073705809976 0.3803931296392701 0 -0.3803931296392701 0.2724073705809976
0.2848280461229111 0.3805719430554943 0 -0.3805719430554943 0.2848280461229111
0.297249792777643 0.3806656878618278 0 -0.3806656878618278 0.297249792777643
0.3096719243520205 0.3806771636085307 0 -0.3806771636085307 0.3096719243520205
0.3220938474279742 0.3806076886963464 0 -0.3806076886963464 0.3220938474279742
0.3345149723618464 0.3804586514078545 0 -0.3804586514078545 0.3345149723618464
0.3469348464172418 0.3802352832593874 0 -0.3802352832593874 0.3469348464172418
0.3593530204715912 0.3799402862509656 0 -0.3799402862509656 0.3593530204715912
0.3717688554405355 0.3795683905907584 0 -0.3795683905907584 0.3717688554405355
0.3841823103271007 0.3791318010618698 0 -0.3791318010618698 0.3841823103271007
0.3965936527572985 0.3786451920776949 0 -0.3786451920776949 0.3965936527572985
0.4090026074481055 0.3781073780130413 0 -0.3781073780130413 0.4090026074481055
0.4214088782443412 0.3775173422301833 0 -0.3775173422301833 0.4214088782443412
0.433812523218906 0.3768804105022281 0 -0.3768804105022281 0.433812523218906
0.4462134431322239 0.3761984234158661 0 -0.3761984234158661 0.4462134431322239
0.4586113556232926 0.3754697282153488 0 -0.3754697282153488 0.4586113556232926
0.4710062597248676 0.3746971908488181 0 -0.3746971908488181 0.4710062597248676
0.4833981091554203 0.3738826034964472 0 -0.3738826034964472 0.4833981091554203
0.4957865991496289 0.3730240938561045 0 -0.3730240938561045 0.4957865991496289
0.5081717495854527 0.3721240624392441 0 -0.3721240624392441 0.5081717495854527
0.5205536326150055 0.3711852513882494 0 -0.3711852513882494 0.5205536326150055
0.5329319666247144 0.3702059947726049 0 -0.3702059947726049 0.5329319666247144
0.5453066691159478 0.3691870609779114 0 -0.3691870609779114 0.5453066691159478
0.5576778696353302 0.3681312544203682 0 -0.3681312544203682 0.5576778696353302
0.5700454274402527 0.3670385328998563 0 -0.3670385328998563 0.5700454274402527
0.5824090872593993 0.3659075449411556 0 -0.3659075449411556 0.5824090872593993
0.5947690059082449 0.3647410187667297 0 -0.3647410187667297 0.5947690059082449
0.6071252033990733 0.3635402448216473 0 -0.3635402448216473 0.6071252033990733
0.6194772814786358 0.3623026950133599 0 -0.3623026950133599 0.6194772814786358
0.6318253853894303 0.3610305798489548 0 -0.3610305798489548 0.6318253853894303
0.6441696277824189 0.3597259112644094 0 -0.3597259112644094 0.6441696277824189
0.656509575387496 0.3583858621182055 0 -0.3583858621182055 0.656509575387496
0.6688452957922359 0.3570119603787633 0 -0.3570119603787633 0.6688452957922359
0.6811770139981919 0.3556066973250253 0 -0.3556066973250253 0.6811770139981919
0.6935042768835473 0.3541673744285617 0 -0.3541673744285617 0.6935042768835473
0.7058270734006383 0.3526947432727254 0 -0.3526947432727254 0.7058270734006383
0.7181456538475811 0.3511913374946718 0 -0.3511913374946718 0.7181456538475811
0.7304595159300822 0.3496542318849617 0 -0.3496542318849617 0.7304595159300822
0.7427686660339415 0.3480842295293048 0 -0.3480842295293048 0.7427686660339415
0.7550734213086059 0.3464841610298482 0 -0.3464841610298482 0.7550734213086059
0.7673731744030687 0.3448505865263846 0 -0.3448505865263846 0.7673731744030687
0.779668032440861 0.3431847962775565 0 -0.3431847962775565 0.779668032440861
0.7919581925128957 0.3414887397314115 0 -0.3414887397314115 0.7919581925128957
0.8042429287127946 0.3397584074531438 0 -0.3397584074531438 0.8042429287127946
0.8165226440253728 0.3379968939238622 0 -0.3379968939238622 0.8165226440253728
0.8287970906180858 0.3362033475562204 0 -0.3362033475562204 0.8287970906180858
0.8410658376625852 0.3343757760324061 0 -0.3343757760324061 0.8410658376625852
0.8533294475013777 0.3325181732463439 0 -0.3325181732463439 0.8533294475013777
0.8655870250706124 0.3306256792441881 0 -0.3306256792441881 0.8655870250706124
0.8778391024973851 0.3287021427167741 0 -0.3287021427167741 0.8778391024973851
0.890084879141543 0.3267435676873341 0 -0.3267435676873341 0.890084879141543
0.9023247634292361 0.3247527038373191 0 -0.3247527038373191 0.9023247634292361
0.9145581042489807 0.3227266175053409 0 -0.3227266175053409 0.9145581042489807
0.9267852442438842 0.3206680366558686 0 -0.3206680366558686 0.9267852442438842
0.939005392352491 0.3185731910315967 0 -0.3185731910315967 0.939005392352491
0.951218952140594 0.3164451246582579 0 -0.3164451246582579 0.951218952140594
0.9634254209496701 0.3142810376060606 0 -0.3142810376060606 0.9634254209496701
0.9756244359547618 0.3120807316289507 0 -0.3120807316289507 0.9756244359547618
0.9878162146105003 0.3098446784942984 0 -0.3098446784942984 0.9878162146105003
0.03045353922156292 0.4111477531938161 0 -0.4111477531938161 0.03045353922156292
0.04260354876231711 0.4139587481751119 0 -0.4139587481751119 0.04260354876231711
0.05482923976840438 0.416474014746172 0 -0.416474014746172 0.05482923976840438
0.06710427006906783 0.4187738177885348 0 -0.4187738177885348 0.06710427006906783
0.0794200805063265 0.4208780258347103 0 -0.4208780258347103 0.0794200805063265
0.09176962556498577 0.4228049837100757 0 -0.4228049837100757 0.09176962556498577
0.1041482198501616 0.4245643057818986 0 -0.4245643057818986 0.1041482198501616
0.1165507456966901 0.4261722740744419 0 -0.4261722740744419 0.1165507456966901
0.1289742972463294 0.4276338327896783 0 -0.4276338327896783 0.1289742972463294
0.1414154931611221 0.4289600972306978 0 -0.4289600972306978 0.1414154931611221
0.1538717629047213 0.4301583874120362 0 -0.4301583874120362 0.1538717629047213
0.1663411533644834 0.4312327387158655 0 -0.4312327387158655 0.1663411533644834
0.1788214528984444 0.4321920465283468 0 -0.4321920465283468 0.1788214528984444
0.1913111053534299 0.4330398354394971 0 -0.4330398354394971 0.1913111053534299
0.2038087359529232 0.4337796455516759 0 -0.4337796455516759 0.2038087359529232
0.2163128608225952 0.4344177557198406 0 -0.4344177557198406 0.2163128608225952
0.2288223993888906 0.4349570143148068 0 -0.4349570143148068 0.2288223993888906
0.2413363035462006 0.4354003769274332 0 -0.4354003769274332 0.2413363035462006
0.2538535904051595 0.4357522181488012 0 -0.4357522181488012 0.2538535904051595
0.2663734104667887 0.436015127593087 0 -0.436015127593087 0.2663734104667887
0.2788949950600848 0.4361911932079237 0 -0.4361911932079237 0.2788949950600848
0.2914176343065568 0.4362834974504272 0 -0.4362834974504272 0.2914176343065568
0.3039406525576675 0.4362947968505563 0 -0.4362947968505563 0.3039406525576675
0.3164634655143208 0.4362263895493727 0 -0.4362263895493727 0.3164634655143208
0.3289854925938315 0.4360796424959092 0 -0.4360796424959092 0.3289854925938315
0.3415062880169419 0.435859706814511 0 -0.435859706814511 0.3415062880169419
0.3540254095626872 0.4355692429839383 0 -0.4355692429839383 0.3540254095626872
0.3665422279674291 0.4352030621925218 0 -0.4352030621925218 0.3665422279674291
0.3790567028641886 0.4347731816741525 0 -0.4347731816741525 0.3790567028641886
0.3915690977664051 0.4342940503425453 0 -0.4342940503425453 0.3915690977664051
0.404079141621292 0.4337645007918463 0 -0.4337645007918463 0.404079141621292
0.416586542824644 0.4331835320068604 0 -0.4331835320068604 0.416586542824644
0.4290913585569635 0.4325563879202769 0 -0.4325563879202769 0.4290913585569635
0.4415934911036751 0.4318848808347456 0 -0.4318848808347456 0.4415934911036751
0.454092662442779 0.4311673833921858 0 -0.4311673833921858 0.454092662442779
0.4665888716218946 0.4304067175001119 0 -0.4304067175001119 0.4665888716218946
0.4790820730706944 0.4296046477985117 0 -0.4296046477985117 0.4790820730706944
0.491571966707144 0.4287593307566617 0 -0.4287593307566617 0.491571966707144
0.5040585721037399 0.4278731299976886 0 -0.4278731299976886 0.5040585721037399
0.5165419603038464 0.426948745525853 0 -0.426948745525853 0.5165419603038464
0.529021854021407 0.4259845370107636 0 -0.4259845370107636 0.529021854021407
0.5414981720255337 0.4249812610303454 0 -0.4249812610303454 0.5414981720255337
0.5539710418721264 0.4239416789057223 0 -0.4239416789057223 0.5539710418721264
0.5664403249813483 0.4228657490852588 0 -0.4228657490852588 0.5664403249813483
0.5789057700046025 0.4217521408616672 0 -0.4217521408616672 0.5789057700046025
0.5913675313476018 0.4206035405331944 0 -0.4206035405331944 0.5913675313476018
0.6038256287151045 0.4194212187148179 0 -0.4194212187148179 0.6038256287151045
0.6162796699737643 0.4182026861628377 0 -0.4182026861628377 0.6162796699737643
0.6287297981341575 0.4169501194157849 0 -0.4169501194157849 0.6287297981341575
0.6411761241161545 0.4156654994924944 0 -0.4156654994924944 0.6411761241161545
0.6536182213076516 0.4143460426957413 0 -0.4143460426957413 0.6536182213076516
0.6660561562576144 0.412993253513866 0 -0.412993253513866 0.6660561562576144
0.6784901505100283 0.4116095849426722 0 -0.4116095849426722 0.6784901505100283
0.6909197579061365 0.4101923799216434 0 -0.4101923799216434 0.6909197579061365
0.7033449675680434 0.4087423784846549 0 -0.4087423784846549 0.7033449675680434
0.7157660259475692 0.4072620753348107 0 -0.4072620753348107 0.7157660259475692
0.7281824384691062 0.4057485902139599 0 -0.4057485902139599 0.7281824384691062
0.7405942114203254 0.4042027138669056 0 -0.4042027138669056 0.7405942114203254
0.7530016570770821 0.4026272333983234 0 -0.4026272333983234 0.7530016570770821
0.7654041774214482 0.4010187618078614 0 -0.4010187618078614 0.7654041774214482
0.7778018779308021 0.3993785695269367 0 -0.3993785695269367 0.7778018779308021
0.7901949526673886 0.3977085760466979 0 -0.3977085760466979 0.7901949526673886
0.8025826868797313 0.3960048335447695 0 -0.3960048335447695 0.8025826868797313
0.8149654773600346 0.3942703889497969 0 -0.3942703889497969 0.8149654773600346
0.8273430800841615 0.3925044037606591 0 -0.3925044037606591 0.8273430800841615
0.8397150708442438 0.3907049162752157 0 -0.3907049162752157 0.8397150708442438
0.8520820033413481 0.388875859013776 0 -0.388875859013776 0.8520820033413481
0.8644429962659468 0.3870124467047328 0 -0.3870124467047328 0.8644429962659468
0.8767985735680113 0.3851184688966218 0 -0.3851184688966218 0.8767985735680113
0.8891479469107157 0.3831899910182973 0 -0.3831899910182973 0.8891479469107157
0.901491518443982 0.3812297204972358 0 -0.3812297204972358 0.901491518443982
0.9138286470618662 0.3792347687532181 0 -0.3792347687532181 0.9138286470618662
0.9261596701421266 0.3772078218304603 0 -0.3772078218304603 0.9261596701421266
0.9384838087794396 0.3751451674086793 0 -0.3751451674086793 0.9384838087794396
0.9508014603380585 0.3730498027364857 0 -0.3730498027364857 0.9508014603380585
0.9631121298837438 0.3709189709102219 0 -0.3709189709102219 0.9631121298837438
0.9754154601670193 0.368752476730253 0 -0.368752476730253 0.9754154601670193
0.9877116653009211 0.3665507847143655 0 -0.3665507847143655 0.9877116653009211
0.02127390244062879 0.4755593609405221 0 -0.4755593609405221 0.02127390244062879
0.03354662630101195 0.4783199050545899 0 -0.4783199050545899 0.03354662630101195
0.04589367331924661 0.480790028400265 0 -0.480790028400265 0.04589367331924661
0.05828917410569164 0.4830485552898706 0 -0.4830485552898706 0.05828917410569164
0.07072472311948048 0.4851149976616536 0 -0.4851149976616536 0.07072472311948048
0.08319340129614147 0.487007371093752 0 -0.487007371093752 0.08319340129614147
0.09569060733280554 0.488735117397749 0 -0.488735117397749 0.09569060733280554
0.108211315414577 0.4903142263731837 0 -0.4903142263731837 0.108211315414577
0.1207526718366569 0.4917495534850235 0 -0.4917495534850235 0.1207526718366569
0.1333113559482936 0.4930520145423442 0 -0.4930520145423442 0.1333113559482936
0.1458848433483296 0.4942287981823297 0 -0.4942287981823297 0.1458848433483296
0.1584712159779818 0.4952838673613636 0 -0.4952838673613636 0.1584712159779818
0.1710683018891505 0.496225957813973 0 -0.496225957813973 0.1710683018891505
0.1836745728580161 0.4970585308719264 0 -0.4970585308719264 0.1836745728580161
0.1962886787821249 0.4977850631009229 0 -0.4977850631009229 0.1962886787821249
0.2089091624192642 0.4984117206649775 0 -0.4984117206649775 0.2089091624192642
0.2215349625896778 0.4989413008132293 0 -0.4989413008132293 0.2215349625896778
0.2341650499988317 0.4993767060905084 0 -0.4993767060905084 0.2341650499988317
0.2467984593979538 0.4997222325740916 0 -0.4997222325740916 0.2467984593979538
0.2594343565346099 0.499980423400562 0 -0.499980423400562 0.2594343565346099
0.2720719865336655 0.5001533290437161 0 -0.5001533290437161 0.2720719865336655
0.2847106522573085 0.5002439766376854 0 -0.5002439766376854 0.2847106522573085
0.2973496901833327 0.5002550732390826 0 -0.5002550732390826 0.2973496901833327
0.3099885264994607 0.5001878936903361 0 -0.5001878936903361 0.3099885264994607
0.3226265910431253 0.5000437804069018 0 -0.5000437804069018 0.3226265910431253
0.3352634460357772 0.4998277920623415 0 -0.4998277920623415 0.3352634460357772
0.3478986571932958 0.4995425413859667 0 -0.4995425413859667 0.3478986571932958
0.3605316065458722 0.4991829326932922 0 -0.4991829326932922 0.3605316065458722
0.3731622544510208 0.49876076753662 0 -0.49876076753662 0.3731622544510208
0.385790859692724 0.49829023550504 0 -0.49829023550504 0.385790859692724
0.398417156082966 0.4977701901449368 0 -0.4977701901449368 0.398417156082966
0.411040857251164 0.4971996484070259 0 -0.4971996484070259 0.411040857251164
0.4236620193515621 0.4965837601075179 0 -0.4965837601075179 0.4236620193515621
0.4362805464233357 0.4959243050224164 0 -0.4959243050224164 0.4362805464233357
0.4488961654343383 0.4952196850009593 0 -0.4952196850009593 0.4488961654343383
0.4615088754492817 0.4944726713039392 0 -0.4944726713039392 0.4615088754492817
0.4741186317157207 0.4936849969001331 0 -0.4936849969001331 0.4741186317157207
0.4867251395374003 0.4928548513459345 0 -0.4928548513459345 0.4867251395374003
0.4993284181355362 0.4919845558428956 0 -0.4919845558428956 0.4993284181355362
0.511928537278429 0.4910767619364372 0 -0.4910767619364372 0.511928537278429
0.5245252246566664 0.4901298587363094 0 -0.4901298587363094 0.5245252246566664
0.5371184004972667 0.4891445892416114 0 -0.4891445892416114 0.5371184004972667
0.5497081900667957 0.4881236652141311 0 -0.4881236652141311 0.5497081900667957
0.5622944572726041 0.4870670458479889 0 -0.4870670458479889 0.5622944572726041
0.5748769552772225 0.4859734243190192 0 -0.4859734243190192 0.5748769552772225
0.5874558357151374 0.4848454387126205 0 -0.4848454387126205 0.5874558357151374
0.600031117937452 0.4836843368391666 0 -0.4836843368391666 0.600031117937452
0.612602416848708 0.4824876741311319 0 -0.4824876741311319 0.612602416848708
0.6251698728927724 0.4812575880632083 0 -0.4812575880632083 0.6251698728927724
0.6377335949987597 0.479996024099519 0 -0.479996024099519 0.6377335949987597
0.6502931642112683 0.4787002485037739 0 -0.4787002485037739 0.6502931642112683
0.6628486458848635 0.4773717387622233 0 -0.4773717387622233 0.6628486458848635
0.6754002575873281 0.4760129038450621 0 -0.4760129038450621 0.6754002575873281
0.6879475611674239 0.4746211343798726 0 -0.4746211343798726 0.6879475611674239
0.7004905459424895 0.4731971571186315 0 -0.4731971571186315 0.7004905459424895
0.7130294539411026 0.4717434219902846 0 -0.4717434219902846 0.7130294539411026
0.7255637994641464 0.4702571004306618 0 -0.4702571004306618 0.7255637994641464
0.7380935886864423 0.4687389689925234 0 -0.4687389689925234 0.7380935886864423
0.7506191282792155 0.4671917647584541 0 -0.4671917647584541 0.7506191282792155
0.7631398309575782 0.4656121615169346 0 -0.4656121615169346 0.7631398309575782
0.7756558003058333 0.4640014068980723 0 -0.4640014068980723 0.7756558003058333
0.7881672269032569 0.4623613859425845 0 -0.4623613859425845 0.7881672269032569
0.8006734088265109 0.4606882216823872 0 -0.4606882216823872 0.8006734088265109
0.8131747357462955 0.4589849063607954 0 -0.4589849063607954 0.8131747357462955
0.8256709680181438 0.4572506165258462 0 -0.4572506165258462 0.8256709680181438
0.8381616890477381 0.455483425683421 0 -0.455483425683421 0.8381616890477381
0.8506474425984911 0.4536871957741737 0 -0.4536871957741737 0.8506474425984911
0.8631273631783442 0.4518572274110684 0 -0.4518572274110684 0.8631273631783442
0.8756019653335783 0.4499972421289987 0 -0.4499972421289987 0.8756019653335783
0.8880704748761917 0.4481033759732819 0 -0.4481033759732819 0.8880704748761917
0.9005332867384441 0.4461782877793253 0 -0.4461782877793253 0.9005332867384441
0.9129897713207631 0.4442191408102526 0 -0.4442191408102526 0.9129897713207631
0.925440259945755 0.4422285729019906 0 -0.4422285729019906 0.925440259945755
0.9378839876876475 0.4402029383618298 0 -0.4402029383618298 0.9378839876876475
0.9503213447789235 0.4381451806446922 0 -0.4381451806446922 0.9503213447789235
0.9627518451682699 0.4360525923269719 0 -0.4360525923269719 0.9627518451682699
0.9751751380180137 0.433924981712417 0 -0.433924981712417 0.9751751380180137
0.9875914335983559 0.4317628049817927 0 -0.4317628049817927 0.9875914335983559
0.01071731955232985 0.5496327139904398 0 -0.5496327139904398 0.01071731955232985
0.0231311648881756 0.5523352396036791 0 -0.5523352396036791 0.0231311648881756
0.035617771328182 0.5547534482369852 0 -0.5547534482369852 0.035617771328182
0.0481518131810213 0.5569645075479916 0 -0.5569645075479916 0.0481518131810213
0.06072506156551837 0.5589875193915207 0 -0.5589875193915207 0.06072506156551837
0.07333074283554097 0.5608401207113631 0 -0.5608401207113631 0.07333074283554097
0.08596435239404281 0.5625315548800547 0 -0.5625315548800547 0.08596435239404281
0.09862097005394233 0.5640774756386823 0 -0.5640774756386823 0.09862097005394233
0.1112978020869036 0.565482636404653 0 -0.565482636404653 0.1112978020869036
0.123991597632465 0.5667577235689127 0 -0.5667577235689127 0.123991597632465
0.1366998853449402 0.567909774684682 0 -0.567909774684682 0.1366998853449402
0.1494207874774875 0.5689426694186832 0 -0.5689426694186832 0.1494207874774875
0.1621521777299542 0.5698649599060552 0 -0.5698649599060552 0.1621521777299542
0.1748925599972805 0.570680034731575 0 -0.570680034731575 0.1748925599972805
0.1876406125521863 0.5713912973937794 0 -0.5713912973937794 0.1876406125521863
0.2003949087793946 0.5720047844620919 0 -0.5720047844620919 0.2003949087793946
0.2131544098020199 0.5725232343957203 0 -0.5725232343957203 0.2131544098020199
0.2259181079582648 0.5729494887365587 0 -0.5729494887365587 0.2259181079582648
0.2386850582860412 0.5732877532710029 0 -0.5732877532710029 0.2386850582860412
0.251454444066442 0.5735405176864022 0 -0.5735405176864022 0.251454444066442
0.2642255262895826 0.5737097893616379 0 -0.5737097893616379 0.2642255262895826
0.276997622469433 0.5737985318094048 0 -0.5737985318094048 0.276997622469433
0.2897700830290676 0.5738093951919664 0 -0.5738093951919664 0.2897700830290676
0.3025423462160517 0.5737436275583204 0 -0.5737436275583204 0.3025423462160517
0.3153138538509547 0.5736025431103073 0 -0.5736025431103073 0.3153138538509547
0.3280841773560416 0.5733910942030824 0 -0.5733910942030824 0.3280841773560416
0.3408528915745643 0.5731118386540887 0 -0.5731118386540887 0.3408528915745643
0.3536193915246172 0.5727597878751077 0 -0.5727597878751077 0.3536193915246172
0.3663836383968833 0.5723464953846007 0 -0.5723464953846007 0.3663836383968833
0.3791458855364682 0.5718858525483224 0 -0.5718858525483224 0.3791458855364682
0.3919058723498437 0.5713767370077328 0 -0.5713767370077328 0.3919058723498437
0.4046633184850925 0.5708181863743458 0 -0.5708181863743458 0.4046633184850925
0.4174182789162618 0.570215242230415 0 -0.570215242230415 0.4174182789162618
0.4301706596993412 0.5695696469462992 0 -0.5695696469462992 0.4301706596993412
0.4429201935405145 0.5688798359596551 0 -0.5688798359596551 0.4429201935405145
0.4556668795241506 0.5681485222875413 0 -0.5681485222875413 0.4556668795241506
0.4684106738383692 0.5673774024768399 0 -0.5673774024768399 0.4684106738383692
0.4811512879805614 0.5665647041341324 0 -0.5665647041341324 0.4811512879805614
0.49388874076797 0.5657126996761567 0 -0.5657126996761567 0.49388874076797
0.5066231005025725 0.5648239849206651 0 -0.5648239849206651 0.5066231005025725
0.5193541005980985 0.5638969828335716 0 -0.5638969828335716 0.5193541005980985
0.5320816629581571 0.5629324207983251 0 -0.5629324207983251 0.5320816629581571
0.5448059102165803 0.5619329535834744 0 -0.5619329535834744 0.5448059102165803
0.5575267091409855 0.5608985412407589 0 -0.5608985412407589 0.5575267091409855
0.5702438180816988 0.5598279044116049 0 -0.5598279044116049 0.5702438180816988
0.5829573854862968 0.5587236257366323 0 -0.5587236257366323 0.5829573854862968
0.5956674302991803 0.557586926800919 0 -0.557586926800919 0.5956674302991803
0.6083735755184613 0.5564154144145427 0 -0.5564154144145427 0.6083735755184613
0.6210759586362914 0.5552111811287783 0 -0.5552111811287783 0.6210759586362914
0.6337746862924158 0.5539761315198279 0 -0.5539761315198279 0.6337746862924158
0.6464693483366409 0.5527075893064797 0 -0.5527075893064797 0.6464693483366409
0.6591600087499714 0.5514070009225776 0 -0.5514070009225776 0.6591600087499714
0.6718468805275565 0.5500767247088656 0 -0.5500767247088656 0.6718468805275565
0.6845295347268061 0.5487142061342413 0 -0.5487142061342413 0.6845295347268061
0.6972079608895759 0.5473201566764972 0 -0.5473201566764972 0.6972079608895759
0.7098823959577171 0.5458969747742949 0 -0.5458969747742949 0.7098823959577171
0.7225523644400765 0.5444418913115451 0 -0.5444418913115451 0.7225523644400765
0.7352178723816988 0.5429556665201578 0 -0.5429556665201578 0.7352178723816988
0.7478792200084838 0.5414409799573103 0 -0.5414409799573103 0.7478792200084838
0.7605358323785412 0.5398945753186448 0 -0.5398945753186448 0.7605358323785412
0.7731878108991377 0.5383176740127612 0 -0.5383176740127612 0.7731878108991377
0.7858353421441334 0.5367121214623777 0 -0.5367121214623777 0.7858353421441334
0.7984777389425508 0.5350741221818509 0 -0.5350741221818509 0.7984777389425508
0.8111153827753603 0.5334066055263622 0 -0.5334066055263622 0.8111153827753603
0.8237480390347151 0.5317087653504808 0 -0.5317087653504808 0.8237480390347151
0.8363752998818826 0.5299787156493169 0 -0.5299787156493169 0.8363752998818826
0.8489976976519709 0.5282202371969145 0 -0.5282202371969145 0.8489976976519709
0.8616143850430135 0.5264287293735015 0 -0.5264287293735015 0.8616143850430135
0.874225865787045 0.5246078354982775 0 -0.5246078354982775 0.874225865787045
0.8868313819672137 0.5227537728254982 0 -0.5227537728254982 0.8868313819672137
0.8994313202154669 0.5208691443096876 0 -0.5208691443096876 0.8994313202154669
0.9120250641645598 0.5189511728338162 0 -0.5189511728338162 0.9120250641645598
0.9246129381736737 0.5170024407942762 0 -0.5170024407942762 0.9246129381736737
0.9371941933935218 0.5150193791200715 0 -0.5150193791200715 0.9371941933935218
0.9497692118550499 0.5130048694033784 0 -0.5130048694033784 0.9497692118550499
0.962337517722311 0.5109562611226545 0 -0.5109562611226545 0.962337517722311
0.9748987675312059 0.5088733666105381 0 -0.5088733666105381 0.9748987675312059
0.9874531671326758 0.5067566324602192 0 -0.5067566324602192 0.9874531671326758
-0.001422750975266547 0.6348170714441704 -0 -0.6348170714441704 -0.001422750975266547
0.01115338406011726 0.6374528757808104 0 -0.6374528757808104 0.01115338406011726
0.02380048383788633 0.6398113824943663 0 -0.6398113824943663 0.02380048383788633
0.036493847919784 0.6419678540895466 0 -0.6419678540895466 0.036493847919784
0.04922545058328389 0.6439409208252251 0 -0.6439409208252251 0.04922545058328389
0.06198868541334694 0.6457477842156871 0 -0.6457477842156871 0.06198868541334694
0.07477915902462497 0.6473974594285604 0 -0.6473974594285604 0.07477915902462497
0.08759207270202474 0.6489052137377043 0 -0.6489052137377043 0.08759207270202474
0.1004247016901438 0.6502756832058297 0 -0.6502756832058297 0.1004247016901438
0.1132738753873558 0.6515192903930286 0 -0.6515192903930286 0.1132738753873558
0.126137183461767 0.6526428991059615 0 -0.6526428991059615 0.126137183461767
0.1390127945252697 0.653650293228238 0 -0.653650293228238 0.1390127945252697
0.1518986347728502 0.654549813755696 0 -0.654549813755696 0.1518986347728502
0.1647932450360236 0.6553447656140723 0 -0.6553447656140723 0.1647932450360236
0.1776953362189601 0.6560384682746646 0 -0.6560384682746646 0.1776953362189601
0.1906035169273594 0.6566368092731141 0 -0.6566368092731141 0.1906035169273594
0.2035167739326372 0.657142459460207 0 -0.657142459460207 0.2035167739326372
0.2164341244506442 0.6575581902244586 0 -0.6575581902244586 0.2164341244506442
0.2293546468489791 0.6578881035177505 0 -0.6578881035177505 0.2293546468489791
0.2422775445722913 0.6581346275608119 0 -0.6581346275608119 0.2422775445722913
0.2552020968557341 0.6582997201733704 0 -0.6582997201733704 0.2552020968557341
0.2681276380628268 0.6583862717034685 0 -0.6583862717034685 0.2681276380628268
0.2810535346537171 0.6583968668848654 0 -0.6583968668848654 0.2810535346537171
0.2939792387447896 0.6583327229541143 0 -0.6583327229541143 0.2939792387447896
0.3069042059372208 0.6581951216673967 0 -0.6581951216673967 0.3069042059372208
0.3198280182342128 0.6579888931136982 0 -0.6579888931136982 0.3198280182342128
0.3327502609754953 0.6577165319618125 0 -0.6577165319618125 0.3327502609754953
0.3456703441152527 0.6573731727842302 0 -0.6573731727842302 0.3456703441152527
0.3585882298023111 0.6569700838604901 0 -0.6569700838604901 0.3585882298023111
0.371504165127068 0.6565208135995052 0 -0.6565208135995052 0.371504165127068
0.3844178959296562 0.6560242673520738 0 -0.6560242673520738 0.3844178959296562
0.3973291487796235 0.6554795064896273 0 -0.6554795064896273 0.3973291487796235
0.410237977293791 0.654891448125368 0 -0.654891448125368 0.410237977293791
0.4231442898474841 0.6542617916131617 0 -0.6542617916131617 0.4231442898474841
0.4360478257459671 0.6535890110173459 0 -0.6535890110173459 0.4360478257459671
0.4489485840962149 0.6528757523746862 0 -0.6528757523746862 0.4489485840962149
0.4618465221679958 0.652123670346884 0 -0.652123670346884 0.4618465221679958
0.4747413585813947 0.6513310362982377 0 -0.6513310362982377 0.4747413585813947
0.4876331116890854 0.6505000665429478 0 -0.6505000665429478 0.4876331116890854
0.5005218481067744 0.6496332928119462 0 -0.6496332928119462 0.5005218481067744
0.5134073078298034 0.6487291770057374 0 -0.6487291770057374 0.5134073078298034
0.5262894146898618 0.6477884285497713 0 -0.6477884285497713 0.5262894146898618
0.5391682882931378 0.6468136366703701 0 -0.6468136366703701 0.5391682882931378
0.5520437986965548 0.6458047624055359 0 -0.6458047624055359 0.5520437986965548
0.5649157102164045 0.6447605579821258 0 -0.6447605579821258 0.5649157102164045
0.577784167635317 0.6436835422792633 0 -0.6436835422792633 0.577784167635317
0.5906491894299847 0.6425749067229358 0 -0.6425749067229358 0.5906491894299847
0.6035104079061266 0.6414323172074655 0 -0.6414323172074655 0.6035104079061266
0.6163679571614205 0.640257814622197 0 -0.640257814622197 0.6163679571614205
0.6292219412028381 0.6390532565222217 0 -0.6390532565222217 0.6292219412028381
0.6420719600061737 0.6378160326996696 0 -0.6378160326996696 0.6420719600061737
0.6549180759728385 0.6365475538781178 0 -0.6365475538781178 0.6549180759728385
0.6677604968394523 0.6352501201744383 0 -0.6352501201744383 0.6677604968394523
0.6805988042533702 0.6339212401250436 0 -0.6339212401250436 0.6805988042533702
0.6934329880146438 0.6325616076424148 0 -0.6325616076424148 0.6934329880146438
0.706263279215388 0.6311735619513843 0 -0.6311735619513843 0.706263279215388
0.7190892141036075 0.6297544023011574 0 -0.6297544023011574 0.7190892141036075
0.7319107985751039 0.6283048701546665 0 -0.6283048701546665 0.7319107985751039
0.7447283254436537 0.6268275789148688 0 -0.6268275789148688 0.7447283254436537
0.7575412339618131 0.6253193526706431 0 -0.6253193526706431 0.7575412339618131
0.7703496230332563 0.6237813826758561 0 -0.6237813826758561 0.7703496230332563
0.7831536746256171 0.6222154687925254 0 -0.6222154687925254 0.7831536746256171
0.7959527185331317 0.620617909239817 0 -0.620617909239817 0.7959527185331317
0.8087471268185806 0.6189915610515561 0 -0.6189915610515561 0.8087471268185806
0.8215366706662315 0.6173356379848257 0 -0.6173356379848257 0.8215366706662315
0.8343209523062736 0.6156483005973472 0 -0.6156483005973472 0.8343209523062736
0.847100490931265 0.613933236321565 0 -0.613933236321565 0.847100490931265
0.8598744601578452 0.6121859581200602 0 -0.6121859581200602 0.8598744601578452
0.8726433512816658 0.6104100193639841 0 -0.6104100193639841 0.8726433512816658
0.8854064250976976 0.608601730697871 0 -0.608601730697871 0.8854064250976976
0.898164058692529 0.6067636308132298 0 -0.6067636308132298 0.898164058692529
0.9109156509160913 0.6048930111558561 0 -0.6048930111558561 0.9109156509160913
0.9236615181196279 0.6029923903666748 0 -0.6029923903666748 0.9236615181196279
0.9364009299418096 0.6010582874896633 0 -0.6010582874896633 0.9364009299418096
0.9491342589818152 0.5990935129748381 0 -0.5990935129748381 0.9491342589818152
0.9618610411513691 0.5970954817380317 0 -0.5970954817380317 0.9618610411513691
0.974580941465981 0.5950640107451053 0 -0.5950640107451053 0.974580941465981
0.9872941606944441 0.592999535563538 0 -0.592999535563538 0.9872941606944441
-0.01538383138999634 0.7327790776599719 -0 -0.7327790776599719 -0.01538383138999634
-0.002621063209395532 0.735338152532007 -0 -0.735338152532007 -0.002621063209395532
0.01021060389765143 0.737628002040934 0 -0.737628002040934 0.01021060389765143
0.02308718853388406 0.7397216977657051 0 -0.7397216977657051 0.02308718853388406
0.03600089860921027 0.7416373276298823 0 -0.7416373276298823 0.03600089860921027
0.04894532002433873 0.7433915924038426 0 -0.7433915924038426 0.04894532002433873
0.06191618728736761 0.7449932448195824 0 -0.7449932448195824 0.06191618728736761
0.07490884137598343 0.7464571077136737 0 -0.7464571077136737 0.07490884137598343
0.08792063685365323 0.7477876821909316 0 -0.7477876821909316 0.08792063685365323
0.1009484954164066 0.7489950874059819 0 -0.7489950874059819 0.1009484954164066
0.113990076898208 0.7500859873569492 0 -0.7500859873569492 0.113990076898208
0.1270436032234905 0.7510640557768713 0 -0.7510640557768713 0.1270436032234905
0.1401070609566484 0.751937390851401 0 -0.751937390851401 0.1401070609566484
0.1531790334062548 0.7527092012983838 0 -0.7527092012983838 0.1531790334062548
0.1662582690026463 0.7533827099577975 0 -0.7533827099577975 0.1662582690026463
0.1793434168556438 0.7539636329764424 0 -0.7539636329764424 0.1793434168556438
0.1924334932322079 0.7544545634554223 0 -0.7544545634554223 0.1924334932322079
0.2055275439574833 0.754858192106872 0 -0.754858192106872 0.2055275439574833
0.218624674228207 0.7551785014729882 0 -0.7551785014729882 0.218624674228207
0.2317241106771171 0.7554178490878883 0 -0.7554178490878883 0.2317241106771171
0.2448251535211597 0.755578135778279 0 -0.755578135778279 0.2448251535211597
0.2579271565008347 0.7556621677528547 0 -0.7556621677528547 0.2579271565008347
0.2710295045189233 0.7556724545025992 0 -0.7556724545025992 0.2710295045189233
0.2841316656409514 0.7556101778297561 0 -0.7556101778297561 0.2841316656409514
0.2972331113157929 0.7554765821780007 0 -0.7554765821780007 0.2972331113157929
0.3103334357147269 0.7552763570302309 0 -0.7552763570302309 0.3103334357147269
0.3234322362484323 0.755011924434297 0 -0.755011924434297 0.3234322362484323
0.3365289400475953 0.7546785605974978 0 -0.7546785605974978 0.3365289400475953
0.3496235103629073 0.7542872057746275 0 -0.7542872057746275 0.3496235103629073
0.3627161870918521 0.7538510139742525 0 -0.7538510139742525 0.3627161870918521
0.3758067234732714 0.7533689224129058 0 -0.7533689224129058 0.3758067234732714
0.388894854036398 0.7528400197859244 0 -0.7528400197859244 0.388894854036398
0.401980630837243 0.7522690800671079 0 -0.7522690800671079 0.401980630837243
0.4150639649183677 0.751657753141358 0 -0.751657753141358 0.4150639649183677
0.428144603173979 0.7510045574936934 0 -0.7510045574936934 0.428144603173979
0.4412225447370476 0.7503120621335457 0 -0.7503120621335457 0.4412225447370476
0.454297748121239 0.7495818735546611 0 -0.7495818735546611 0.454297748121239
0.467369940137735 0.74881231344271 0 -0.74881231344271 0.467369940137735
0.480439138604955 0.7480055335939781 0 -0.7480055335939781 0.480439138604955
0.4935054081993937 0.747163992039558 0 -0.747163992039558 0.4935054081993937
0.5065684964852467 0.7462861954547301 0 -0.7462861954547301 0.5065684964852467
0.5196283295114961 0.7453728326132465 0 -0.7453728326132465 0.5196283295114961
0.5326850234025386 0.7444264173678737 0 -0.7444264173678737 0.5326850234025386
0.5457384519980006 0.7434469118908151 0 -0.7434469118908151 0.5457384519980006
0.5587883864750333 0.7424331047321713 0 -0.7424331047321713 0.5587883864750333
0.571834967401579 0.7413874414453491 0 -0.7413874414453491 0.571834967401579
0.5848782127164642 0.7403110787733826 0 -0.7403110787733826 0.5848782127164642
0.5979177654291568 0.7392017505574731 0 -0.7392017505574731 0.5979177654291568
0.6109537557336897 0.7380614382757469 0 -0.7380614382757469 0.6109537557336897
0.623986284609344 0.7368919454090223 0 -0.7368919454090223 0.623986284609344
0.6370149636768019 0.7356907377337676 0 -0.7356907377337676 0.6370149636768019
0.6500398535209393 0.7344591849067548 0 -0.7344591849067548 0.6500398535209393
0.6630611558310698 0.7331995200874067 0 -0.7331995200874067 0.6630611558310698
0.6760784644329839 0.7319093243397756 0 -0.7319093243397756 0.6760784644329839
0.6890917694236585 0.7305892713762334 0 -0.7305892713762334 0.6890917694236585
0.7021012951680115 0.729241632325714 0 -0.729241632325714 0.7021012951680115
0.7151065914140795 0.7278637850575072 0 -0.7278637850575072 0.7151065914140795
0.7281076638860351 0.7264564494502215 0 -0.7264564494502215 0.7281076638860351
0.7411047968737118 0.7250221628294652 0 -0.7250221628294652 0.7411047968737118
0.7540974459532789 0.723557841736335 0 -0.723557841736335 0.7540974459532789
0.7670857071492805 0.7220646427467554 0 -0.7220646427467554 0.7670857071492805
0.7800697571321892 0.7205443133279421 0 -0.7205443133279421 0.7800697571321892
0.7930489452062355 0.718993259459585 0 -0.718993259459585 0.7930489452062355
0.8060236326032841 0.7174142550059543 0 -0.7174142550059543 0.8060236326032841
0.8189935971685325 0.7158065366120233 0 -0.7158065366120233 0.8189935971685325
0.8319584527114291 0.714168318382514 0 -0.714168318382514 0.8319584527114291
0.8449187033106016 0.7125031804070354 0 -0.7125031804070354 0.8449187033106016
0.8578735466390848 0.7108067662678687 0 -0.7108067662678687 0.8578735466390848
0.8708234596906899 0.709082525895914 0 -0.709082525895914 0.8708234596906899
0.8837677247789828 0.7073268773345233 0 -0.7073268773345233 0.8837677247789828
0.8967067080133897 0.7055422853727391 0 -0.7055422853727391 0.8967067080133897
0.9096398257435943 0.703726120303603 0 -0.703726120303603 0.9096398257435943
0.9225673851117104 0.7018808274492563 0 -0.7018808274492563 0.9225673851117104
0.9354886770175603 0.7000030271858901 0 -0.7000030271858901 0.9354886770175603
0.9484040632137909 0.6980954481500424 0 -0.6980954481500424 0.9484040632137909
0.961313093121947 0.696155580510522 0 -0.696155580510522 0.961313093121947
0.9742154415090903 0.6941832465613964 0 -0.6941832465613964 0.9742154415090903
0.9871113032995417 0.6921788691905782 0 -0.6921788691905782 0.9871113032995417
-0.03143907413898619 0.8454353867170193 -0 -0.8454353867170193 -0.03143907413898619
-0.01846167783774924 0.8479062227032188 -0 -0.8479062227032188 -0.01846167783774924
-0.005417758298436222 0.8501171164254389 -0 -0.8501171164254389 -0.005417758298436222
0.007669529978851827 0.8521386198979705 0 -0.8521386198979705 0.007669529978851827
0.02079266358132689 0.8539881973587553 0 -0.8539881973587553 0.02079266358132689
0.03394544957281117 0.8556819737226674 0 -0.8556819737226674 0.03394544957281117
0.04712376953886871 0.8572283999207224 0 -0.8572283999207224 0.04712376953886871
0.06032312510388546 0.8586417876866014 0 -0.8586417876866014 0.06032312510388546
0.07354096204802994 0.8599264829235377 0 -0.8599264829235377 0.07354096204802994
0.08677430820963782 0.8610922558698643 0 -0.8610922558698643 0.08677430820963782
0.1000209041134117 0.8621455407438886 0 -0.8621455407438886 0.1000209041134117
0.1132790329932082 0.8630898846054849 0 -0.8630898846054849 0.1132790329932082
0.126546750838241 0.8639331064085907 0 -0.8639331064085907 0.126546750838241
0.1398226898057017 0.8646783042319737 0 -0.8646783042319737 0.1398226898057017
0.1531056414810184 0.8653285897895918 0 -0.8653285897895918 0.1531056414810184
0.1663943015537523 0.8658894821310746 0 -0.8658894821310746 0.1663943015537523
0.1796877202107412 0.8663634849453906 0 -0.8663634849453906 0.1796877202107412
0.1929849761778184 0.8667531961668358 0 -0.8667531961668358 0.1929849761778184
0.2062852055052307 0.8670624610164654 0 -0.8670624610164654 0.2062852055052307
0.2195876614920186 0.8672935557387943 0 -0.8672935557387943 0.2195876614920186
0.2328916684841901 0.8674483156185505 0 -0.8674483156185505 0.2328916684841901
0.2461966025057734 0.8675294501041795 0 -0.8675294501041795 0.2461966025057734
0.2595018696685785 0.8675393821574707 0 -0.8675393821574707 0.2595018696685785
0.272806956379644 0.8674792528312107 0 -0.8674792528312107 0.272806956379644
0.2861113523126964 0.8673502636596931 0 -0.8673502636596931 0.2861113523126964
0.2994146656323033 0.8671569424288116 0 -0.8671569424288116 0.2994146656323033
0.3127165076307355 0.8669016276723291 0 -0.8669016276723291 0.3127165076307355
0.326016325191657 0.8665797584775783 0 -0.8665797584775783 0.326016325191657
0.3393140828329038 0.8662018978708901 0 -0.8662018978708901 0.3393140828329038
0.3526100121801085 0.865780746300423 0 -0.865780746300423 0.3526100121801085
0.3659038749806288 0.8653152776283082 0 -0.8653152776283082 0.3659038749806288
0.3791954149173355 0.8648046119723736 0 -0.8648046119723736 0.3791954149173355
0.3924846822513077 0.8642533586961025 0 -0.8642533586961025 0.3924846822513077
0.4057715910924283 0.8636631107950871 0 -0.8636631107950871 0.4057715910924283
0.419055897062188 0.8630324378381308 0 -0.8630324378381308 0.419055897062188
0.4323375993234535 0.862363820253229 0 -0.862363820253229 0.4323375993234535
0.4456166578203711 0.8616588091409789 0 -0.8616588091409789 0.4456166578203711
0.4588928087838849 0.8609157840566293 0 -0.8609157840566293 0.4588928087838849
0.4721660694180214 0.8601368226008625 0 -0.8601368226008625 0.4721660694180214
0.4854365021691818 0.8593242980499552 0 -0.8593242980499552 0.4854365021691818
0.4987038633057437 0.8584767685701806 0 -0.8584767685701806 0.4987038633057437
0.5119680814265757 0.8575948991858382 0 -0.8575948991858382 0.5119680814265757
0.5252292686520155 0.8566811170701036 0 -0.8566811170701036 0.5252292686520155
0.5384873031717961 0.8557353856995114 0 -0.8557353856995114 0.5384873031717961
0.5517419640530581 0.8547565353958938 0 -0.8547565353958938 0.5517419640530581
0.5649933870168524 0.8537469273880809 0 -0.8537469273880809 0.5649933870168524
0.5782415893834613 0.8527076785337109 0 -0.8527076785337109 0.5782415893834613
0.591486226471662 0.8516366008128966 0 -0.8516366008128966 0.591486226471662
0.604727423986297 0.8505356073808628 0 -0.8505356073808628 0.604727423986297
0.6179652794248031 0.8494064395330116 0 -0.8494064395330116 0.6179652794248031
0.631199417799482 0.8482466504278028 0 -0.8482466504278028 0.631199417799482
0.6444298976061971 0.8470575624951817 0 -0.8470575624951817 0.6444298976061971
0.6576569135798577 0.8458413318935034 0 -0.8458413318935034 0.6576569135798577
0.6708800735514553 0.8445956230936063 0 -0.8445956230936063 0.6708800735514553
0.6840993679594314 0.8433210865777372 0 -0.8433210865777372 0.6840993679594314
0.6973150134324274 0.8420199151645456 0 -0.8420199151645456 0.6973150134324274
0.7105265752435167 0.8406895771364181 0 -0.8406895771364181 0.7105265752435167
0.7237340589194975 0.839330767549993 0 -0.839330767549993 0.7237340589194975
0.7369377389476697 0.8379459362419248 0 -0.8379459362419248 0.7369377389476697
0.7501370896763586 0.8365321060733619 0 -0.8365321060733619 0.7501370896763586
0.763332203819107 0.8350903937405957 0 -0.8350903937405957 0.763332203819107
0.776523251954653 0.8336224864568174 0 -0.8336224864568174 0.776523251954653
0.7897096058237216 0.8321249141263223 0 -0.8321249141263223 0.7897096058237216
0.8028916142026231 0.8306003549683918 0 -0.8306003549683918 0.8028916142026231
0.8160690625966235 0.8290480719490707 0 -0.8290480719490707 0.8160690625966235
0.8292415781313223 0.8274663407521358 0 -0.8274663407521358 0.8292415781313223
0.8424096475043245 0.8258586180229305 0 -0.8258586180229305 0.8424096475043245
0.85557249605352 0.8242206975563957 0 -0.8242206975563957 0.85557249605352
0.8687305843256051 0.822555910327141 0 -0.822555910327141 0.8687305843256051
0.8818832193805293 0.820860797887158 0 -0.820860797887158 0.8818832193805293
0.8950307547039819 0.819137740037654 0 -0.819137740037654 0.8950307547039819
0.9081726267703618 0.817384197746004 0 -0.817384197746004 0.9081726267703618
0.9213091321312852 0.8156025320177471 0 -0.8156025320177471 0.9213091321312852
0.9344395861368975 0.8137894797611223 0 -0.8137894797611223 0.9344395861368975
0.9475643380663341 0.8119476755271651 0 -0.8119476755271651 0.9475643380663341
0.9606829528774347 0.810074696025608 0 -0.810074696025608 0.9606829528774347
0.9737951165515436 0.8081703696779585 0 -0.8081703696779585 0.9737951165515436
0.9869010172918411 0.8062351047906244 0 -0.8062351047906244 0.9869010172918411
-0.04990260337666463 0.9749901426676844 -0 -0.9749901426676844 -0.04990260337666463
-0.03667838473567743 0.9773595039341648 -0 -0.9773595039341648 -0.03667838473567743
-0.0233903748982506 0.9794795985007059 -0 -0.9794795985007059 -0.0233903748982506
-0.01006077743274802 0.9814180808822265 -0 -0.9814180808822265 -0.01006077743274802
0.003303193226943259 0.9831916980782029 0 -0.9831916980782029 0.003303193226943259
0.01669559848222692 0.9848159127696784 0 -0.9848159127696784 0.01669559848222692
0.0301124890577535 0.986298828816538 0 -0.986298828816538 0.0301124890577535
0.043549551321614 0.9876541701841358 0 -0.9876541701841358 0.043549551321614
0.05700433595318395 0.9888861042938866 0 -0.9888861042938866 0.05700433595318395
0.07047399285445169 0.9900040001303857 0 -0.9900040001303857 0.07047399285445169
0.08395635534446906 0.9910140276651465 0 -0.9910140276651465 0.08395635534446906
0.09744977716292949 0.9919195882839082 0 -0.9919195882839082 0.09744977716292949
0.1109523941375902 0.9927281798241323 0 -0.9927281798241323 0.1109523941375902
0.1244628946015534 0.9934427731296471 0 -0.9934427731296471 0.1244628946015534
0.1379801197686033 0.994066352119488 0 -0.994066352119488 0.1379801197686033
0.1515028188950019 0.9946042091815364 0 -0.9946042091815364 0.1515028188950019
0.165030081175447 0.9950587451808052 0 -0.9950587451808052 0.165030081175447
0.1785610231715631 0.9954324513570745 0 -0.9954324513570745 0.1785610231715631
0.1920948164151335 0.9957290150120871 0 -0.9957290150120871 0.1920948164151335
0.2056307448714468 0.9959506189073144 0 -0.9959506189073144 0.2056307448714468
0.2191681606349322 0.9960990229542095 0 -0.9960990229542095 0.2191681606349322
0.2327064653556756 0.9961768253269292 0 -0.9961768253269292 0.2327064653556756
0.2462450895358702 0.99618634947869 0 -0.99618634947869 0.2462450895358702
0.2597835406752943 0.9961286896004038 0 -0.9961286896004038 0.2597835406752943
0.2733213294062546 0.9960049978805731 0 -0.9960049978805731 0.2733213294062546
0.2868580799856012 0.9958196161535365 0 -0.9958196161535365 0.2868580799856012
0.3003934196694352 0.9955747869118583 0 -0.9955747869118583 0.3003934196694352
0.3139268180573452 0.9952661365549074 0 -0.9952661365549074 0.3139268180573452
0.3274582411243837 0.9949037942962831 0 -0.9949037942962831 0.3274582411243837
0.3409879109835544 0.9944999389896718 0 -0.9944999389896718 0.3409879109835544
0.3545155991670082 0.9940535866396423 0 -0.9940535866396423 0.3545155991670082
0.3680410598842994 0.9935638934998867 0 -0.9935638934998867 0.3680410598842994
0.3815643413323361 0.9930352796320252 0 -0.9930352796320252 0.3815643413323361
0.3950853611484205 0.9924692726089435 0 -0.9924692726089435 0.3950853611484205
0.4086038849904198 0.9918645007457962 0 -0.9918645007457962 0.4086038849904198
0.422119912055581 0.9912233426019286 0 -0.9912233426019286 0.422119912055581
0.4356334039331035 0.9905472855758156 0 -0.9905472855758156 0.4356334039331035
0.449144107686658 0.9898347757727211 0 -0.9898347757727211 0.449144107686658
0.462652039813719 0.989087805468384 0 -0.989087805468384 0.462652039813719
0.4761572601960805 0.9883086504710407 0 -0.9883086504710407 0.4761572601960805
0.4896595351119294 0.9874959281616078 0 -0.9874959281616078 0.4896595351119294
0.5031587960925035 0.9866502762525141 0 -0.9866502762525141 0.5031587960925035
0.5166551506534725 0.9857740222354042 0 -0.9857740222354042 0.5166551506534725
0.5301484819871924 0.9848671310867946 0 -0.9848671310867946 0.5301484819871924
0.5436385782342924 0.9839284811660087 0 -0.9839284811660087 0.5436385782342924
0.557125569541897 0.9829603367286133 0 -0.9829603367286133 0.557125569541897
0.5706094725189624 0.981963768764041 0 -0.981963768764041 0.5706094725189624
0.5840899566399728 0.9809366791121525 0 -0.9809366791121525 0.5840899566399728
0.5975671424472008 0.9798809023568364 0 -0.9798809023568364 0.5975671424472008
0.6110411234339629 0.9787981082802664 0 -0.9787981082802664 0.6110411234339629
0.6245115400129236 0.9776859505301916 0 -0.9776859505301916 0.6245115400129236
0.6379784482775802 0.9765456972257061 0 -0.9765456972257061 0.6379784482775802
0.6514420349652783 0.9753794159739384 0 -0.9753794159739384 0.6514420349652783
0.6649019240129913 0.97418486716353 0 -0.97418486716353 0.6649019240129913
0.6783581062518433 0.9729626745620854 0 -0.9729626745620854 0.6783581062518433
0.6918107894137588 0.9717149409314234 0 -0.9717149409314234 0.6918107894137588
0.705259556625603 0.9704392385289974 0 -0.9704392385289974 0.705259556625603
0.7187044131871939 0.9691362338661751 0 -0.9691362338661751 0.7187044131871939
0.7321456223129184 0.9678082761673152 0 -0.9678082761673152 0.7321456223129184
0.7455826799390798 0.9664525105616275 0 -0.9664525105616275 0.7455826799390798
0.7590156749715705 0.9650700078838228 0 -0.9650700078838228 0.7590156749715705
0.772444770983634 0.9636623860549659 0 -0.9636623860549659 0.772444770983634
0.7858693655179628 0.9622263174926481 0 -0.9622263174926481 0.7858693655179628
0.7992897930269798 0.9607643704244129 0 -0.9607643704244129 0.7992897930269798
0.8127058478250316 0.9592758380855384 0 -0.9592758380855384 0.8127058478250316
0.8261171723512899 0.9577590669757128 0 -0.9577590669757128 0.8261171723512899
0.8395242333151834 0.956217371779376 0 -0.956217371779376 0.8395242333151834
0.8529262878691878 0.9546467190360265 0 -0.9546467190360265 0.8529262878691878
0.8663237776458138 0.9530503029205393 0 -0.9530503029205393 0.8663237776458138
0.8797160381633538 0.951424807019843 0 -0.951424807019843 0.8797160381633538
0.8931034083902001 0.9497725133991344 0 -0.9497725133991344 0.8931034083902001
0.9064853479441735 0.9480909873012706 0 -0.9480909873012706 0.9064853479441735
0.9198621411978183 0.9463824927676989 0 -0.9463824927676989 0.9198621411978183
0.9332331316191511 0.9446439007185132 0 -0.9446439007185132 0.9332331316191511
0.9465986541427698 0.942877737506422 0 -0.942877737506422 0.9465986541427698
0.9599582915932517 0.9410816793632201 0 -0.9410816793632201 0.9599582915932517
0.9733117428483682 0.9392555617569691 0 -0.9392555617569691 0.9733117428483682
0.9866591883819862 0.9373997762253489 0 -0.9373997762253489 0.9866591883819862
-0.07113566256643131 1.123978115986634 -0 -1.123978115986634 -0.07113566256643131
-0.05762759822715569 1.126230781323416 -0 -1.126230781323416 -0.05762759822715569
-0.04405888453940709 1.128246456859237 -0 -1.128246456859237 -0.04405888453940709
-0.03045063150002213 1.130089464984646 -0 -1.130089464984646 -0.03045063150002213
-0.01680969821714226 1.131775727874863 -0 -1.131775727874863 -0.01680969821714226
-0.003141730801137124 1.133319946642005 -0 -1.133319946642005 -0.003141730801137124
0.0105495159825985 1.134729826014146 0 -1.134729826014146 0.0105495159825985
0.02425994095742215 1.136018414023047 0 -1.136018414023047 0.02425994095742215
0.03798721543680079 1.137189672836024 0 -1.137189672836024 0.03798721543680079
0.0517286296959269 1.138252509995862 0 -1.138252509995862 0.0517286296959269
0.06548212376735686 1.139212791590255 0 -1.139212791590255 0.06548212376735686
0.07924613247249898 1.14007375147968 0 -1.14007375147968 0.07924613247249898
0.0930188834534374 1.140842518217643 0 -1.140842518217643 0.0930188834534374
0.1067991296455739 1.141521916327787 0 -1.141521916327787 0.1067991296455739
0.1205857693353031 1.142114782764981 0 -1.142114782764981 0.1205857693353031
0.1343776133805957 1.142626149256092 0 -1.142626149256092 0.1343776133805957
0.1481737958351882 1.143058298418579 0 -1.143058298418579 0.1481737958351882
0.1619734767718671 1.143413598793527 0 -1.143413598793527 0.1619734767718671
0.1757758685261838 1.143695556075463 0 -1.143695556075463 0.1757758685261838
0.1895802903296128 1.143906245520355 0 -1.143906245520355 0.1895802903296128
0.2033861261872686 1.144047340360389 0 -1.144047340360389 0.2033861261872686
0.2171928072192045 1.144121310804286 0 -1.144121310804286 0.2171928072192045
0.2309997919765548 1.144130365870401 0 -1.144130365870401 0.2309997919765548
0.2448066122157495 1.144075545858487 0 -1.144075545858487 0.2448066122157495
0.2586128026714631 1.143957946209388 0 -1.143957946209388 0.2586128026714631
0.2724180061066707 1.143781694913146 0 -1.143781694913146 0.2724180061066707
0.2862218681358792 1.143548924014943 0 -1.143548924014943 0.2862218681358792
0.3000238844819909 1.143255475323 0 -1.143255475323 0.3000238844819909
0.3138240227958573 1.142910979166256 0 -1.142910979166256 0.3138240227958573
0.3276224942509586 1.142527014564742 0 -1.142527014564742 0.3276224942509586
0.3414190816319586 1.14210264598683 0 -1.14210264598683 0.3414190816319586
0.3552135512540975 1.141637071242458 0 -1.141637071242458 0.3552135512540975
0.3690059489404865 1.141134492696097 0 -1.141134492696097 0.3690059489404865
0.3827961963849604 1.140596362684516 0 -1.140596362684516 0.3827961963849604
0.39658407078722 1.14002137708118 0 -1.14002137708118 0.39658407078722
0.4103695713840493 1.13941179729648 0 -1.13941179729648 0.4103695713840493
0.4241526616564587 1.138769037471449 0 -1.138769037471449 0.4241526616564587
0.4379331011257549 1.138091620243872 0 -1.138091620243872 0.4379331011257549
0.451710905476878 1.137381439765797 0 -1.137381439765797 0.451710905476878
0.4654861316423229 1.136640659757215 0 -1.136640659757215 0.4654861316423229
0.479258557411558 1.135867965695881 0 -1.135867965695881 0.479258557411558
0.4930281176880458 1.135063963885572 0 -1.135063963885572 0.4930281176880458
0.5067949146920874 1.134230867184171 0 -1.134230867184171 0.5067949146920874
0.5205588373690562 1.133368642293173 0 -1.133368642293173 0.5205588373690562
0.5343196842940916 1.132476222815018 0 -1.132476222815018 0.5343196842940916
0.5480775792043046 1.131555761486015 0 -1.131555761486015 0.5480775792043046
0.5618325378906258 1.130608276547161 0 -1.130608276547161 0.5618325378906258
0.575584246106603 1.129631773177028 0 -1.129631773177028 0.575584246106603
0.5893328184575525 1.128627995602467 0 -1.128627995602467 0.5893328184575525
0.6030783438320528 1.127598531365434 0 -1.127598531365434 0.6030783438320528
0.6168204803531856 1.126541149676368 0 -1.126541149676368 0.6168204803531856
0.6305592813517287 1.12545705619688 0 -1.12545705619688 0.6305592813517287
0.6442949243678275 1.124348216700185 0 -1.124348216700185 0.6442949243678275
0.6580270518603353 1.123212501880403 0 -1.123212501880403 0.6580270518603353
0.6717556551119626 1.122050504783296 0 -1.122050504783296 0.6717556551119626
0.6854809316234074 1.120864224605328 0 -1.120864224605328 0.6854809316234074
0.6992024850533968 1.119651353175279 0 -1.119651353175279 0.6992024850533968
0.7129203204407224 1.118412524177457 0 -1.118412524177457 0.7129203204407224
0.7266346880359187 1.117149971132078 0 -1.117149971132078 0.7266346880359187
0.7403451086014666 1.115860979776625 0 -1.115860979776625 0.7403451086014666
0.7540516666644592 1.11454656820499 0 -1.11454656820499 0.7540516666644592
0.7677545177418207 1.113208274652288 0 -1.113208274652288 0.7677545177418207
0.7814530890485084 1.111842935426409 0 -1.111842935426409 0.7814530890485084
0.7951476985644736 1.110452992264392 0 -1.110452992264392 0.7951476985644736
0.8088381507345056 1.109037773211135 0 -1.109037773211135 0.8088381507345056
0.8225241056083834 1.107595706204627 0 -1.107595706204627 0.8225241056083834
0.8362060069091357 1.106129942674264 0 -1.106129942674264 0.8362060069091357
0.8498831483760088 1.104636647815791 0 -1.104636647815791 0.8498831483760088
0.8635559498902025 1.103118858484383 0 -1.103118858484383 0.8635559498902025
0.8772237796971031 1.101573421607153 0 -1.101573421607153 0.8772237796971031
0.890886960070211 1.10000250685288 0 -1.10000250685288 0.890886960070211
0.9045449772422836 1.098403799381231 0 -1.098403799381231 0.9045449772422836
0.9181981015799305 1.096779451724944 0 -1.096779451724944 0.9181981015799305
0.9318457088867228 1.09512648891775 0 -1.09512648891775 0.9318457088867228
0.9454881176010383 1.093447312884277 0 -1.093447312884277 0.9454881176010383
0.9591249310942049 1.091739714306696 0 -1.091739714306696 0.9591249310942049
0.9727558630748838 1.090003536756606 0 -1.090003536756606 0.9727558630748838
0.9863810851282326 1.088239152487649 0 -1.088239152487649 0.9863810851282326
-0.09555368057491109 1.295314284882655 -0 -1.295314284882655 -0.09555368057491109
-0.0817191936834072 1.297432749899142 -0 -1.297432749899142 -0.0817191936834072
-0.06782767056858191 1.299328343548453 -0 -1.299328343548453 -0.06782767056858191
-0.05389896362001893 1.301061556278125 -0 -1.301061556278125 -0.05389896362001893
-0.03993952332125347 1.302647361715484 -0 -1.302647361715484 -0.03993952332125347
-0.0259546594211954 1.304099585168381 -0 -1.304099585168381 -0.0259546594211954
-0.01194790299879225 1.305425472363314 -0 -1.305425472363314 -0.01194790299879225
0.002076889092869252 1.306637294008412 0 -1.306637294008412 0.002076889092869252
0.01611752689646093 1.307738776228778 0 -1.307738776228778 0.01611752689646093
0.03017146211635959 1.308738295909117 0 -1.308738295909117 0.03017146211635959
0.04423675750565152 1.309641369670731 0 -1.309641369670731 0.04423675750565152
0.05831194112971674 1.310451038720045 0 -1.310451038720045 0.05831194112971674
0.07239534621711519 1.311174006934019 0 -1.311174006934019 0.07239534621711519
0.08648579999589281 1.311812930568082 0 -1.311812930568082 0.08648579999589281
0.1005822663859464 1.312370477568316 0 -1.312370477568316 0.1005822663859464
0.1146836270872106 1.312851379901417 0 -1.312851379901417 0.1146836270872106
0.1287890677413173 1.313257784200161 0 -1.313257784200161 0.1287890677413173
0.1428977984588886 1.31359191790213 0 -1.31359191790213 0.1428977984588886
0.157009078499809 1.313857077853559 0 -1.313857077853559 0.157009078499809
0.171122267651667 1.314055215679084 0 -1.314055215679084 0.171122267651667
0.1852367866168652 1.314187904929734 0 -1.314187904929734 0.1852367866168652
0.1993521004059187 1.314257468653982 0 -1.314257468653982 0.1993521004059187
0.2134676998262444 1.314265984270089 0 -1.314265984270089 0.2134676998262444
0.2275831445294215 1.314214430102978 0 -1.314214430102978 0.2275831445294215
0.2416979969678477 1.314103836333683 0 -1.314103836333683 0.2416979969678477
0.2558119211865416 1.31393808503131 0 -1.31393808503131 0.2558119211865416
0.2699245839121763 1.31371918122655 0 -1.31371918122655 0.2699245839121763
0.2840355109094657 1.313443214447798 0 -1.313443214447798 0.2840355109094657
0.2981446717564294 1.313119241306645 0 -1.313119241306645 0.2981446717564294
0.3122522650460957 1.312758151014412 0 -1.312758151014412 0.3122522650460957
0.3263580865035183 1.312359063772848 0 -1.312359063772848 0.3263580865035183
0.3404619163654763 1.311921225181572 0 -1.311921225181572 0.3404619163654763
0.3545637977252143 1.311448587253336 0 -1.311448587253336 0.3545637977252143
0.3686636569415802 1.310942515803377 0 -1.310942515803377 0.3686636569415802
0.3827612844873821 1.31040178439721 0 -1.31040178439721 0.3827612844873821
0.3968566796448724 1.309828519723935 0 -1.309828519723935 0.3968566796448724
0.4109498080706443 1.309224051678525 0 -1.309224051678525 0.4109498080706443
0.4250404436122851 1.308586990911162 0 -1.308586990911162 0.4250404436122851
0.4391286010203211 1.307919118731655 0 -1.307919118731655 0.4391286010203211
0.4532143338355531 1.307222469958508 0 -1.307222469958508 0.4532143338355531
0.4672974330854232 1.306495808380842 0 -1.306495808380842 0.4672974330854232
0.4813778375514519 1.305739704182487 0 -1.305739704182487 0.4813778375514519
0.4954556433642664 1.304956238392497 0 -1.304956238392497 0.4954556433642664
0.5095307460852101 1.304145379696092 0 -1.304145379696092 0.5095307460852101
0.5236029562891102 1.303306125225296 0 -1.303306125225296 0.5236029562891102
0.5376723903415612 1.302440499469275 0 -1.302440499469275 0.5376723903415612
0.5517390630927645 1.301549460008321 0 -1.301549460008321 0.5517390630927645
0.5658026790171899 1.300631130860529 0 -1.300631130860529 0.5658026790171899
0.5798633458926559 1.299687152342152 0 -1.299687152342152 0.5798633458926559
0.5939211473122912 1.298719017418901 0 -1.298719017418901 0.5939211473122912
0.6079757617661581 1.2977246281983 0 -1.2977246281983 0.6079757617661581
0.6220272394079052 1.296705118515863 0 -1.296705118515863 0.6220272394079052
0.6360757472008993 1.295662337035801 0 -1.295662337035801 0.6360757472008993
0.6501209489041552 1.294594281303532 0 -1.294594281303532 0.6501209489041552
0.664162836319707 1.293501509034704 0 -1.293501509034704 0.664162836319707
0.6782015951823435 1.292385900325621 0 -1.292385900325621 0.6782015951823435
0.6922368527624323 1.291245284512087 0 -1.291245284512087 0.6922368527624323
0.706268613798584 1.290080257527294 0 -1.290080257527294 0.706268613798584
0.7202971136329044 1.288892919831691 0 -1.288892919831691 0.7202971136329044
0.7343219015779767 1.287680718862275 0 -1.287680718862275 0.7343219015779767
0.748343057125276 1.286444612060999 0 -1.286444612060999 0.748343057125276
0.7623607265269593 1.285186046024138 0 -1.285186046024138 0.7623607265269593
0.7763743711210882 1.283902045533419 0 -1.283902045533419 0.7763743711210882
0.790384289944271 1.282594906861804 0 -1.282594906861804 0.790384289944271
0.8043902990913072 1.281263998085256 0 -1.281263998085256 0.8043902990913072
0.8183920788641743 1.279907840795807 0 -1.279907840795807 0.8183920788641743
0.8323900465515391 1.278529398679552 0 -1.278529398679552 0.8323900465515391
0.8463835379674359 1.277125065386921 0 -1.277125065386921 0.8463835379674359
0.8603729479790565 1.275697696855437 0 -1.275697696855437 0.8603729479790565
0.8743576824679455 1.274244327853419 0 -1.274244327853419 0.8743576824679455
0.8883380445084765 1.272766998793769 0 -1.272766998793769 0.8883380445084765
0.9023135509405842 1.271263532740485 0 -1.271263532740485 0.9023135509405842
0.9162844560240544 1.269735953991288 0 -1.269735953991288 0.9162844560240544
0.930250172748345 1.268181464810592 0 -1.268181464810592 0.930250172748345
0.944211000581181 1.266602324030734 0 -1.266602324030734 0.944211000581181
0.9581665665226526 1.264996453951817 0 -1.264996453951817 0.9581665665226526
0.9721166013369458 1.263363707464507 0 -1.263363707464507 0.9721166013369458
0.9860612663872009 1.261704434645801 0 -1.261704434645801 0.9860612663872009
-0.12363440146967 1.492350880411913 -0 -1.492350880411913 -0.12363440146967
-0.1094245286406283 1.494315015059705 -0 -1.494315015059705 -0.1094245286406283
-0.09516177468221745 1.496072514539284 -0 -1.496072514539284 -0.09516177468221745
-0.08086454573567067 1.497679462563691 -0 -1.497679462563691 -0.08086454573567067
-0.06653882236622272 1.499149741930167 -0 -1.499149741930167 -0.06653882236622272
-0.05218952750710218 1.500496170771656 -0 -1.500496170771656 -0.05218952750710218
-0.03781993499784048 1.501725466962831 -0 -1.501725466962831 -0.03781993499784048
-0.02343362071943333 1.502849007289644 -0 -1.502849007289644 -0.02343362071943333
-0.009032615090622365 1.50387024642865 -0 -1.50387024642865 -0.009032615090622365
0.005380719236532494 1.504796951007758 0 -1.504796951007758 0.005380719236532494
0.01980458614372785 1.505634235761914 0 -1.505634235761914 0.01980458614372785
0.03423762092691204 1.506384920345387 0 -1.506384920345387 0.03423762092691204
0.0486782782390929 1.507055220257101 0 -1.507055220257101 0.0486782782390929
0.06312547074485775 1.507647598244042 0 -1.507647598244042 0.06312547074485775
0.07757823784263125 1.50816452789218 0 -1.50816452789218 0.07757823784263125
0.09203554270060751 1.508610396444017 0 -1.508610396444017 0.09203554270060751
0.106496630286498 1.508987194149939 0 -1.508987194149939 0.106496630286498
0.1209607682544365 1.509296986178503 0 -1.509296986178503 0.1209607682544365
0.1354272698272909 1.5095428292004 0 -1.5095428292004 0.1354272698272909
0.149895541432181 1.509726532664239 0 -1.509726532664239 0.149895541432181
0.1643650459733908 1.509849555487715 0 -1.509849555487715 0.1643650459733908
0.1788352874354673 1.509914051485014 0 -1.509914051485014 0.1788352874354673
0.1933057937205525 1.509921946734291 0 -1.509921946734291 0.1933057937205525
0.207776156559647 1.50987414828941 0 -1.50987414828941 0.207776156559647
0.2222459702805305 1.509771611282625 0 -1.509771611282625 0.2222459702805305
0.2367149234025719 1.509617934973965 0 -1.509617934973965 0.2367149234025719
0.251182706931436 1.509414978327454 0 -1.509414978327454 0.251182706931436
0.2656488811799193 1.509159115749692 0 -1.509159115749692 0.2656488811799193
0.2801134179422857 1.508858744077306 0 -1.508858744077306 0.2801134179422857
0.2945765013440435 1.508523959241606 0 -1.508523959241606 0.2945765013440435
0.3090379419916943 1.50815394553772 0 -1.50815394553772 0.3090379419916943
0.3234975361317878 1.507748003523402 0 -1.507748003523402 0.3234975361317878
0.3379553237182218 1.507309797306922 0 -1.507309797306922 0.3379553237182218
0.3524112364746081 1.506840593203758 0 -1.506840593203758 0.3524112364746081
0.3668650801378303 1.506339254125284 0 -1.506339254125284 0.3668650801378303
0.3813168540424282 1.505807751831111 0 -1.505807751831111 0.3813168540424282
0.3957665263469153 1.505247319333243 0 -1.505247319333243 0.3957665263469153
0.4102138873741027 1.504656668496121 0 -1.504656668496121 0.4102138873741027
0.4246589507999393 1.504037450860977 0 -1.504037450860977 0.4246589507999393
0.4391017662647789 1.503391553009602 0 -1.503391553009602 0.4391017662647789
0.4535421400197324 1.502717828789195 0 -1.502717828789195 0.4535421400197324
0.4679800153060879 1.502016806845638 0 -1.502016806845638 0.4679800153060879
0.4824154812513474 1.501290416604836 0 -1.501290416604836 0.4824154812513474
0.4968484410252201 1.500538629033293 0 -1.500538629033293 0.4968484410252201
0.5112787190021737 1.499760514322053 0 -1.499760514322053 0.5112787190021737
0.5257064230705581 1.498957949476068 0 -1.498957949476068 0.5257064230705581
0.540131566998737 1.49813182231582 0 -1.49813182231582 0.540131566998737
0.5545538767902416 1.497280393524851 0 -1.497280393524851 0.5545538767902416
0.5689734523712657 1.496405183922229 0 -1.496405183922229 0.5689734523712657
0.5833903712451722 1.495507577710982 0 -1.495507577710982 0.5833903712451722
0.5978043353240503 1.494585629830289 0 -1.494585629830289 0.5978043353240503
0.6122153911078514 1.493640391515642 0 -1.493640391515642 0.6122153911078514
0.6266236933966458 1.492673576755901 0 -1.492673576755901 0.6266236933966458
0.6410289304446337 1.491683328975478 0 -1.491683328975478 0.6410289304446337
0.6554310946510723 1.490670165260388 0 -1.490670165260388 0.6554310946510723
0.6698303582199545 1.48963582874175 0 -1.48963582874175 0.6698303582199545
0.6842263755750344 1.488578306888449 0 -1.488578306888449 0.6842263755750344
0.6986191511097147 1.487498152219892 0 -1.487498152219892 0.6986191511097147
0.7130089030214082 1.486397312177796 0 -1.486397312177796 0.7130089030214082
0.7273952134553152 1.485273420153598 0 -1.485273420153598 0.7273952134553152
0.7417781561119517 1.484127363839524 0 -1.484127363839524 0.7417781561119517
0.7561578665889904 1.482960484447178 0 -1.482960484447178 0.7561578665889904
0.7705338454660637 1.481770023503204 0 -1.481770023503204 0.7705338454660637
0.7849063699949371 1.480558109996876 0 -1.480558109996876 0.7849063699949371
0.7992752696679191 1.479324158039876 0 -1.479324158039876 0.7992752696679191
0.8136402480770173 1.478066796926391 0 -1.478066796926391 0.8136402480770173
0.8280016921113815 1.476788774437719 0 -1.476788774437719 0.8280016921113815
0.8423589859710534 1.475486746947178 0 -1.475486746947178 0.8423589859710534
0.8567124957571139 1.474163362336986 0 -1.474163362336986 0.8567124957571139
0.8710616706326909 1.472815871392857 0 -1.472815871392857 0.8710616706326909
0.8854067915931625 1.471446165883428 0 -1.471446165883428 0.8854067915931625
0.8997474106767172 1.470052227462682 0 -1.470052227462682 0.8997474106767172
0.9140837636202925 1.468635932958069 0 -1.468635932958069 0.9140837636202925
0.9284153061771168 1.467194688449291 0 -1.467194688449291 0.9284153061771168
0.9427423159986648 1.465730588212546 0 -1.465730588212546 0.9427423159986648
0.9570644472581034 1.464241705908561 0 -1.464241705908561 0.9570644472581034
0.9713814503334712 1.462727905144929 0 -1.462727905144929 0.9713814503334712
0.9856934748325901 1.461189510495509 0 -1.461189510495509 0.9856934748325901
-0.1559272304615369 1.718942965011253 -0 -1.718942965011253 -0.1559272304615369
-0.1412856638048194 1.720729619736285 -0 -1.720729619736285 -0.1412856638048194
-0.1265959943767733 1.722328310921892 -0 -1.722328310921892 -0.1265959943767733
-0.1118749651330303 1.723790054536452 -0 -1.723790054536452 -0.1118749651330303
-0.09712801623278017 1.725127478922609 -0 -1.725127478922609 -0.09712801623278017
-0.08235962577121837 1.726352243962161 -0 -1.726352243962161 -0.08235962577121837
-0.06757277176254828 1.72747046050019 -0 -1.72747046050019 -0.06757277176254828
-0.05277070696986105 1.72849247731214 -0 -1.72849247731214 -0.05277070696986105
-0.03795527834252395 1.729421436908738 -0 -1.729421436908738 -0.03795527834252395
-0.02312863504249948 1.730264404122577 -0 -1.730264404122577 -0.02312863504249948
-0.008292410890189256 1.731026031519298 -0 -1.731026031519298 -0.008292410890189256
0.006552152725508437 1.731708883968186 0 -1.731708883968186 0.006552152725508437
0.02140365009571633 1.732318615333426 0 -1.732318615333426 0.02140365009571633
0.03626109213704438 1.732857465827295 0 -1.732857465827295 0.03626109213704438
0.05112360504822416 1.733327685521636 0 -1.733327685521636 0.05112360504822416
0.06599024568594805 1.733733265226124 0 -1.733733265226124 0.06599024568594805
0.08086032724291908 1.734076015351401 0 -1.734076015351401 0.08086032724291908
0.09573318354830913 1.734357814456642 0 -1.734357814456642 0.09573318354830913
0.1106081898824173 1.734581443010665 0 -1.734581443010665 0.1106081898824173
0.125484806307824 1.734748546959649 0 -1.734748546959649 0.125484806307824
0.1403625442609771 1.734860453392953 0 -1.734860453392953 0.1403625442609771
0.1552409525465601 1.734919121505332 0 -1.734919121505332 0.1552409525465601
0.1701196017256484 1.734926303333822 0 -1.734926303333822 0.1701196017256484
0.1849981204205779 1.734882823970569 0 -1.734882823970569 0.1849981204205779
0.1998761396158172 1.734789552241732 0 -1.734789552241732 0.1998761396158172
0.2147533759762381 1.734649762176893 0 -1.734649762176893 0.2147533759762381
0.2296295484283458 1.734465144763417 0 -1.734465144763417 0.2296295484283458
0.2445042570152317 1.734232402017836 0 -1.734232402017836 0.2445042570152317
0.2593774760798405 1.733959172035576 0 -1.733959172035576 0.2593774760798405
0.2742493731100328 1.733654638475926 0 -1.733654638475926 0.2742493731100328
0.2891197758259753 1.733318059341405 0 -1.733318059341405 0.2891197758259753
0.3039884988854536 1.732948798391621 0 -1.732948798391621 0.3039884988854536
0.3188555786321164 1.73255018864469 0 -1.73255018864469 0.3188555786321164
0.3337209529590554 1.732123381991365 0 -1.732123381991365 0.3337209529590554
0.348584445156839 1.731667344090762 0 -1.731667344090762 0.348584445156839
0.363446054620139 1.731183868533576 0 -1.731183868533576 0.363446054620139
0.378305752384677 1.7306740769164 0 -1.7306740769164 0.378305752384677
0.3931633477197706 1.730136797500072 0 -1.730136797500072 0.3931633477197706
0.4080188530656058 1.729573532591956 0 -1.729573532591956 0.4080188530656058
0.4228723135770213 1.728985998301633 0 -1.728985998301633 0.4228723135770213
0.4377235530123484 1.72837315204308 0 -1.72837315204308 0.4377235530123484
0.4525725197416068 1.727735474693548 0 -1.727735474693548 0.4525725197416068
0.467419294838705 1.727074721335315 0 -1.727074721335315 0.467419294838705
0.4822637902229725 1.726390865558365 0 -1.726390865558365 0.4822637902229725
0.4971058461384636 1.725683061571614 0 -1.725683061571614 0.4971058461384636
0.5119455607246982 1.724953016773167 0 -1.724953016773167 0.5119455607246982
0.5267829465059251 1.724201538759724 0 -1.724201538759724 0.5267829465059251
0.541617754244096 1.723427045380096 0 -1.723427045380096 0.541617754244096
0.556450074836038 1.722630920031585 0 -1.722630920031585 0.556450074836038
0.5712799787818816 1.721814421840132 0 -1.721814421840132 0.5712799787818816
0.5861071949290475 1.720975781501317 0 -1.720975781501317 0.5861071949290475
0.6009317655757354 1.720115955260612 0 -1.720115955260612 0.6009317655757354
0.6157538315342241 1.719236502230224 0 -1.719236502230224 0.6157538315342241
0.6305731092281788 1.718335733595405 0 -1.718335733595405 0.6305731092281788
0.6453895917436614 1.717414119718092 0 -1.717414119718092 0.6453895917436614
0.6602034357242494 1.716473246219444 0 -1.716473246219444 0.6602034357242494
0.6750143268200928 1.715511282421387 0 -1.715511282421387 0.6750143268200928
0.6898222690276042 1.714528730917473 0 -1.714528730917473 0.6898222690276042
0.7046274608277993 1.71352736317788 0 -1.71352736317788 0.7046274608277993
0.7194295221233895 1.712505026441655 0 -1.712505026441655 0.7194295221233895
0.7342285199552854 1.711462528188829 0 -1.711462528188829 0.7342285199552854
0.7490245776685054 1.710401088438641 0 -1.710401088438641 0.7490245776685054
0.7638172409704868 1.709318197974388 0 -1.709318197974388 0.7638172409704868
0.778606762060425 1.708215793409099 0 -1.708215793409099 0.778606762060425
0.7933929858377655 1.707093341795541 0 -1.707093341795541 0.7933929858377655
0.80817564267805 1.705949596285371 0 -1.705949596285371 0.80817564267805
0.8229550845109843 1.704787056369375 0 -1.704787056369375 0.8229550845109843
0.8377307511805174 1.70360268055219 0 -1.70360268055219 0.8377307511805174
0.8525029757067042 1.702398877452437 0 -1.702398877452437 0.8525029757067042
0.8672712570264915 1.701173146275828 0 -1.701173146275828 0.8672712570264915
0.8820358507444136 1.699927207850103 0 -1.699927207850103 0.8820358507444136
0.8967963493766509 1.698659226207722 0 -1.698659226207722 0.8967963493766509
0.9115529673588654 1.697370908585324 0 -1.697370908585324 0.9115529673588654
0.9263052096226218 1.696059895450192 0 -1.696059895450192 0.9263052096226218
0.9410533287307064 1.694728091838967 0 -1.694728091838967 0.9410533287307064
0.9557970101053235 1.693373745477091 0 -1.693373745477091 0.9557970101053235
0.9705360266804441 1.691996732296624 0 -1.691996732296624 0.9705360266804441
0.9852705145452718 1.690597347542815 0 -1.690597347542815 0.9852705145452718
-0.1930639835505285 1.979523860533463 -0 -1.979523860533463 -0.1930639835505285
-0.1779259689953518 1.981106413347513 -0 -1.981106413347513 -0.1779259689953518
-0.1627453467805549 1.982522474995094 -0 -1.982522474995094 -0.1627453467805549
-0.1475369471983409 1.983817233538263 -0 -1.983817233538263 -0.1475369471983409
-0.1323055889409524 1.985001874696887 -0 -1.985001874696887 -0.1323055889409524
-0.1170552385398502 1.986086726363959 -0 -1.986086726363959 -0.1170552385398502
-0.1017885338101128 1.987077201300531 -0 -1.987077201300531 -0.1017885338101128
-0.08650835592924377 1.987982466069971 -0 -1.987982466069971 -0.08650835592924377
-0.07121634085683134 1.988805304192311 -0 -1.988805304192311 -0.07121634085683134
-0.05591439224122752 1.989551973435533 -0 -1.989551973435533 -0.05591439224122752
-0.04060395726024835 1.990226594870581 -0 -1.990226594870581 -0.04060395726024835
-0.02528613549036662 1.99083144036401 -0 -1.99083144036401 -0.02528613549036662
-0.009962172056628527 1.991371517900064 -0 -1.991371517900064 -0.009962172056628527
0.005367056947400972 1.991848811776098 0 -1.991848811776098 0.005367056947400972
0.02070077754080582 1.992265315022716 0 -1.992265315022716 0.02070077754080582
0.03603815432205043 1.992624562551848 0 -1.992624562551848 0.03603815432205043
0.05137857894257788 1.992928157958427 0 -1.992928157958427 0.05137857894257788
0.06672146133285342 1.993177765200843 0 -1.993177765200843 0.06672146133285342
0.08206624813922106 1.993375847115761 0 -1.993375847115761 0.08206624813922106
0.09741246110504077 1.993523861621564 0 -1.993523861621564 0.09741246110504077
0.1127596674787487 1.993622984205031 0 -1.993622984205031 0.1127596674787487
0.1281074676081844 1.993674950248571 0 -1.993674950248571 0.1281074676081844
0.1434554811121972 1.993681311641932 0 -1.993681311641932 0.1434554811121972
0.1588033790381574 1.993642799221289 0 -1.993642799221289 0.1588033790381574
0.174150834525726 1.993560182560787 0 -1.993560182560787 0.174150834525726
0.1894975966071028 1.993436361675005 0 -1.993436361675005 0.1894975966071028
0.204843416317759 1.993272834378142 0 -1.993272834378142 0.204843416317759
0.2201879393906256 1.993066679438158 0 -1.993066679438158 0.2201879393906256
0.2355311430996295 1.992824662398095 0 -1.992824662398095 0.2355311430996295
0.2508731757993366 1.992554917804433 0 -1.992554917804433 0.2508731757993366
0.2662138848906287 1.992256788423183 0 -1.992256788423183 0.2662138848906287
0.2815531062042121 1.991929710696091 0 -1.991929710696091 0.2815531062042121
0.2968908719319499 1.991576636887597 0 -1.991576636887597 0.2968908719319499
0.312227127061834 1.991198587300019 0 -1.991198587300019 0.312227127061834
0.3275617150711723 1.990794645752376 0 -1.990794645752376 0.3275617150711723
0.3428946354237867 1.990366400941112 0 -1.990366400941112 0.3428946354237867
0.3582258624641885 1.989914846335098 0 -1.989914846335098 0.3582258624641885
0.3735552272501784 1.989438944051025 0 -1.989438944051025 0.3735552272501784
0.3888827408008142 1.988940024777318 0 -1.988940024777318 0.3888827408008142
0.4042084431125927 1.988419608580505 0 -1.988419608580505 0.4042084431125927
0.4195321780771478 1.987876771976369 0 -1.987876771976369 0.4195321780771478
0.4348538999625419 1.98731194090823 0 -1.98731194090823 0.4348538999625419
0.4501736805810499 1.986726669963199 0 -1.986726669963199 0.4501736805810499
0.4654914419140648 1.986120935748257 0 -1.986120935748257 0.4654914419140648
0.4808070424556657 1.985493989092878 0 -1.985493989092878 0.4808070424556657
0.4961205691342174 1.984847342347291 0 -1.984847342347291 0.4961205691342174
0.5114320330432374 1.984181710850849 0 -1.984181710850849 0.5114320330432374
0.5267412134168605 1.983495693192415 0 -1.983495693192415 0.5267412134168605
0.5420481907681419 1.982790514734271 0 -1.982790514734271 0.5420481907681419
0.5573530275434945 1.982067290763703 0 -1.982067290763703 0.5573530275434945
0.5726554835659718 1.981324454096153 0 -1.981324454096153 0.5726554835659718
0.5879555963017568 1.98056285173857 0 -1.98056285173857 0.5879555963017568
0.6032534904771703 1.979783864695007 0 -1.979783864695007 0.6032534904771703
0.6185489149107593 1.97898599707569 0 -1.97898599707569 0.6185489149107593
0.6338418634784135 1.978169665509858 0 -1.978169665509858 0.6338418634784135
0.6491324749292329 1.977336274482221 0 -1.977336274482221 0.6491324749292329
0.6644204708237207 1.976484202445701 0 -1.976484202445701 0.6644204708237207
0.6797058547017525 1.975613894579117 0 -1.975613894579117 0.6797058547017525
0.6949888023704862 1.974726919985378 0 -1.974726919985378 0.6949888023704862
0.7102689771537722 1.973821371828278 0 -1.973821371828278 0.7102689771537722
0.725546438433974 1.97289796534383 0 -1.97289796534383 0.725546438433974
0.7408212954655565 1.971957781180051 0 -1.971957781180051 0.7408212954655565
0.7560931458529345 1.970998596765387 0 -1.970998596765387 0.7560931458529345
0.7713622129848474 1.97002212748019 0 -1.97002212748019 0.7713622129848474
0.7866283594789477 1.969027901259466 0 -1.969027901259466 0.7866283594789477
0.8018913465118409 1.968014813690972 0 -1.968014813690972 0.8018913465118409
0.8171514858098723 1.966985078731399 0 -1.966985078731399 0.8171514858098723
0.8324082812074847 1.965936002336404 0 -1.965936002336404 0.8324082812074847
0.8476620276815523 1.964869717971468 0 -1.964869717971468 0.8476620276815523
0.8629122814089145 1.963784010525307 0 -1.963784010525307 0.8629122814089145
0.8781592687946347 1.962680404243621 0 -1.962680404243621 0.8781592687946347
0.8934026289045836 1.96155727289412 0 -1.96155727289412 0.8934026289045836
0.9086425516779568 1.960416128684018 0 -1.960416128684018 0.9086425516779568
0.9238785986014045 1.959254881626308 0 -1.959254881626308 0.9238785986014045
0.9391109933857228 1.958075219132142 0 -1.958075219132142 0.9391109933857228
0.954339457389509 1.956875589101386 0 -1.956875589101386 0.954339457389509
0.9695637894860545 1.955655881639237 0 -1.955655881639237 0.9695637894860545
0.984784110218154 1.954416358263037 0 -1.954416358263037 0.984784110218154
-0.2357712498588249 2.279191892178206 -0 -2.279191892178206 -0.2357712498588249
-0.2200623202170042 2.280539727791471 -0 -2.280539727791471 -0.2200623202170042
-0.204317102294064 2.28174576546731 -0 -2.28174576546731 -0.204317102294064
-0.1885482268192525 2.28284849117547 -0 -2.28284849117547 -0.1885482268192525
-0.1727597977978184 2.283857431619615 -0 -2.283857431619615 -0.1727597977978184
-0.1569551934629245 2.284781382905604 -0 -2.284781382905604 -0.1569551934629245
-0.1411366604006534 2.28562495499785 -0 -2.28562495499785 -0.1411366604006534
-0.1253066524650805 2.286395954915829 -0 -2.286395954915829 -0.1253066524650805
-0.1094665629775468 2.287096753340264 -0 -2.287096753340264 -0.1094665629775468
-0.09361801324575073 2.287732679914835 -0 -2.287732679914835 -0.09361801324575073
-0.07776223580853332 2.288307244491578 -0 -2.288307244491578 -0.07776223580853332
-0.06190016715807742 2.28882238198391 -0 -2.28882238198391 -0.06190016715807742
-0.04603286774802218 2.289282357614131 -0 -2.289282357614131 -0.04603286774802218
-0.03016108373363313 2.289688861377446 -0 -2.289688861377446 -0.03016108373363313
-0.01428547430242055 2.290043590707023 -0 -2.290043590707023 -0.01428547430242055
0.001593249047118939 2.290349556232385 0 -2.290349556232385 0.001593249047118939
0.01747456819397952 2.290608123710397 0 -2.290608123710397 0.01747456819397952
0.03335798058511456 2.290820710308546 0 -2.290820710308546 0.03335798058511456
0.04924301493782013 2.290989413586522 0 -2.290989413586522 0.04924301493782013
0.06512926392835336 2.291115475230736 0 -2.291115475230736 0.06512926392835336
0.08101635898893671 2.291199896385002 0 -2.291199896385002 0.08101635898893671
0.09690395974204005 2.291244155047528 0 -2.291244155047528 0.09690395974204005
0.1127917422229526 2.291249572938683 0 -2.291249572938683 0.1127917422229526
0.1286794262678351 2.291216772500269 0 -2.291216772500269 0.1286794262678351
0.1445667334948197 2.291146409166619 0 -2.291146409166619 0.1445667334948197
0.1604534501585338 2.291040952835054 0 -2.291040952835054 0.1604534501585338
0.1763393642197596 2.290901679170632 0 -2.290901679170632 0.1763393642197596
0.1922241739547436 2.290726100205456 0 -2.290726100205456 0.1922241739547436
0.2081078600080428 2.290519978047321 0 -2.290519978047321 0.2081078600080428
0.223990548730934 2.290290240762971 0 -2.290290240762971 0.223990548730934
0.2398721101571211 2.290036328596436 0 -2.290036328596436 0.2398721101571211
0.2557524044661696 2.289757761573913 0 -2.289757761573913 0.2557524044661696
0.2716314590753889 2.289457054093119 0 -2.289457054093119 0.2716314590753889
0.2875092271319073 2.28913507512967 0 -2.28913507512967 0.2875092271319073
0.3033855753277815 2.288791044386471 0 -2.288791044386471 0.3033855753277815
0.3192605032063572 2.288426314931578 0 -2.288426314931578 0.3192605032063572
0.3351339889172537 2.288041732886981 0 -2.288041732886981 0.3351339889172537
0.3510058885750269 2.287636414303607 0 -2.287636414303607 0.3510058885750269
0.3668762115644374 2.287211492508089 0 -2.287211492508089 0.3668762115644374
0.3827449919498894 2.286768262117457 0 -2.286768262117457 0.3827449919498894
0.3986120967763146 2.286305936614558 0 -2.286305936614558 0.3986120967763146
0.4144774870945236 2.285824878768699 0 -2.285824878768699 0.4144774870945236
0.4303412240659139 2.285326412597544 0 -2.285326412597544 0.4303412240659139
0.4462032412432511 2.284810518177625 0 -2.284810518177625 0.4462032412432511
0.4620634181081426 2.284276557452055 0 -2.284276557452055 0.4620634181081426
0.4779218286961254 2.283725818466005 0 -2.283725818466005 0.4779218286961254
0.4937784824553754 2.283158910462877 0 -2.283158910462877 0.4937784824553754
0.5096331913630386 2.282574639882601 0 -2.282574639882601 0.5096331913630386
0.5254860239908317 2.281974050347174 0 -2.281974050347174 0.5254860239908317
0.541337033523394 2.281358091729437 0 -2.281358091729437 0.541337033523394
0.5571860154057546 2.280725429282672 0 -2.280725429282672 0.5571860154057546
0.5730330015472791 2.280076784389525 0 -2.280076784389525 0.5730330015472791
0.5888780981754353 2.279413333229675 0 -2.279413333229675 0.5888780981754353
0.6047210913628862 2.27873380177706 0 -2.27873380177706 0.6047210913628862
0.6205619758938216 2.278038544868326 0 -2.278038544868326 0.6205619758938216
0.6364008699386926 2.277328758681259 0 -2.277328758681259 0.6364008699386926
0.6522375363549098 2.276603062169428 0 -2.276603062169428 0.6522375363549098
0.66807197815733 2.275861834484713 0 -2.275861834484713 0.66807197815733
0.683904345078176 2.275106412007659 0 -2.275106412007659 0.683904345078176
0.6997343503756062 2.274335170715524 0 -2.274335170715524 0.6997343503756062
0.7155620446246568 2.273548719763694 0 -2.273548719763694 0.7155620446246568
0.7313875208756561 2.272747979523284 0 -2.272747979523284 0.7313875208756561
0.7472104364145421 2.271931057064662 0 -2.271931057064662 0.7472104364145421
0.7630309814980296 2.271099413350598 0 -2.271099413350598 0.7630309814980296
0.7788490391197105 2.27025264633068 0 -2.27025264633068 0.7788490391197105
0.7946644058774128 2.269389815394173 0 -2.269389815394173 0.7946644058774128
0.810477347263618 2.268512806133564 0 -2.268512806133564 0.810477347263618
0.8262874407018361 2.267619324073177 0 -2.267619324073177 0.8262874407018361
0.8420949374192841 2.266711186252389 0 -2.266711186252389 0.8420949374192841
0.8578994594186777 2.265786506095363 0 -2.265786506095363 0.8578994594186777
0.8737011995256887 2.26484658177846 0 -2.26484658177846 0.8737011995256887
0.8894998503383321 2.263890028264929 0 -2.263890028264929 0.8894998503383321
0.9052955736248673 2.262918133478135 0 -2.262918133478135 0.9052955736248673
0.9210879959102927 2.261929117408648 0 -2.261929117408648 0.9210879959102927
0.9368773077256147 2.260924417198305 0 -2.260924417198305 0.9368773077256147
0.9526632717562846 2.259902710947556 0 -2.259902710947556 0.9526632717562846
0.9684457167058114 2.258863905060708 0 -2.258863905060708 0.9684457167058114
0.9842247452386188 2.257808222268016 0 -2.257808222268016 0.9842247452386188
-0.2848846067801276 2.623810133249635 -0 -2.623810133249635 -0.2848846067801276
-0.2685191247797483 2.624888044079748 -0 -2.624888044079748 -0.2685191247797483
-0.2521246217836254 2.625852554186222 -0 -2.625852554186222 -0.2521246217836254
-0.2357111990235738 2.626734442132546 -0 -2.626734442132546 -0.2357111990235738
-0.2192821386147882 2.627541326753724 -0 -2.627541326753724 -0.2192821386147882
-0.2028401422473795 2.628280242600382 -0 -2.628280242600382 -0.2028401422473795
-0.1863870065940785 2.628954876420792 -0 -2.628954876420792 -0.1863870065940785
-0.1699246940870116 2.629571471758926 -0 -2.629571471758926 -0.1699246940870116
-0.1534543190135317 2.630131924530301 -0 -2.630131924530301 -0.1534543190135317
-0.1369771779895807 2.630640497035632 -0 -2.630640497035632 -0.1369771779895807
-0.1204942567191756 2.631099996225201 -0 -2.631099996225201 -0.1204942567191756
-0.1040063041475631 2.631511969516312 -0 -2.631511969516312 -0.1040063041475631
-0.08751416835626122 2.631879827955022 -0 -2.631879827955022 -0.08751416835626122
-0.07101844607148915 2.632204923089048 -0 -2.632204923089048 -0.07101844607148915
-0.05451966446833856 2.632488612414511 -0 -2.632488612414511 -0.05451966446833856
-0.03801839255680946 2.632733303636154 -0 -2.632733303636154 -0.03801839255680946
-0.0215150446962224 2.632940088997062 -0 -2.632940088997062 -0.0215150446962224
-0.005010022795661401 2.633110101855179 -0 -2.633110101855179 -0.005010022795661401
0.01149629624376605 2.633245019701663 0 -2.633245019701663 0.01149629624376605
0.02800358667114954 2.633345835556163 0 -2.633345835556163 0.02800358667114954
0.04451155373006714 2.633413350068073 0 -2.633413350068073 0.04451155373006714
0.06101992520881441 2.633448745243772 0 -2.633448745243772 0.06101992520881441
0.0775284420215873 2.633453078108833 0 -2.633453078108833 0.0775284420215873
0.09403688011165628 2.633426846451531 0 -2.633426846451531 0.09403688011165628
0.1105450168473963 2.633370574445413 0 -2.633370574445413 0.1105450168473963
0.1270526812892266 2.633286237352945 0 -2.633286237352945 0.1270526812892266
0.1435597038620382 2.633174855367676 0 -2.633174855367676 0.1435597038620382
0.1600658432668909 2.633034438775468 0 -2.633034438775468 0.1600658432668909
0.1765710840245668 2.632869595733579 0 -2.632869595733579 0.1765710840245668
0.1930755271825591 2.632685866857029 0 -2.632685866857029 0.1930755271825591
0.2095790688023182 2.632482804489572 0 -2.632482804489572 0.2095790688023182
0.2260815970645981 2.632260024779531 0 -2.632260024779531 0.2260815970645981
0.2425831338959707 2.632019538577877 0 -2.632019538577877 0.2425831338959707
0.2590836418265714 2.63176204083452 0 -2.63176204083452 0.2590836418265714
0.2755830142454189 2.631486907518837 0 -2.631486907518837 0.2755830142454189
0.2920812507873111 2.631195220726236 0 -2.631195220726236 0.2920812507873111
0.3085783339777413 2.630887657129786 0 -2.630887657129786 0.3085783339777413
0.3250741487465346 2.630563509804787 0 -2.630563509804787 0.3250741487465346
0.3415687025990103 2.630223685111817 0 -2.630223685111817 0.3415687025990103
0.3580620227776643 2.629869218400969 0 -2.629869218400969 0.3580620227776643
0.3745540029537225 2.629499480667226 0 -2.629499480667226 0.3745540029537225
0.391044611978156 2.629114762029769 0 -2.629114762029769 0.391044611978156
0.4075338987638527 2.628716121351405 0 -2.628716121351405 0.4075338987638527
0.4240218101706569 2.628303542698642 0 -2.628303542698642 0.4240218101706569
0.4405082498158345 2.627876515795279 0 -2.627876515795279 0.4405082498158345
0.4569932769081693 2.627436070735671 0 -2.627436070735671 0.4569932769081693
0.4734768990036951 2.626982694752874 0 -2.626982694752874 0.4734768990036951
0.4899589657340209 2.626515433315545 0 -2.626515433315545 0.4899589657340209
0.5064395319383242 2.626035121044356 0 -2.626035121044356 0.5064395319383242
0.5229186401502044 2.625542517585529 0 -2.625542517585529 0.5229186401502044
0.5393961267799632 2.625036555495867 0 -2.625036555495867 0.5393961267799632
0.5558720173466261 2.624517811690067 0 -2.624517811690067 0.5558720173466261
0.5723463968039798 2.623987226799768 0 -2.623987226799768 0.5723463968039798
0.5888190940669202 2.623443781942189 0 -2.623443781942189 0.5888190940669202
0.6052901049641836 2.62288776089249 0 -2.62288776089249 0.6052901049641836
0.6217595240007742 2.622320120275491 0 -2.622320120275491 0.6217595240007742
0.6382271615255464 2.62173975562051 0 -2.62173975562051 0.6382271615255464
0.654693019949586 2.621146970148443 0 -2.621146970148443 0.654693019949586
0.6711572190189388 2.620542832609115 0 -2.620542832609115 0.6711572190189388
0.6876195294162197 2.619926044215269 0 -2.619926044215269 0.6876195294162197
0.7040799915880374 2.619297092129574 0 -2.619297092129574 0.7040799915880374
0.7205386799499631 2.6186567124047 0 -2.6186567124047 0.7205386799499631
0.736995320421687 2.618003391199235 0 -2.618003391199235 0.736995320421687
0.7534500651580966 2.617338296895723 0 -2.617338296895723 0.7534500651580966
0.7699028205851123 2.61666110796052 0 -2.61666110796052 0.7699028205851123
0.7863534240349705 2.615971072154633 0 -2.615971072154633 0.7863534240349705
0.8028020878312068 2.615269697451703 0 -2.615269697451703 0.8028020878312068
0.8192484740247605 2.614555148880033 0 -2.614555148880033 0.8192484740247605
0.8356927835307426 2.613828879588973 0 -2.613828879588973 0.8356927835307426
0.8521347140516271 2.613089380818456 0 -2.613089380818456 0.8521347140516271
0.8685744197967851 2.612337690765102 0 -2.612337690765102 0.8685744197967851
0.8850116549261982 2.611572701767025 0 -2.611572701767025 0.8850116549261982
0.901446548811548 2.610795443821171 0 -2.610795443821171 0.901446548811548
0.9178788027719358 2.61000449339232 0 -2.61000449339232 0.9178788027719358
0.9343085691816093 2.609200999812596 0 -2.609200999812596 0.9343085691816093
0.9507356582519007 2.608383905913127 0 -2.608383905913127 0.9507356582519007
0.9671599329910712 2.607553136842194 0 -2.607553136842194 0.9671599329910712
0.9835814755034182 2.606708870724898 0 -2.606708870724898 0.9835814755034182
-0.3413649672550111 3.020121110591942 -0 -3.020121110591942 -0.3413649672550111
-0.324244450042077 3.020888607923497 -0 -3.020888607923497 -0.324244450042077
-0.3071032692115858 3.021575361327289 -0 -3.021575361327289 -0.3071032692115858
-0.2899486170733025 3.022203285849598 -0 -3.022203285849598 -0.2899486170733025
-0.2727828305688591 3.022777806276471 -0 -3.022777806276471 -0.2727828305688591
-0.2556078333638566 3.023303931370017 -0 -3.023303931370017 -0.2556078333638566
-0.2384249047306712 3.023784286179938 -0 -3.023784286179938 -0.2384249047306712
-0.2212354419661875 3.024223316253387 -0 -3.024223316253387 -0.2212354419661875
-0.2040402384686718 3.024622371525887 -0 -3.024622371525887 -0.2040402384686718
-0.186840217458546 3.024984486853741 -0 -3.024984486853741 -0.186840217458546
-0.1696360807797795 3.025311660850219 -0 -3.025311660850219 -0.1696360807797795
-0.1524283616986417 3.02560499531209 -0 -3.02560499531209 -0.1524283616986417
-0.1352176640687117 3.025866918982728 -0 -3.025866918982728 -0.1352176640687117
-0.118004412772805 3.026098394195249 -0 -3.026098394195249 -0.118004412772805
-0.1007889831717321 3.026300387518163 -0 -3.026300387518163 -0.1007889831717321
-0.08357178041372171 3.026474613292716 -0 -3.026474613292716 -0.08357178041372171
-0.06635309953215623 3.026621849221149 -0 -3.026621849221149 -0.06635309953215623
-0.04913322669556268 3.026742902280425 -0 -3.026742902280425 -0.04913322669556268
-0.03191243026621266 3.026838966882898 -0 -3.026838966882898 -0.03191243026621266
-0.01469094218625901 3.026910750081435 -0 -3.026910750081435 -0.01469094218625901
0.002531027670935271 3.026958821956848 0 -3.026958821956848 0.002531027670935271
0.01975328548436536 3.026984024124911 0 -3.026984024124911 0.01975328548436536
0.03697564677896976 3.026987109212184 0 -3.026987109212184 0.03697564677896976
0.05419795202119541 3.026968431655388 0 -3.026968431655388 0.05419795202119541
0.07142004269219626 3.026928364678164 0 -3.026928364678164 0.07142004269219626
0.08864179707905266 3.026868314712893 0 -3.026868314712893 0.08864179707905266
0.1058630944403803 3.026789008160884 0 -3.026789008160884 0.1058630944403803
0.1230837629657747 3.026689028299835 0 -3.026689028299835 0.1230837629657747
0.1403037916336761 3.026571656243874 0 -3.026571656243874 0.1403037916336761
0.1575232523922277 3.026440837038541 0 -3.026440837038541 0.1575232523922277
0.1747420712347875 3.026296251942276 0 -3.026296251942276 0.1747420712347875
0.1919601685434764 3.026137627643841 0 -3.026137627643841 0.1919601685434764
0.2091775599305185 3.025966395915454 0 -3.025966395915454 0.2091775599305185
0.2263942187165071 3.025783051577463 0 -3.025783051577463 0.2263942187165071
0.2436100689919676 3.025587150305686 0 -3.025587150305686 0.2436100689919676
0.2608251104968676 3.025379462576983 0 -3.025379462576983 0.2608251104968676
0.2780393307889553 3.025160470198167 0 -3.025160470198167 0.2780393307889553
0.2952526479356157 3.024929669822568 0 -3.024929669822568 0.2952526479356157
0.3124650672808101 3.024687706799798 0 -3.024687706799798 0.3124650672808101
0.3296766082218412 3.024435318322975 0 -3.024435318322975 0.3296766082218412
0.3468871950501718 3.024172056526035 0 -3.024172056526035 0.3468871950501718
0.3640968055869583 3.023898127980521 0 -3.023898127980521 0.3640968055869583
0.3813054746593021 3.023614286621142 0 -3.023614286621142 0.3813054746593021
0.3985131644301885 3.023320521102889 0 -3.023320521102889 0.3985131644301885
0.4157198062728903 3.023016468097348 0 -3.023016468097348 0.4157198062728903
0.4329254423454254 3.022702861055432 0 -3.022702861055432 0.4329254423454254
0.4501300780278641 3.022380046898301 0 -3.022380046898301 0.4501300780278641
0.4673336062544479 3.022047345977652 0 -3.022047345977652 0.4673336062544479
0.4845360660719347 3.021705352562627 0 -3.021705352562627 0.4845360660719347
0.5017374877652261 3.021354607538838 0 -3.021354607538838 0.5017374877652261
0.5189377548546896 3.020994350862138 0 -3.020994350862138 0.5189377548546896
0.5361368855104586 3.020624993309081 0 -3.020624993309081 0.5361368855104586
0.553334940221586 3.020247204631066 0 -3.020247204631066 0.553334940221586
0.5705317971715369 3.019860259360078 0 -3.019860259360078 0.5705317971715369
0.5877274533902755 3.019464359550569 0 -3.019464359550569 0.5877274533902755
0.6049219761675411 3.01906018634145 0 -3.01906018634145 0.6049219761675411
0.6221152304673497 3.018646953324152 0 -3.018646953324152 0.6221152304673497
0.6393072180064495 3.018224876398937 0 -3.018224876398937 0.6393072180064495
0.6564980240467843 3.0177947165403 0 -3.0177947165403 0.6564980240467843
0.6736874853090923 3.017355548981797 0 -3.017355548981797 0.6736874853090923
0.6908756305922907 3.016907720594471 0 -3.016907720594471 0.6908756305922907
0.7080625128819809 3.016451755464776 0 -3.016451755464776 0.7080625128819809
0.7252479370266682 3.015986575702754 0 -3.015986575702754 0.7252479370266682
0.7424320113641376 3.015513013223693 0 -3.015513013223693 0.7424320113641376
0.7596146692674886 3.015030839088233 0 -3.015030839088233 0.7596146692674886
0.7767957949135262 3.014539517684876 0 -3.014539517684876 0.7767957949135262
0.793975539481499 3.014040122725599 0 -3.014040122725599 0.793975539481499
0.8111536623438904 3.01353134766828 0 -3.01353134766828 0.8111536623438904
0.8283303065568876 3.013014227188731 0 -3.013014227188731 0.8283303065568876
0.8455052568776884 3.012487687015028 0 -3.012487687015028 0.8455052568776884
0.8626786231069172 3.01195246636708 0 -3.01195246636708 0.8626786231069172
0.8798502302008174 3.011407776564109 0 -3.011407776564109 0.8798502302008174
0.8970201702750071 3.010854350987666 0 -3.010854350987666 0.8970201702750071
0.9141882306618049 3.010291176047883 0 -3.010291176047883 0.9141882306618049
0.9313545198551858 3.009719070095707 0 -3.009719070095707 0.9313545198551858
0.9485189027212455 3.009137280402547 0 -3.009137280402547 0.9485189027212455
0.9656812817187108 3.008545753672255 0 -3.008545753672255 0.9656812817187108
0.9828417153077326 3.007944616734008 0 -3.007944616734008 0.9828417153077326
-0.406317381569649 3.47587873290603 -0 -3.47587873290603 -0.406317381569649
-0.3883285738653877 3.476289254710312 -0 -3.476289254710312 -0.3883285738653877
-0.370328713528445 3.476656587901933 -0 -3.476656587901933 -0.370328713528445
-0.3523216476082419 3.476992454482431 -0 -3.476992454482431 -0.3523216476082419
-0.3343086260968183 3.47729975608156 -0 -3.47729975608156 -0.3343086260968183
-0.3162906779315921 3.477581171804639 -0 -3.477581171804639 -0.3162906779315921
-0.2982684873745335 3.477838105748031 -0 -3.477838105748031 -0.2982684873745335
-0.2802428018170023 3.478072935762541 -0 -3.478072935762541 -0.2802428018170023
-0.2622140456348163 3.478286383906709 -0 -3.478286383906709 -0.2622140456348163
-0.2441827126435518 3.478480073475773 -0 -3.478480073475773 -0.2441827126435518
-0.2261491782481236 3.478655073495439 -0 -3.478655073495439 -0.2261491782481236
-0.2081137276839791 3.47881197329886 -0 -3.47881197329886 -0.2081137276839791
-0.1900766839425689 3.478952071981338 -0 -3.478952071981338 -0.1900766839425689
-0.1720382742867948 3.479075884279191 -0 -3.479075884279191 -0.1720382742867948
-0.1539986994910442 3.479183927194181 -0 -3.479183927194181 -0.1539986994910442
-0.1359581762625104 3.479277117699536 -0 -3.479277117699536 -0.1359581762625104
-0.1179168624097466 3.479355871775525 -0 -3.479355871775525 -0.1179168624097466
-0.09987491099964046 3.479420621060992 -0 -3.479420621060992 -0.09987491099964046
-0.08183246557480256 3.47947200442766 -0 -3.47947200442766 -0.08183246557480256
-0.06378965019731497 3.479510400066602 -0 -3.479510400066602 -0.06378965019731497
-0.04574657712502333 3.479536112904765 -0 -3.479536112904765 -0.04574657712502333
-0.02770335002962859 3.479549593108723 -0 -3.479549593108723 -0.02770335002962859
-0.009660067583837889 3.479551243246176 -0 -3.479551243246176 -0.009660067583837889
0.008383184880447675 3.479541252899556 0 -3.479541252899556 0.008383184880447675
0.02642632257407776 3.479519821700113 0 -3.479519821700113 0.02642632257407776
0.04446928039479298 3.479487701925634 0 -3.479487701925634 0.04446928039479298
0.06251199375999192 3.479445282116355 0 -3.479445282116355 0.06251199375999192
0.08055437077108588 3.47939180449058 0 -3.47939180449058 0.08055437077108588
0.09859640553282231 3.479329024062846 0 -3.479329024062846 0.09859640553282231
0.1166381365290913 3.479259050973796 0 -3.479259050973796 0.1166381365290913
0.1346795241749452 3.47918171473376 0 -3.47918171473376 0.1346795241749452
0.1527205258840761 3.479096869153004 0 -3.479096869153004 0.1527205258840761
0.1707611500072089 3.479005280063185 0 -3.479005280063185 0.1707611500072089
0.1888013822739629 3.478907212135649 0 -3.478907212135649 0.1888013822739629
0.2068411820815959 3.478802427708626 0 -3.478802427708626 0.2068411820815959
0.2248805492910206 3.478691338897644 0 -3.478691338897644 0.2248805492910206
0.2429194772470794 3.478574203413329 0 -3.478574203413329 0.2429194772470794
0.26095792212535 3.478450752023738 0 -3.478450752023738 0.26095792212535
0.2789958867842321 3.478321329915872 0 -3.478321329915872 0.2789958867842321
0.2970333815990561 3.478186331402334 0 -3.478186331402334 0.2970333815990561
0.315070366074558 3.478045516926853 0 -3.478045516926853 0.315070366074558
0.3331068283476062 3.477898996981189 0 -3.477898996981189 0.3331068283476062
0.3511427870466488 3.477747174832742 0 -3.477747174832742 0.3511427870466488
0.3691782219332819 3.477590044413253 0 -3.477590044413253 0.3691782219332819
0.3872130963001868 3.477427411384266 0 -3.477427411384266 0.3872130963001868
0.4052474326970011 3.477259668056738 0 -3.477259668056738 0.4052474326970011
0.4232812340014362 3.47708699999315 0 -3.47708699999315 0.4232812340014362
0.4413144429457612 3.476909043660685 0 -3.476909043660685 0.4413144429457612
0.4593470804154511 3.476726116924238 0 -3.476726116924238 0.4593470804154511
0.477379162609407 3.476538509094715 0 -3.476538509094715 0.477379162609407
0.4954106272245692 3.476345813636875 0 -3.476345813636875 0.4954106272245692
0.513441483979846 3.476148250268412 0 -3.476148250268412 0.513441483979846
0.5314717652298482 3.475946177228444 0 -3.475946177228444 0.5314717652298482
0.5495014058168929 3.475739206475939 0 -3.475739206475939 0.5495014058168929
0.5675304041523572 3.475527446086538 0 -3.475527446086538 0.5675304041523572
0.5855587962284273 3.475311260390354 0 -3.475311260390354 0.5855587962284273
0.6035865098165527 3.475090228750245 0 -3.475090228750245 0.6035865098165527
0.621613545834995 3.474864466647747 0 -3.474864466647747 0.621613545834995
0.6396399498889794 3.474634381115732 0 -3.474634381115732 0.6396399498889794
0.6576656346430868 3.474399477511678 0 -3.474399477511678 0.6576656346430868
0.6756906155013891 3.474159941371263 0 -3.474159941371263 0.6756906155013891
0.6937149208050222 3.473916053019801 0 -3.473916053019801 0.6937149208050222
0.7117384461706281 3.473667235911497 0 -3.473667235911497 0.7117384461706281
0.729761249546324 3.473413935024298 0 -3.473413935024298 0.729761249546324
0.7477832952944664 3.473156027902266 0 -3.473156027902266 0.7477832952944664
0.7658045214631131 3.472893228055529 0 -3.472893228055529 0.7658045214631131
0.7838250089155827 3.472626109795149 0 -3.472626109795149 0.7838250089155827
0.8018446289441342 3.472353974273008 0 -3.472353974273008 0.8018446289441342
0.819863458067193 3.472077374920358 0 -3.472077374920358 0.819863458067193
0.8378813811548889 3.471795737126632 0 -3.471795737126632 0.8378813811548889
0.8558984569377873 3.471509456288529 0 -3.471509456288529 0.8558984569377873
0.8739145917878326 3.471218110553537 0 -3.471218110553537 0.8739145917878326
0.8919298349761694 3.470922092195512 0 -3.470922092195512 0.8919298349761694
0.909944072750317 3.470620859061728 0 -3.470620859061728 0.909944072750317
0.927957363141936 3.470314848874791 0 -3.470314848874791 0.927957363141936
0.9459696338701009 3.470003659012427 0 -3.470003659012427 0.9459696338701009
0.9639808327615726 3.469687260967393 0 -3.469687260967393 0.9639808327615726
0.981990991085734 3.469365722578555 0 -3.469365722578555 0.981990991085734
2 3 1 1344
3889
3890
3891
3892
3893
3894
3895
3896
3897
3898
3899
3900
3901
3902
3903
3904
3905
3906
3907
3908
3909
3910
3911
3912
3913
3914
3915
3916
3917
3918
3919
3920
3921
3922
3923
3924
3925
3926
3927
3928
3929
3930
3931
3932
3933
3934
3935
3936
3937
3938
3939
3940
3941
3942
3943
3944
3945
3946
3947
3948
3949
3950
3951
3952
3953
3954
3955
3956
3957
3958
3959
3960
3961
3962
3963
3964
3965
3966
3967
3968
3969
3970
3971
3972
3973
3974
3975
3976
3977
3978
3979
3980
3981
3982
3983
3984
3985
3986
3987
3988
3989
3990
3991
3992
3993
3994
3995
3996
3997
3998
3999
4000
4001
4002
4003
4004
4005
4006
4007
4008
4009
4010
4011
4012
4013
4014
4015
4016
4017
4018
4019
4020
4021
4022
4023
4024
4025
4026
4027
4028
4029
4030
4031
4032
4033
4034
4035
4036
4037
4038
4039
4040
4041
4042
4043
4044
4045
4046
4047
4048
4049
4050
4051
4052
4053
4054
4055
4056
4057
4058
4059
4060
4061
4062
4063
4064
4065
4066
4067
4068
4069
4070
4071
4072
4073
4074
4075
4076
4077
4078
4079
4080
4081
4082
4083
4084
4085
4086
4087
4088
4089
4090
4091
4092
4093
4094
4095
4096
4097
4098
4099
4100
4101
4102
4103
4104
4105
4106
4107
4108
4109
4110
4111
4112
4113
4114
4115
4116
4117
4118
4119
4120
4121
4122
4123
4124
4125
4126
4127
4128
4129
4130
4131
4132
4133
4134
4135
4136
4137
4138
4139
4140
4141
4142
4143
4144
4145
4146
4147
4148
4149
4150
4151
4152
4153
4154
4155
4156
4157
4158
4159
4160
4161
4162
4163
4164
4165
4166
4167
4168
4169
4170
4171
4172
4173
4174
4175
4176
4177
4178
4179
4180
4181
4182
4183
4184
4185
4186
4187
4188
4189
4190
4191
4192
4193
4194
4195
4196
4197
4198
4199
4200
4201
4202
4203
4204
4205
4206
4207
4208
4209
4210
4211
4212
4213
4214
4215
4216
4217
4218
4219
4220
4221
4222
4223
4224
4225
4226
4227
4228
4229
4230
4231
4232
4233
4234
4235
4236
4237
4238
4239
4240
4241
4242
4243
4244
4245
4246
4247
4248
4249
4250
4251
4252
4253
4254
4255
4256
4257
4258
4259
4260
4261
4262
4263
4264
4265
4266
4267
4268
4269
4270
4271
4272
4273
4274
4275
4276
4277
4278
4279
4280
4281
4282
4283
4284
4285
4286
4287
4288
4289
4290
4291
4292
4293
4294
4295
4296
4297
4298
4299
4300
4301
4302
4303
4304
4305
4306
4307
4308
4309
4310
4311
4312
4313
4314
4315
4316
4317
4318
4319
4320
4321
4322
4323
4324
4325
4326
4327
4328
4329
4330
4331
4332
4333
4334
4335
4336
4337
4338
4339
4340
4341
4342
4343
4344
4345
4346
4347
4348
4349
4350
4351
4352
4353
4354
4355
4356
4357
4358
4359
4360
4361
4362
4363
4364
4365
4366
4367
4368
4369
4370
4371
4372
4373
4374
4375
4376
4377
4378
4379
4380
4381
4382
4383
4384
4385
4386
4387
4388
4389
4390
4391
4392
4393
4394
4395
4396
4397
4398
4399
4400
4401
4402
4403
4404
4405
4406
4407
4408
4409
4410
4411
4412
4413
4414
4415
4416
4417
4418
4419
4420
4421
4422
4423
4424
4425
4426
4427
4428
4429
4430
4431
4432
4433
4434
4435
4436
4437
4438
4439
4440
4441
4442
4443
4444
4445
4446
4447
4448
4449
4450
4451
4452
4453
4454
4455
4456
4457
4458
4459
4460
4461
4462
4463
4464
4465
4466
4467
4468
4469
4470
4471
4472
4473
4474
4475
4476
4477
4478
4479
4480
4481
4482
4483
4484
4485
4486
4487
4488
4489
4490
4491
4492
4493
4494
4495
4496
4497
4498
4499
4500
4501
4502
4503
4504
4505
4506
4507
4508
4509
4510
4511
4512
4513
4514
4515
4516
4517
4518
4519
4520
4521
4522
4523
4524
4525
4526
4527
4528
4529
4530
4531
4532
4533
4534
4535
4536
4537
4538
4539
4540
4541
4542
4543
4544
4545
4546
4547
4548
4549
4550
4551
4552
4553
4554
4555
4556
4557
4558
4559
4560
4561
4562
4563
4564
4565
4566
4567
4568
4569
4570
4571
4572
4573
4574
4575
4576
4577
4578
4579
4580
4581
4582
4583
4584
4585
4586
4587
4588
4589
4590
4591
4592
4593
4594
4595
4596
4597
4598
4599
4600
4601
4602
4603
4604
4605
4606
4607
4608
4609
4610
4611
4612
4613
4614
4615
4616
4617
4618
4619
4620
4621
4622
4623
4624
4625
4626
4627
4628
4629
4630
4631
4632
4633
4634
4635
4636
4637
4638
4639
4640
4641
4642
4643
4644
4645
4646
4647
4648
4649
4650
4651
4652
4653
4654
4655
4656
4657
4658
4659
4660
4661
4662
4663
4664
4665
4666
4667
4668
4669
4670
4671
4672
4673
4674
4675
4676
4677
4678
4679
4680
4681
4682
4683
4684
4685
4686
4687
4688
4689
4690
4691
4692
4693
4694
4695
4696
4697
4698
4699
4700
4701
4702
4703
4704
4705
4706
4707
4708
4709
4710
4711
4712
4713
4714
4715
4716
4717
4718
4719
4720
4721
4722
4723
4724
4725
4726
4727
4728
4729
4730
4731
4732
4733
4734
4735
4736
4737
4738
4739
4740
4741
4742
4743
4744
4745
4746
4747
4748
4749
4750
4751
4752
4753
4754
4755
4756
4757
4758
4759
4760
4761
4762
4763
4764
4765
4766
4767
4768
4769
4770
4771
4772
4773
4774
4775
4776
4777
4778
4779
4780
4781
4782
4783
4784
4785
4786
4787
4788
4789
4790
4791
4792
4793
4794
4795
4796
4797
4798
4799
4800
4801
4802
4803
4804
4805
4806
4807
4808
4809
4810
4811
4812
4813
4814
4815
4816
4817
4818
4819
4820
4821
4822
4823
4824
4825
4826
4827
4828
4829
4830
4831
4832
4833
4834
4835
4836
4837
4838
4839
4840
4841
4842
4843
4844
4845
4846
4847
4848
4849
4850
4851
4852
4853
4854
4855
4856
4857
4858
4859
4860
4861
4862
4863
4864
4865
4866
4867
4868
4869
4870
4871
4872
4873
4874
4875
4876
4877
4878
4879
4880
4881
4882
4883
4884
4885
4886
4887
4888
4889
4890
4891
4892
4893
4894
4895
4896
4897
4898
4899
4900
4901
4902
4903
4904
4905
4906
4907
4908
4909
4910
4911
4912
4913
4914
4915
4916
4917
4918
4919
4920
4921
4922
4923
4924
4925
4926
4927
4928
4929
4930
4931
4932
4933
4934
4935
4936
4937
4938
4939
4940
4941
4942
4943
4944
4945
4946
4947
4948
4949
4950
4951
4952
4953
4954
4955
4956
4957
4958
4959
4960
4961
4962
4963
4964
4965
4966
4967
4968
4969
4970
4971
4972
4973
4974
4975
4976
4977
4978
4979
4980
4981
4982
4983
4984
4985
4986
4987
4988
4989
4990
4991
4992
4993
4994
4995
4996
4997
4998
4999
5000
5001
5002
5003
5004
5005
5006
5007
5008
5009
5010
5011
5012
5013
5014
5015
5016
5017
5018
5019
5020
5021
5022
5023
5024
5025
5026
5027
5028
5029
5030
5031
5032
5033
5034
5035
5036
5037
5038
5039
5040
5041
5042
5043
5044
5045
5046
5047
5048
5049
5050
5051
5052
5053
5054
5055
5056
5057
5058
5059
5060
5061
5062
5063
5064
5065
5066
5067
5068
5069
5070
5071
5072
5073
5074
5075
5076
5077
5078
5079
5080
5081
5082
5083
5084
5085
5086
5087
5088
5089
5090
5091
5092
5093
5094
5095
5096
5097
5098
5099
5100
5101
5102
5103
5104
5105
5106
5107
5108
5109
5110
5111
5112
5113
5114
5115
5116
5117
5118
5119
5120
5121
5122
5123
5124
5125
5126
5127
5128
5129
5130
5131
5132
5133
5134
5135
5136
5137
5138
5139
5140
5141
5142
5143
5144
5145
5146
5147
5148
5149
5150
5151
5152
5153
5154
5155
5156
5157
5158
5159
5160
5161
5162
5163
5164
5165
5166
5167
5168
5169
5170
5171
5172
5173
5174
5175
5176
5177
5178
5179
5180
5181
5182
5183
5184
5185
5186
5187
5188
5189
5190
5191
5192
5193
5194
5195
5196
5197
5198
5199
5200
5201
5202
5203
5204
5205
5206
5207
5208
5209
5210
5211
5212
5213
5214
5215
5216
5217
5218
5219
5220
5221
5222
5223
5224
5225
5226
5227
5228
5229
5230
5231
5232
1.008513140686882 0.01060530838403633 0 -0.01060530838403633 1.008513140686882
1.017877594952493 0.01060530838403634 0 -0.01060530838403634 1.017877594952493
1.028178491286834 0.01060530838403634 0 -0.01060530838403634 1.028178491286834
1.039509476786401 0.01060530838403634 0 -0.01060530838403634 1.039509476786401
1.051973567063915 0.01060530838403633 0 -0.01060530838403633 1.051973567063915
1.065684065007374 0.01060530838403634 0 -0.01060530838403634 1.065684065007374
1.08076561285186 0.01060530838403633 0 -0.01060530838403633 1.08076561285186
1.097355313912987 0.01060530838403634 0 -0.01060530838403634 1.097355313912987
1.115603983102352 0.01060530838403634 0 -0.01060530838403634 1.115603983102352
1.135677519263217 0.01060530838403634 0 -0.01060530838403634 1.135677519263217
1.157758409864335 0.01060530838403634 0 -0.01060530838403634 1.157758409864335
1.182047387813799 0.01060530838403634 0 -0.01060530838403634 1.182047387813799
1.208765260845062 0.01060530838403634 0 -0.01060530838403634 1.208765260845062
1.238154921515817 0.01060530838403634 0 -0.01060530838403634 1.238154921515817
1.270483547537996 0.01060530838403634 0 -0.01060530838403634 1.270483547537996
1.306045039627058 0.01060530838403633 0 -0.01060530838403633 1.306045039627058
1.345162677771624 0.01060530838403633 0 -0.01060530838403633 1.345162677771624
1.388192078726251 0.01060530838403634 0 -0.01060530838403634 1.388192078726251
1.435524419750019 0.01060530838403634 0 -0.01060530838403634 1.435524419750019
1.487589991654102 0.01060530838403634 0 -0.01060530838403634 1.487589991654102
1.544862120780603 0.01060530838403634 0 -0.01060530838403634 1.544862120780603
1.607861463429836 0.01060530838403634 0 -0.01060530838403634 1.607861463429836
1.677160740504133 0.01060530838403634 0 -0.01060530838403634 1.677160740504133
1.753389945270369 0.01060530838403634 0 -0.01060530838403634 1.753389945270369
1.837242070049153 0.01060530838403634 0 -0.01060530838403634 1.837242070049153
1.929479408455751 0.01060530838403633 0 -0.01060530838403633 1.929479408455751
2.03094048113763 0.01060530838403633 0 -0.01060530838403633 2.03094048113763
2.142547660990938 0.01060530838403634 0 -0.01060530838403634 2.142547660990938
2.265315560575325 0.01060530838403633 0 -0.01060530838403633 2.265315560575325
2.400360249675577 0.01060530838403634 0 -0.01060530838403634 2.400360249675577
2.548909407454469 0.01060530838403633 0 -0.01060530838403633 2.548909407454469
2.712313479862658 0.01060530838403634 0 -0.01060530838403634 2.712313479862658
2.892057959717039 0.01060530838403634 0 -0.01060530838403634 2.892057959717039
3.089776888357544 0.01060530838403634 0 -0.01060530838403634 3.089776888357544
3.307267711556313 0.01060530838403633 0 -0.01060530838403633 3.307267711556313
3.546507617725472 0.01060530838403634 0 -0.01060530838403634 3.546507617725472
3.809671516999787 0.01060530838403634 0 -0.01060530838403634 3.809671516999787
4.099151799954333 0.01060530838403634 0 -0.01060530838403634 4.099151799954333
4.417580114843078 0.01060530838403634 0 -0.01060530838403634 4.417580114843078
4.767851261784526 0.01060530838403634 0 -0.01060530838403634 4.767851261784526
5.153149523270521 0.01060530838403634 0 -0.01060530838403634 5.153149523270521
5.576977602644982 0.01060530838403634 0 -0.01060530838403634 5.576977602644982
6.043188488966522 0.01060530838403634 0 -0.01060530838403634 6.043188488966522
6.556020470449819 0.01060530838403634 0 -0.01060530838403634 6.556020470449819
7.120135645041903 0.01060530838403634 0 -0.01060530838403634 7.120135645041903
7.740662332232515 0.01060530838403634 0 -0.01060530838403634 7.740662332232515
8.423241686998495 0.01060530838403634 0 -0.01060530838403634 8.423241686998495
9.174078978730575 0.01060530838403634 0 -0.01060530838403634 9.174078978730575
1.008513140686882 0.02280140920586773 0 -0.02280140920586773 1.008513140686882
1.017877594952493 0.02280140920586773 0 -0.02280140920586773 1.017877594952493
1.028178491286834 0.02280140920586773 0 -0.02280140920586773 1.028178491286834
1.039509476786401 0.02280140920586773 0 -0.02280140920586773 1.039509476786401
1.051973567063915 0.02280140920586772 0 -0.02280140920586772 1.051973567063915
1.065684065007374 0.02280140920586772 0 -0.02280140920586772 1.065684065007374
1.08076561285186 0.02280140920586773 0 -0.02280140920586773 1.08076561285186
1.097355313912987 0.02280140920586773 0 -0.02280140920586773 1.097355313912987
1.115603983102353 0.02280140920586772 0 -0.02280140920586772 1.115603983102353
1.135677519263217 0.02280140920586772 0 -0.02280140920586772 1.135677519263217
1.157758409864335 0.02280140920586773 0 -0.02280140920586773 1.157758409864335
1.182047387813799 0.02280140920586772 0 -0.02280140920586772 1.182047387813799
1.208765260845062 0.02280140920586773 0 -0.02280140920586773 1.208765260845062
1.238154921515817 0.02280140920586772 0 -0.02280140920586772 1.238154921515817
1.270483547537996 0.02280140920586773 0 -0.02280140920586773 1.270483547537996
1.306045039627058 0.02280140920586772 0 -0.02280140920586772 1.306045039627058
1.345162677771624 0.02280140920586773 0 -0.02280140920586773 1.345162677771624
1.388192078726251 0.02280140920586773 0 -0.02280140920586773 1.388192078726251
1.435524419750019 0.02280140920586773 0 -0.02280140920586773 1.435524419750019
1.487589991654102 0.02280140920586773 0 -0.02280140920586773 1.487589991654102
1.544862120780603 0.02280140920586773 0 -0.02280140920586773 1.544862120780603
1.607861463429836 0.02280140920586772 0 -0.02280140920586772 1.607861463429836
1.677160740504133 0.02280140920586773 0 -0.02280140920586773 1.677160740504133
1.753389945270369 0.02280140920586772 0 -0.02280140920586772 1.753389945270369
1.837242070049153 0.02280140920586773 0 -0.02280140920586773 1.837242070049153
1.929479408455752 0.02280140920586773 0 -0.02280140920586773 1.929479408455752
2.03094048113763 0.02280140920586773 0 -0.02280140920586773 2.03094048113763
2.142547660990938 0.02280140920586773 0 -0.02280140920586773 2.142547660990938
2.265315560575326 0.02280140920586773 0 -0.02280140920586773 2.265315560575326
2.400360249675577 0.02280140920586773 0 -0.02280140920586773 2.400360249675577
2.54890940745447 0.02280140920586773 0 -0.02280140920586773 2.54890940745447
2.712313479862659 0.02280140920586773 0 -0.02280140920586773 2.712313479862659
2.89205795971704 0.02280140920586773 0 -0.02280140920586773 2.89205795971704
3.089776888357544 0.02280140920586773 0 -0.02280140920586773 3.089776888357544
3.307267711556314 0.02280140920586773 0 -0.02280140920586773 3.307267711556314
3.546507617725472 0.02280140920586772 0 -0.02280140920586772 3.546507617725472
3.809671516999788 0.02280140920586773 0 -0.02280140920586773 3.809671516999788
4.099151799954333 0.02280140920586773 0 -0.02280140920586773 4.099151799954333
4.417580114843078 0.02280140920586773 0 -0.02280140920586773 4.417580114843078
4.767851261784525 0.02280140920586773 0 -0.02280140920586773 4.767851261784525
5.153149523270521 0.02280140920586773 0 -0.02280140920586773 5.153149523270521
5.576977602644982 0.02280140920586773 0 -0.02280140920586773 5.576977602644982
6.043188488966522 0.02280140920586773 0 -0.02280140920586773 6.043188488966522
6.556020470449819 0.02280140920586773 0 -0.02280140920586773 6.556020470449819
7.120135645041905 0.02280140920586773 0 -0.02280140920586773 7.120135645041905
7.740662332232516 0.02280140920586773 0 -0.02280140920586773 7.740662332232516
8.423241686998493 0.02280140920586773 0 -0.02280140920586773 8.423241686998493
9.174078978730575 0.02280140920586773 0 -0.02280140920586773 9.174078978730575
1.008513140686882 0.0368269240017934 0 -0.0368269240017934 1.008513140686882
1.017877594952493 0.03682692400179338 0 -0.03682692400179338 1.017877594952493
1.028178491286834 0.0368269240017934 0 -0.0368269240017934 1.028178491286834
1.039509476786401 0.0368269240017934 0 -0.0368269240017934 1.039509476786401
1.051973567063915 0.0368269240017934 0 -0.0368269240017934 1.051973567063915
1.065684065007374 0.0368269240017934 0 -0.0368269240017934 1.065684065007374
1.08076561285186 0.0368269240017934 0 -0.0368269240017934 1.08076561285186
1.097355313912987 0.03682692400179341 0 -0.03682692400179341 1.097355313912987
1.115603983102352 0.0368269240017934 0 -0.0368269240017934 1.115603983102352
1.135677519263217 0.0368269240017934 0 -0.0368269240017934 1.135677519263217
1.157758409864335 0.03682692400179339 0 -0.03682692400179339 1.157758409864335
1.182047387813799 0.03682692400179338 0 -0.03682692400179338 1.182047387813799
1.208765260845062 0.03682692400179339 0 -0.03682692400179339 1.208765260845062
1.238154921515817 0.03682692400179341 0 -0.03682692400179341 1.238154921515817
1.270483547537996 0.0368269240017934 0 -0.0368269240017934 1.270483547537996
1.306045039627058 0.0368269240017934 0 -0.0368269240017934 1.306045039627058
1.345162677771624 0.03682692400179341 0 -0.03682692400179341 1.345162677771624
1.388192078726251 0.0368269240017934 0 -0.0368269240017934 1.388192078726251
1.435524419750019 0.0368269240017934 0 -0.0368269240017934 1.435524419750019
1.487589991654102 0.0368269240017934 0 -0.0368269240017934 1.487589991654102
1.544862120780603 0.0368269240017934 0 -0.0368269240017934 1.544862120780603
1.607861463429836 0.0368269240017934 0 -0.0368269240017934 1.607861463429836
1.677160740504133 0.03682692400179338 0 -0.03682692400179338 1.677160740504133
1.753389945270369 0.0368269240017934 0 -0.0368269240017934 1.753389945270369
1.837242070049153 0.0368269240017934 0 -0.0368269240017934 1.837242070049153
1.929479408455751 0.0368269240017934 0 -0.0368269240017934 1.929479408455751
2.03094048113763 0.0368269240017934 0 -0.0368269240017934 2.03094048113763
2.142547660990938 0.0368269240017934 0 -0.0368269240017934 2.142547660990938
2.265315560575326 0.0368269240017934 0 -0.0368269240017934 2.265315560575326
2.400360249675577 0.0368269240017934 0 -0.0368269240017934 2.400360249675577
2.54890940745447 0.0368269240017934 0 -0.0368269240017934 2.54890940745447
2.712313479862658 0.0368269240017934 0 -0.0368269240017934 2.712313479862658
2.89205795971704 0.0368269240017934 0 -0.0368269240017934 2.89205795971704
3.089776888357544 0.0368269240017934 0 -0.0368269240017934 3.089776888357544
3.307267711556314 0.0368269240017934 0 -0.0368269240017934 3.307267711556314
3.546507617725472 0.0368269240017934 0 -0.0368269240017934 3.546507617725472
3.809671516999787 0.0368269240017934 0 -0.0368269240017934 3.809671516999787
4.099151799954333 0.0368269240017934 0 -0.0368269240017934 4.099151799954333
4.417580114843078 0.0368269240017934 0 -0.0368269240017934 4.417580114843078
4.767851261784525 0.0368269240017934 0 -0.0368269240017934 4.767851261784525
5.153149523270521 0.0368269240017934 0 -0.0368269240017934 5.153149523270521
5.576977602644983 0.0368269240017934 0 -0.0368269240017934 5.576977602644983
6.043188488966522 0.0368269240017934 0 -0.0368269240017934 6.043188488966522
6.556020470449819 0.0368269240017934 0 -0.0368269240017934 6.556020470449819
7.120135645041904 0.0368269240017934 0 -0.0368269240017934 7.120135645041904
7.740662332232515 0.0368269240017934 0 -0.0368269240017934 7.740662332232515
8.423241686998493 0.0368269240017934 0 -0.0368269240017934 8.423241686998493
9.174078978730574 0.0368269240017934 0 -0.0368269240017934 9.174078978730574
1.008513140686882 0.05295626878124063 0 -0.05295626878124063 1.008513140686882
1.017877594952493 0.05295626878124064 0 -0.05295626878124064 1.017877594952493
1.028178491286834 0.05295626878124064 0 -0.05295626878124064 1.028178491286834
1.039509476786401 0.05295626878124064 0 -0.05295626878124064 1.039509476786401
1.051973567063915 0.05295626878124064 0 -0.05295626878124064 1.051973567063915
1.065684065007374 0.05295626878124064 0 -0.05295626878124064 1.065684065007374
1.080765612851859 0.05295626878124064 0 -0.05295626878124064 1.080765612851859
1.097355313912987 0.05295626878124066 0 -0.05295626878124066 1.097355313912987
1.115603983102352 0.05295626878124063 0 -0.05295626878124063 1.115603983102352
1.135677519263217 0.05295626878124064 0 -0.05295626878124064 1.135677519263217
1.157758409864335 0.05295626878124064 0 -0.05295626878124064 1.157758409864335
1.182047387813799 0.05295626878124064 0 -0.05295626878124064 1.182047387813799
1.208765260845062 0.05295626878124064 0 -0.05295626878124064 1.208765260845062
1.238154921515817 0.05295626878124065 0 -0.05295626878124065 1.238154921515817
1.270483547537996 0.05295626878124064 0 -0.05295626878124064 1.270483547537996
1.306045039627058 0.05295626878124063 0 -0.05295626878124063 1.306045039627058
1.345162677771623 0.05295626878124064 0 -0.05295626878124064 1.345162677771623
1.388192078726251 0.05295626878124064 0 -0.05295626878124064 1.388192078726251
1.435524419750019 0.05295626878124064 0 -0.05295626878124064 1.435524419750019
1.487589991654102 0.05295626878124064 0 -0.05295626878124064 1.487589991654102
1.544862120780603 0.05295626878124064 0 -0.05295626878124064 1.544862120780603
1.607861463429836 0.05295626878124064 0 -0.05295626878124064 1.607861463429836
1.677160740504133 0.05295626878124064 0 -0.05295626878124064 1.677160740504133
1.753389945270369 0.05295626878124065 0 -0.05295626878124065 1.753389945270369
1.837242070049153 0.05295626878124064 0 -0.05295626878124064 1.837242070049153
1.929479408455751 0.05295626878124063 0 -0.05295626878124063 1.929479408455751
2.03094048113763 0.05295626878124064 0 -0.05295626878124064 2.03094048113763
2.142547660990938 0.05295626878124066 0 -0.05295626878124066 2.142547660990938
2.265315560575325 0.05295626878124065 0 -0.05295626878124065 2.265315560575325
2.400360249675577 0.05295626878124065 0 -0.05295626878124065 2.400360249675577
2.54890940745447 0.05295626878124063 0 -0.05295626878124063 2.54890940745447
2.712313479862658 0.05295626878124064 0 -0.05295626878124064 2.712313479862658
2.89205795971704 0.05295626878124064 0 -0.05295626878124064 2.89205795971704
3.089776888357543 0.05295626878124064 0 -0.05295626878124064 3.089776888357543
3.307267711556314 0.05295626878124064 0 -0.05295626878124064 3.307267711556314
3.546507617725472 0.05295626878124063 0 -0.05295626878124063 3.546507617725472
3.809671516999787 0.05295626878124064 0 -0.05295626878124064 3.809671516999787
4.099151799954333 0.05295626878124064 0 -0.05295626878124064 4.099151799954333
4.417580114843078 0.05295626878124064 0 -0.05295626878124064 4.417580114843078
4.767851261784525 0.05295626878124064 0 -0.05295626878124064 4.767851261784525
5.153149523270523 0.05295626878124064 0 -0.05295626878124064 5.153149523270523
5.576977602644982 0.05295626878124064 0 -0.05295626878124064 5.576977602644982
6.043188488966521 0.05295626878124064 0 -0.05295626878124064 6.043188488966521
6.556020470449821 0.05295626878124064 0 -0.05295626878124064 6.556020470449821
7.120135645041903 0.05295626878124064 0 -0.05295626878124064 7.120135645041903
7.740662332232517 0.05295626878124064 0 -0.05295626878124064 7.740662332232517
8.423241686998495 0.05295626878124064 0 -0.05295626878124064 8.423241686998495
9.174078978730575 0.05295626878124064 0 -0.05295626878124064 9.174078978730575
1.008513140686882 0.07150501493205969 0 -0.07150501493205969 1.008513140686882
1.017877594952493 0.07150501493205967 0 -0.07150501493205967 1.017877594952493
1.028178491286834 0.07150501493205969 0 -0.07150501493205969 1.028178491286834
1.039509476786401 0.07150501493205969 0 -0.07150501493205969 1.039509476786401
1.051973567063915 0.07150501493205969 0 -0.07150501493205969 1.051973567063915
1.065684065007374 0.07150501493205967 0 -0.07150501493205967 1.065684065007374
1.08076561285186 0.07150501493205969 0 -0.07150501493205969 1.08076561285186
1.097355313912987 0.07150501493205969 0 -0.07150501493205969 1.097355313912987
1.115603983102352 0.07150501493205969 0 -0.07150501493205969 1.115603983102352
1.135677519263217 0.07150501493205966 0 -0.07150501493205966 1.135677519263217
1.157758409864335 0.07150501493205967 0 -0.07150501493205967 1.157758409864335
1.182047387813799 0.07150501493205969 0 -0.07150501493205969 1.182047387813799
1.208765260845062 0.07150501493205969 0 -0.07150501493205969 1.208765260845062
1.238154921515817 0.07150501493205969 0 -0.07150501493205969 1.238154921515817
1.270483547537996 0.07150501493205969 0 -0.07150501493205969 1.270483547537996
1.306045039627058 0.07150501493205967 0 -0.07150501493205967 1.306045039627058
1.345162677771624 0.07150501493205969 0 -0.07150501493205969 1.345162677771624
1.388192078726251 0.07150501493205971 0 -0.07150501493205971 1.388192078726251
1.435524419750019 0.07150501493205969 0 -0.07150501493205969 1.435524419750019
1.487589991654102 0.07150501493205969 0 -0.07150501493205969 1.487589991654102
1.544862120780603 0.0715050149320597 0 -0.0715050149320597 1.544862120780603
1.607861463429836 0.07150501493205971 0 -0.07150501493205971 1.607861463429836
1.677160740504133 0.07150501493205969 0 -0.07150501493205969 1.677160740504133
1.753389945270369 0.07150501493205969 0 -0.07150501493205969 1.753389945270369
1.837242070049153 0.07150501493205969 0 -0.07150501493205969 1.837242070049153
1.929479408455752 0.07150501493205966 0 -0.07150501493205966 1.929479408455752
2.03094048113763 0.07150501493205969 0 -0.07150501493205969 2.03094048113763
2.142547660990938 0.07150501493205969 0 -0.07150501493205969 2.142547660990938
2.265315560575326 0.07150501493205969 0 -0.07150501493205969 2.265315560575326
2.400360249675577 0.07150501493205969 0 -0.07150501493205969 2.400360249675577
2.548909407454469 0.07150501493205969 0 -0.07150501493205969 2.548909407454469
2.712313479862658 0.07150501493205969 0 -0.07150501493205969 2.712313479862658
2.89205795971704 0.07150501493205969 0 -0.07150501493205969 2.89205795971704
3.089776888357544 0.07150501493205969 0 -0.07150501493205969 3.089776888357544
3.307267711556314 0.07150501493205969 0 -0.07150501493205969 3.307267711556314
3.546507617725472 0.07150501493205969 0 -0.07150501493205969 3.546507617725472
3.809671516999788 0.07150501493205969 0 -0.07150501493205969 3.809671516999788
4.099151799954333 0.07150501493205969 0 -0.07150501493205969 4.099151799954333
4.417580114843078 0.07150501493205969 0 -0.07150501493205969 4.417580114843078
4.767851261784525 0.07150501493205969 0 -0.07150501493205969 4.767851261784525
5.153149523270522 0.07150501493205969 0 -0.07150501493205969 5.153149523270522
5.576977602644982 0.07150501493205969 0 -0.07150501493205969 5.576977602644982
6.043188488966522 0.07150501493205969 0 -0.07150501493205969 6.043188488966522
6.556020470449819 0.07150501493205969 0 -0.07150501493205969 6.556020470449819
7.120135645041905 0.07150501493205969 0 -0.07150501493205969 7.120135645041905
7.740662332232516 0.07150501493205969 0 -0.07150501493205969 7.740662332232516
8.423241686998495 0.07150501493205969 0 -0.07150501493205969 8.423241686998495
9.174078978730575 0.07150501493205969 0 -0.07150501493205969 9.174078978730575
1.008513140686882 0.09283607307595165 0 -0.09283607307595165 1.008513140686882
1.017877594952493 0.09283607307595167 0 -0.09283607307595167 1.017877594952493
1.028178491286834 0.09283607307595167 0 -0.09283607307595167 1.028178491286834
1.039509476786401 0.09283607307595167 0 -0.09283607307595167 1.039509476786401
1.051973567063915 0.09283607307595167 0 -0.09283607307595167 1.051973567063915
1.065684065007374 0.09283607307595167 0 -0.09283607307595167 1.065684065007374
1.08076561285186 0.09283607307595167 0 -0.09283607307595167 1.08076561285186
1.097355313912987 0.09283607307595165 0 -0.09283607307595165 1.097355313912987
1.115603983102352 0.09283607307595169 0 -0.09283607307595169 1.115603983102352
1.135677519263217 0.09283607307595168 0 -0.09283607307595168 1.135677519263217
1.157758409864335 0.09283607307595169 0 -0.09283607307595169 1.157758409864335
1.182047387813799 0.09283607307595164 0 -0.09283607307595164 1.182047387813799
1.208765260845062 0.09283607307595167 0 -0.09283607307595167 1.208765260845062
1.238154921515817 0.09283607307595164 0 -0.09283607307595164 1.238154921515817
1.270483547537996 0.09283607307595167 0 -0.09283607307595167 1.270483547537996
1.306045039627058 0.09283607307595167 0 -0.09283607307595167 1.306045039627058
1.345162677771624 0.09283607307595167 0 -0.09283607307595167 1.345162677771624
1.388192078726251 0.09283607307595167 0 -0.09283607307595167 1.388192078726251
1.435524419750019 0.09283607307595169 0 -0.09283607307595169 1.435524419750019
1.487589991654102 0.09283607307595167 0 -0.09283607307595167 1.487589991654102
1.544862120780603 0.09283607307595165 0 -0.09283607307595165 1.544862120780603
1.607861463429836 0.09283607307595167 0 -0.09283607307595167 1.607861463429836
1.677160740504133 0.09283607307595169 0 -0.09283607307595169 1.677160740504133
1.753389945270369 0.09283607307595164 0 -0.09283607307595164 1.753389945270369
1.837242070049153 0.09283607307595168 0 -0.09283607307595168 1.837242070049153
1.929479408455751 0.09283607307595167 0 -0.09283607307595167 1.929479408455751
2.03094048113763 0.09283607307595169 0 -0.09283607307595169 2.03094048113763
2.142547660990938 0.09283607307595165 0 -0.09283607307595165 2.142547660990938
2.265315560575326 0.09283607307595167 0 -0.09283607307595167 2.265315560575326
2.400360249675577 0.09283607307595168 0 -0.09283607307595168 2.400360249675577
2.54890940745447 0.09283607307595167 0 -0.09283607307595167 2.54890940745447
2.712313479862658 0.09283607307595167 0 -0.09283607307595167 2.712313479862658
2.89205795971704 0.09283607307595165 0 -0.09283607307595165 2.89205795971704
3.089776888357544 0.09283607307595167 0 -0.09283607307595167 3.089776888357544
3.307267711556314 0.09283607307595164 0 -0.09283607307595164 3.307267711556314
3.546507617725472 0.09283607307595167 0 -0.09283607307595167 3.546507617725472
3.809671516999787 0.09283607307595169 0 -0.09283607307595169 3.809671516999787
4.099151799954333 0.09283607307595167 0 -0.09283607307595167 4.099151799954333
4.417580114843078 0.09283607307595164 0 -0.09283607307595164 4.417580114843078
4.767851261784525 0.09283607307595169 0 -0.09283607307595169 4.767851261784525
5.153149523270522 0.09283607307595167 0 -0.09283607307595167 5.153149523270522
5.576977602644982 0.09283607307595167 0 -0.09283607307595167 5.576977602644982
6.04318848896652 0.09283607307595169 0 -0.09283607307595169 6.04318848896652
6.556020470449821 0.09283607307595164 0 -0.09283607307595164 6.556020470449821
7.120135645041904 0.09283607307595168 0 -0.09283607307595168 7.120135645041904
7.740662332232516 0.09283607307595167 0 -0.09283607307595167 7.740662332232516
8.423241686998495 0.09283607307595167 0 -0.09283607307595167 8.423241686998495
9.174078978730574 0.09283607307595167 0 -0.09283607307595167 9.174078978730574
1.008513140686882 0.1173667901976314 0 -0.1173667901976314 1.008513140686882
1.017877594952493 0.1173667901976314 0 -0.1173667901976314 1.017877594952493
1.028178491286834 0.1173667901976314 0 -0.1173667901976314 1.028178491286834
1.039509476786401 0.1173667901976314 0 -0.1173667901976314 1.039509476786401
1.051973567063915 0.1173667901976313 0 -0.1173667901976313 1.051973567063915
1.065684065007374 0.1173667901976314 0 -0.1173667901976314 1.065684065007374
1.08076561285186 0.1173667901976314 0 -0.1173667901976314 1.08076561285186
1.097355313912987 0.1173667901976314 0 -0.1173667901976314 1.097355313912987
1.115603983102352 0.1173667901976314 0 -0.1173667901976314 1.115603983102352
1.135677519263217 0.1173667901976314 0 -0.1173667901976314 1.135677519263217
1.157758409864335 0.1173667901976314 0 -0.1173667901976314 1.157758409864335
1.182047387813799 0.1173667901976313 0 -0.1173667901976313 1.182047387813799
1.208765260845062 0.1173667901976314 0 -0.1173667901976314 1.208765260845062
1.238154921515817 0.1173667901976314 0 -0.1173667901976314 1.238154921515817
1.270483547537996 0.1173667901976314 0 -0.1173667901976314 1.270483547537996
1.306045039627058 0.1173667901976314 0 -0.1173667901976314 1.306045039627058
1.345162677771624 0.1173667901976314 0 -0.1173667901976314 1.345162677771624
1.388192078726251 0.1173667901976314 0 -0.1173667901976314 1.388192078726251
1.435524419750019 0.1173667901976313 0 -0.1173667901976313 1.435524419750019
1.487589991654102 0.1173667901976314 0 -0.1173667901976314 1.487589991654102
1.544862120780603 0.1173667901976314 0 -0.1173667901976314 1.544862120780603
1.607861463429836 0.1173667901976314 0 -0.1173667901976314 1.607861463429836
1.677160740504133 0.1173667901976314 0 -0.1173667901976314 1.677160740504133
1.753389945270369 0.1173667901976314 0 -0.1173667901976314 1.753389945270369
1.837242070049153 0.1173667901976314 0 -0.1173667901976314 1.837242070049153
1.929479408455751 0.1173667901976314 0 -0.1173667901976314 1.929479408455751
2.03094048113763 0.1173667901976314 0 -0.1173667901976314 2.03094048113763
2.142547660990938 0.1173667901976314 0 -0.1173667901976314 2.142547660990938
2.265315560575326 0.1173667901976314 0 -0.1173667901976314 2.265315560575326
2.400360249675577 0.1173667901976314 0 -0.1173667901976314 2.400360249675577
2.54890940745447 0.1173667901976314 0 -0.1173667901976314 2.54890940745447
2.712313479862659 0.1173667901976314 0 -0.1173667901976314 2.712313479862659
2.892057959717039 0.1173667901976314 0 -0.1173667901976314 2.892057959717039
3.089776888357544 0.1173667901976313 0 -0.1173667901976313 3.089776888357544
3.307267711556314 0.1173667901976314 0 -0.1173667901976314 3.307267711556314
3.546507617725472 0.1173667901976314 0 -0.1173667901976314 3.546507617725472
3.809671516999787 0.1173667901976314 0 -0.1173667901976314 3.809671516999787
4.099151799954333 0.1173667901976314 0 -0.1173667901976314 4.099151799954333
4.417580114843078 0.1173667901976314 0 -0.1173667901976314 4.417580114843078
4.767851261784525 0.1173667901976314 0 -0.1173667901976314 4.767851261784525
5.153149523270522 0.1173667901976314 0 -0.1173667901976314 5.153149523270522
5.576977602644982 0.1173667901976314 0 -0.1173667901976314 5.576977602644982
6.043188488966521 0.1173667901976314 0 -0.1173667901976314 6.043188488966521
6.55602047044982 0.1173667901976314 0 -0.1173667901976314 6.55602047044982
7.120135645041905 0.1173667901976314 0 -0.1173667901976314 7.120135645041905
7.740662332232516 0.1173667901976314 0 -0.1173667901976314 7.740662332232516
8.423241686998495 0.1173667901976314 0 -0.1173667901976314 8.423241686998495
9.174078978730575 0.1173667901976313 0 -0.1173667901976313 9.174078978730575
1.008513140686882 0.145577113750551 0 -0.145577113750551 1.008513140686882
1.017877594952493 0.1455771137505511 0 -0.1455771137505511 1.017877594952493
1.028178491286834 0.145577113750551 0 -0.145577113750551 1.028178491286834
1.039509476786401 0.145577113750551 0 -0.145577113750551 1.039509476786401
1.051973567063915 0.145577113750551 0 -0.145577113750551 1.051973567063915
1.065684065007374 0.145577113750551 0 -0.145577113750551 1.065684065007374
1.08076561285186 0.145577113750551 0 -0.145577113750551 1.08076561285186
1.097355313912987 0.145577113750551 0 -0.145577113750551 1.097355313912987
1.115603983102352 0.145577113750551 0 -0.145577113750551 1.115603983102352
1.135677519263217 0.145577113750551 0 -0.145577113750551 1.135677519263217
1.157758409864335 0.145577113750551 0 -0.145577113750551 1.157758409864335
1.182047387813799 0.145577113750551 0 -0.145577113750551 1.182047387813799
1.208765260845062 0.145577113750551 0 -0.145577113750551 1.208765260845062
1.238154921515817 0.145577113750551 0 -0.145577113750551 1.238154921515817
1.270483547537996 0.1455771137505511 0 -0.1455771137505511 1.270483547537996
1.306045039627058 0.145577113750551 0 -0.145577113750551 1.306045039627058
1.345162677771624 0.1455771137505511 0 -0.1455771137505511 1.345162677771624
1.388192078726251 0.145577113750551 0 -0.145577113750551 1.388192078726251
1.435524419750019 0.1455771137505511 0 -0.1455771137505511 1.435524419750019
1.487589991654101 0.145577113750551 0 -0.145577113750551 1.487589991654101
1.544862120780603 0.145577113750551 0 -0.145577113750551 1.544862120780603
1.607861463429836 0.145577113750551 0 -0.145577113750551 1.607861463429836
1.677160740504133 0.145577113750551 0 -0.145577113750551 1.677160740504133
1.753389945270369 0.145577113750551 0 -0.145577113750551 1.753389945270369
1.837242070049153 0.145577113750551 0 -0.145577113750551 1.837242070049153
1.929479408455751 0.145577113750551 0 -0.145577113750551 1.929479408455751
2.03094048113763 0.1455771137505511 0 -0.1455771137505511 2.03094048113763
2.142547660990938 0.145577113750551 0 -0.145577113750551 2.142547660990938
2.265315560575326 0.1455771137505511 0 -0.1455771137505511 2.265315560575326
2.400360249675578 0.145577113750551 0 -0.145577113750551 2.400360249675578
2.54890940745447 0.145577113750551 0 -0.145577113750551 2.54890940745447
2.712313479862658 0.145577113750551 0 -0.145577113750551 2.712313479862658
2.89205795971704 0.145577113750551 0 -0.145577113750551 2.89205795971704
3.089776888357544 0.145577113750551 0 -0.145577113750551 3.089776888357544
3.307267711556313 0.145577113750551 0 -0.145577113750551 3.307267711556313
3.546507617725472 0.145577113750551 0 -0.145577113750551 3.546507617725472
3.809671516999787 0.145577113750551 0 -0.145577113750551 3.809671516999787
4.099151799954333 0.145577113750551 0 -0.145577113750551 4.099151799954333
4.417580114843078 0.145577113750551 0 -0.145577113750551 4.417580114843078
4.767851261784525 0.145577113750551 0 -0.145577113750551 4.767851261784525
5.153149523270523 0.145577113750551 0 -0.145577113750551 5.153149523270523
5.576977602644982 0.145577113750551 0 -0.145577113750551 5.576977602644982
6.043188488966521 0.145577113750551 0 -0.145577113750551 6.043188488966521
6.55602047044982 0.145577113750551 0 -0.145577113750551 6.55602047044982
7.120135645041904 0.145577113750551 0 -0.145577113750551 7.120135645041904
7.740662332232516 0.145577113750551 0 -0.145577113750551 7.740662332232516
8.423241686998495 0.145577113750551 0 -0.145577113750551 8.423241686998495
9.174078978730575 0.145577113750551 0 -0.145577113750551 9.174078978730575
1.008513140686882 0.1780189866059468 0 -0.1780189866059468 1.008513140686882
1.017877594952493 0.1780189866059468 0 -0.1780189866059468 1.017877594952493
1.028178491286834 0.1780189866059468 0 -0.1780189866059468 1.028178491286834
1.039509476786401 0.1780189866059467 0 -0.1780189866059467 1.039509476786401
1.051973567063915 0.1780189866059468 0 -0.1780189866059468 1.051973567063915
1.065684065007374 0.1780189866059468 0 -0.1780189866059468 1.065684065007374
1.08076561285186 0.1780189866059468 0 -0.1780189866059468 1.08076561285186
1.097355313912987 0.1780189866059468 0 -0.1780189866059468 1.097355313912987
1.115603983102352 0.1780189866059468 0 -0.1780189866059468 1.115603983102352
1.135677519263217 0.1780189866059468 0 -0.1780189866059468 1.135677519263217
1.157758409864334 0.1780189866059468 0 -0.1780189866059468 1.157758409864334
1.182047387813799 0.1780189866059467 0 -0.1780189866059467 1.182047387813799
1.208765260845062 0.1780189866059468 0 -0.1780189866059468 1.208765260845062
1.238154921515817 0.1780189866059468 0 -0.1780189866059468 1.238154921515817
1.270483547537996 0.1780189866059468 0 -0.1780189866059468 1.270483547537996
1.306045039627059 0.1780189866059468 0 -0.1780189866059468 1.306045039627059
1.345162677771624 0.1780189866059468 0 -0.1780189866059468 1.345162677771624
1.388192078726251 0.1780189866059468 0 -0.1780189866059468 1.388192078726251
1.435524419750019 0.1780189866059468 0 -0.1780189866059468 1.435524419750019
1.487589991654101 0.1780189866059468 0 -0.1780189866059468 1.487589991654101
1.544862120780603 0.1780189866059468 0 -0.1780189866059468 1.544862120780603
1.607861463429836 0.1780189866059468 0 -0.1780189866059468 1.607861463429836
1.677160740504133 0.1780189866059468 0 -0.1780189866059468 1.677160740504133
1.753389945270369 0.1780189866059468 0 -0.1780189866059468 1.753389945270369
1.837242070049153 0.1780189866059467 0 -0.1780189866059467 1.837242070049153
1.929479408455751 0.1780189866059468 0 -0.1780189866059468 1.929479408455751
2.03094048113763 0.1780189866059468 0 -0.1780189866059468 2.03094048113763
2.142547660990938 0.1780189866059468 0 -0.1780189866059468 2.142547660990938
2.265315560575326 0.1780189866059468 0 -0.1780189866059468 2.265315560575326
2.400360249675577 0.1780189866059468 0 -0.1780189866059468 2.400360249675577
2.548909407454469 0.1780189866059468 0 -0.1780189866059468 2.548909407454469
2.712313479862658 0.1780189866059468 0 -0.1780189866059468 2.712313479862658
2.89205795971704 0.1780189866059467 0 -0.1780189866059467 2.89205795971704
3.089776888357544 0.1780189866059468 0 -0.1780189866059468 3.089776888357544
3.307267711556314 0.1780189866059468 0 -0.1780189866059468 3.307267711556314
3.546507617725472 0.1780189866059468 0 -0.1780189866059468 3.546507617725472
3.809671516999787 0.1780189866059467 0 -0.1780189866059467 3.809671516999787
4.099151799954334 0.1780189866059468 0 -0.1780189866059468 4.099151799954334
4.417580114843078 0.1780189866059468 0 -0.1780189866059468 4.417580114843078
4.767851261784526 0.1780189866059468 0 -0.1780189866059468 4.767851261784526
5.153149523270522 0.1780189866059468 0 -0.1780189866059468 5.153149523270522
5.576977602644982 0.1780189866059468 0 -0.1780189866059468 5.576977602644982
6.043188488966522 0.1780189866059468 0 -0.1780189866059468 6.043188488966522
6.556020470449821 0.1780189866059468 0 -0.1780189866059468 6.556020470449821
7.120135645041903 0.1780189866059468 0 -0.1780189866059468 7.120135645041903
7.740662332232516 0.1780189866059468 0 -0.1780189866059468 7.740662332232516
8.423241686998495 0.1780189866059468 0 -0.1780189866059468 8.423241686998495
9.174078978730577 0.1780189866059468 0 -0.1780189866059468 9.174078978730577
1.008513140686881 0.2153271374679268 0 -0.2153271374679268 1.008513140686881
1.017877594952493 0.2153271374679268 0 -0.2153271374679268 1.017877594952493
1.028178491286834 0.2153271374679268 0 -0.2153271374679268 1.028178491286834
1.039509476786401 0.2153271374679268 0 -0.2153271374679268 1.039509476786401
1.051973567063915 0.2153271374679268 0 -0.2153271374679268 1.051973567063915
1.065684065007374 0.2153271374679268 0 -0.2153271374679268 1.065684065007374
1.08076561285186 0.2153271374679268 0 -0.2153271374679268 1.08076561285186
1.097355313912987 0.2153271374679268 0 -0.2153271374679268 1.097355313912987
1.115603983102353 0.2153271374679268 0 -0.2153271374679268 1.115603983102353
1.135677519263217 0.2153271374679268 0 -0.2153271374679268 1.135677519263217
1.157758409864335 0.2153271374679268 0 -0.2153271374679268 1.157758409864335
1.182047387813799 0.2153271374679268 0 -0.2153271374679268 1.182047387813799
1.208765260845062 0.2153271374679268 0 -0.2153271374679268 1.208765260845062
1.238154921515817 0.2153271374679268 0 -0.2153271374679268 1.238154921515817
1.270483547537996 0.2153271374679268 0 -0.2153271374679268 1.270483547537996
1.306045039627058 0.2153271374679268 0 -0.2153271374679268 1.306045039627058
1.345162677771624 0.2153271374679268 0 -0.2153271374679268 1.345162677771624
1.388192078726252 0.2153271374679268 0 -0.2153271374679268 1.388192078726252
1.435524419750019 0.2153271374679268 0 -0.2153271374679268 1.435524419750019
1.487589991654102 0.2153271374679268 0 -0.2153271374679268 1.487589991654102
1.544862120780603 0.2153271374679268 0 -0.2153271374679268 1.544862120780603
1.607861463429836 0.2153271374679268 0 -0.2153271374679268 1.607861463429836
1.677160740504133 0.2153271374679268 0 -0.2153271374679268 1.677160740504133
1.753389945270369 0.2153271374679268 0 -0.2153271374679268 1.753389945270369
1.837242070049153 0.2153271374679268 0 -0.2153271374679268 1.837242070049153
1.929479408455751 0.2153271374679268 0 -0.2153271374679268 1.929479408455751
2.03094048113763 0.2153271374679268 0 -0.2153271374679268 2.03094048113763
2.142547660990938 0.2153271374679268 0 -0.2153271374679268 2.142547660990938
2.265315560575326 0.2153271374679268 0 -0.2153271374679268 2.265315560575326
2.400360249675577 0.2153271374679268 0 -0.2153271374679268 2.400360249675577
2.54890940745447 0.2153271374679268 0 -0.2153271374679268 2.54890940745447
2.712313479862658 0.2153271374679268 0 -0.2153271374679268 2.712313479862658
2.892057959717039 0.2153271374679268 0 -0.2153271374679268 2.892057959717039
3.089776888357544 0.2153271374679267 0 -0.2153271374679267 3.089776888357544
3.307267711556313 0.2153271374679268 0 -0.2153271374679268 3.307267711556313
3.546507617725471 0.2153271374679268 0 -0.2153271374679268 3.546507617725471
3.809671516999787 0.2153271374679268 0 -0.2153271374679268 3.809671516999787
4.099151799954333 0.2153271374679267 0 -0.2153271374679267 4.099151799954333
4.417580114843078 0.2153271374679268 0 -0.2153271374679268 4.417580114843078
4.767851261784525 0.2153271374679268 0 -0.2153271374679268 4.767851261784525
5.153149523270522 0.2153271374679268 0 -0.2153271374679268 5.153149523270522
5.576977602644982 0.2153271374679268 0 -0.2153271374679268 5.576977602644982
6.04318848896652 0.2153271374679267 0 -0.2153271374679267 6.04318848896652
6.55602047044982 0.2153271374679268 0 -0.2153271374679268 6.55602047044982
7.120135645041905 0.2153271374679268 0 -0.2153271374679268 7.120135645041905
7.740662332232516 0.2153271374679268 0 -0.2153271374679268 7.740662332232516
8.423241686998495 0.2153271374679268 0 -0.2153271374679268 8.423241686998495
9.174078978730579 0.2153271374679268 0 -0.2153271374679268 9.174078978730579
1.008513140686882 0.258231510798401 0 -0.258231510798401 1.008513140686882
1.017877594952493 0.258231510798401 0 -0.258231510798401 1.017877594952493
1.028178491286834 0.258231510798401 0 -0.258231510798401 1.028178491286834
1.039509476786401 0.258231510798401 0 -0.258231510798401 1.039509476786401
1.051973567063915 0.258231510798401 0 -0.258231510798401 1.051973567063915
1.065684065007374 0.2582315107984011 0 -0.2582315107984011 1.065684065007374
1.080765612851859 0.258231510798401 0 -0.258231510798401 1.080765612851859
1.097355313912987 0.258231510798401 0 -0.258231510798401 1.097355313912987
1.115603983102352 0.258231510798401 0 -0.258231510798401 1.115603983102352
1.135677519263217 0.258231510798401 0 -0.258231510798401 1.135677519263217
1.157758409864335 0.2582315107984009 0 -0.2582315107984009 1.157758409864335
1.182047387813799 0.258231510798401 0 -0.258231510798401 1.182047387813799
1.208765260845061 0.258231510798401 0 -0.258231510798401 1.208765260845061
1.238154921515817 0.2582315107984011 0 -0.2582315107984011 1.238154921515817
1.270483547537996 0.2582315107984011 0 -0.2582315107984011 1.270483547537996
1.306045039627058 0.258231510798401 0 -0.258231510798401 1.306045039627058
1.345162677771623 0.258231510798401 0 -0.258231510798401 1.345162677771623
1.388192078726251 0.258231510798401 0 -0.258231510798401 1.388192078726251
1.435524419750019 0.258231510798401 0 -0.258231510798401 1.435524419750019
1.487589991654101 0.258231510798401 0 -0.258231510798401 1.487589991654101
1.544862120780603 0.258231510798401 0 -0.258231510798401 1.544862120780603
1.607861463429836 0.258231510798401 0 -0.258231510798401 1.607861463429836
1.677160740504133 0.258231510798401 0 -0.258231510798401 1.677160740504133
1.753389945270369 0.258231510798401 0 -0.258231510798401 1.753389945270369
1.837242070049154 0.258231510798401 0 -0.258231510798401 1.837242070049154
1.929479408455752 0.258231510798401 0 -0.258231510798401 1.929479408455752
2.03094048113763 0.258231510798401 0 -0.258231510798401 2.03094048113763
2.142547660990938 0.258231510798401 0 -0.258231510798401 2.142547660990938
2.265315560575325 0.258231510798401 0 -0.258231510798401 2.265315560575325
2.400360249675578 0.258231510798401 0 -0.258231510798401 2.400360249675578
2.54890940745447 0.258231510798401 0 -0.258231510798401 2.54890940745447
2.712313479862658 0.258231510798401 0 -0.258231510798401 2.712313479862658
2.89205795971704 0.258231510798401 0 -0.258231510798401 2.89205795971704
3.089776888357544 0.258231510798401 0 -0.258231510798401 3.089776888357544
3.307267711556313 0.258231510798401 0 -0.258231510798401 3.307267711556313
3.546507617725472 0.258231510798401 0 -0.258231510798401 3.546507617725472
3.809671516999788 0.258231510798401 0 -0.258231510798401 3.809671516999788
4.099151799954334 0.258231510798401 0 -0.258231510798401 4.099151799954334
4.417580114843078 0.258231510798401 0 -0.258231510798401 4.417580114843078
4.767851261784525 0.258231510798401 0 -0.258231510798401 4.767851261784525
5.153149523270522 0.258231510798401 0 -0.258231510798401 5.153149523270522
5.576977602644983 0.258231510798401 0 -0.258231510798401 5.576977602644983
6.043188488966522 0.258231510798401 0 -0.258231510798401 6.043188488966522
6.55602047044982 0.258231510798401 0 -0.258231510798401 6.55602047044982
7.120135645041902 0.258231510798401 0 -0.258231510798401 7.120135645041902
7.740662332232516 0.258231510798401 0 -0.258231510798401 7.740662332232516
8.423241686998495 0.258231510798401 0 -0.258231510798401 8.423241686998495
9.174078978730575 0.258231510798401 0 -0.258231510798401 9.174078978730575
1.008513140686882 0.3075715410916322 0 -0.3075715410916322 1.008513140686882
1.017877594952493 0.3075715410916321 0 -0.3075715410916321 1.017877594952493
1.028178491286834 0.3075715410916322 0 -0.3075715410916322 1.028178491286834
1.039509476786401 0.3075715410916321 0 -0.3075715410916321 1.039509476786401
1.051973567063915 0.3075715410916322 0 -0.3075715410916322 1.051973567063915
1.065684065007374 0.3075715410916322 0 -0.3075715410916322 1.065684065007374
1.08076561285186 0.3075715410916322 0 -0.3075715410916322 1.08076561285186
1.097355313912987 0.3075715410916321 0 -0.3075715410916321 1.097355313912987
1.115603983102352 0.3075715410916322 0 -0.3075715410916322 1.115603983102352
1.135677519263217 0.3075715410916323 0 -0.3075715410916323 1.135677519263217
1.157758409864335 0.3075715410916322 0 -0.3075715410916322 1.157758409864335
1.182047387813799 0.3075715410916321 0 -0.3075715410916321 1.182047387813799
1.208765260845062 0.3075715410916322 0 -0.3075715410916322 1.208765260845062
1.238154921515817 0.3075715410916322 0 -0.3075715410916322 1.238154921515817
1.270483547537996 0.3075715410916322 0 -0.3075715410916322 1.270483547537996
1.306045039627058 0.3075715410916322 0 -0.3075715410916322 1.306045039627058
1.345162677771624 0.3075715410916323 0 -0.3075715410916323 1.345162677771624
1.388192078726251 0.3075715410916322 0 -0.3075715410916322 1.388192078726251
1.435524419750019 0.3075715410916322 0 -0.3075715410916322 1.435524419750019
1.487589991654102 0.3075715410916322 0 -0.3075715410916322 1.487589991654102
1.544862120780603 0.3075715410916322 0 -0.3075715410916322 1.544862120780603
1.607861463429836 0.3075715410916322 0 -0.3075715410916322 1.607861463429836
1.677160740504133 0.3075715410916322 0 -0.3075715410916322 1.677160740504133
1.753389945270369 0.3075715410916322 0 -0.3075715410916322 1.753389945270369
1.837242070049153 0.3075715410916322 0 -0.3075715410916322 1.837242070049153
1.929479408455751 0.3075715410916322 0 -0.3075715410916322 1.929479408455751
2.03094048113763 0.3075715410916322 0 -0.3075715410916322 2.03094048113763
2.142547660990938 0.3075715410916322 0 -0.3075715410916322 2.142547660990938
2.265315560575326 0.3075715410916322 0 -0.3075715410916322 2.265315560575326
2.400360249675577 0.3075715410916323 0 -0.3075715410916323 2.400360249675577
2.54890940745447 0.3075715410916322 0 -0.3075715410916322 2.54890940745447
2.712313479862658 0.3075715410916322 0 -0.3075715410916322 2.712313479862658
2.89205795971704 0.3075715410916322 0 -0.3075715410916322 2.89205795971704
3.089776888357544 0.3075715410916322 0 -0.3075715410916322 3.089776888357544
3.307267711556314 0.3075715410916322 0 -0.3075715410916322 3.307267711556314
3.546507617725472 0.3075715410916322 0 -0.3075715410916322 3.546507617725472
3.809671516999787 0.3075715410916322 0 -0.3075715410916322 3.809671516999787
4.099151799954333 0.3075715410916322 0 -0.3075715410916322 4.099151799954333
4.417580114843078 0.3075715410916322 0 -0.3075715410916322 4.417580114843078
4.767851261784525 0.3075715410916322 0 -0.3075715410916322 4.767851261784525
5.153149523270524 0.3075715410916322 0 -0.3075715410916322 5.153149523270524
5.576977602644982 0.3075715410916322 0 -0.3075715410916322 5.576977602644982
6.043188488966522 0.3075715410916322 0 -0.3075715410916322 6.043188488966522
6.55602047044982 0.3075715410916322 0 -0.3075715410916322 6.55602047044982
7.120135645041904 0.3075715410916322 0 -0.3075715410916322 7.120135645041904
7.740662332232516 0.3075715410916322 0 -0.3075715410916322 7.740662332232516
8.423241686998495 0.3075715410916322 0 -0.3075715410916322 8.423241686998495
9.174078978730575 0.3075715410916322 0 -0.3075715410916322 9.174078978730575
1.008513140686882 0.3643125782992794 0 -0.3643125782992794 1.008513140686882
1.017877594952493 0.3643125782992794 0 -0.3643125782992794 1.017877594952493
1.028178491286834 0.3643125782992794 0 -0.3643125782992794 1.028178491286834
1.039509476786401 0.3643125782992795 0 -0.3643125782992795 1.039509476786401
1.051973567063915 0.3643125782992795 0 -0.3643125782992795 1.051973567063915
1.065684065007374 0.3643125782992795 0 -0.3643125782992795 1.065684065007374
1.08076561285186 0.3643125782992794 0 -0.3643125782992794 1.08076561285186
1.097355313912987 0.3643125782992794 0 -0.3643125782992794 1.097355313912987
1.115603983102352 0.3643125782992794 0 -0.3643125782992794 1.115603983102352
1.135677519263217 0.3643125782992793 0 -0.3643125782992793 1.135677519263217
1.157758409864335 0.3643125782992794 0 -0.3643125782992794 1.157758409864335
1.182047387813799 0.3643125782992795 0 -0.3643125782992795 1.182047387813799
1.208765260845061 0.3643125782992794 0 -0.3643125782992794 1.208765260845061
1.238154921515817 0.3643125782992794 0 -0.3643125782992794 1.238154921515817
1.270483547537996 0.3643125782992794 0 -0.3643125782992794 1.270483547537996
1.306045039627058 0.3643125782992794 0 -0.3643125782992794 1.306045039627058
1.345162677771624 0.3643125782992794 0 -0.3643125782992794 1.345162677771624
1.388192078726251 0.3643125782992793 0 -0.3643125782992793 1.388192078726251
1.435524419750019 0.3643125782992794 0 -0.3643125782992794 1.435524419750019
1.487589991654102 0.3643125782992793 0 -0.3643125782992793 1.487589991654102
1.544862120780603 0.3643125782992795 0 -0.3643125782992795 1.544862120780603
1.607861463429836 0.3643125782992794 0 -0.3643125782992794 1.607861463429836
1.677160740504133 0.3643125782992794 0 -0.3643125782992794 1.677160740504133
1.753389945270369 0.3643125782992793 0 -0.3643125782992793 1.753389945270369
1.837242070049153 0.3643125782992794 0 -0.3643125782992794 1.837242070049153
1.929479408455751 0.3643125782992794 0 -0.3643125782992794 1.929479408455751
2.03094048113763 0.3643125782992795 0 -0.3643125782992795 2.03094048113763
2.142547660990938 0.3643125782992794 0 -0.3643125782992794 2.142547660990938
2.265315560575326 0.3643125782992794 0 -0.3643125782992794 2.265315560575326
2.400360249675577 0.3643125782992794 0 -0.3643125782992794 2.400360249675577
2.548909407454469 0.3643125782992794 0 -0.3643125782992794 2.548909407454469
2.712313479862658 0.3643125782992794 0 -0.3643125782992794 2.712313479862658
2.892057959717039 0.3643125782992794 0 -0.3643125782992794 2.892057959717039
3.089776888357543 0.3643125782992795 0 -0.3643125782992795 3.089776888357543
3.307267711556314 0.3643125782992794 0 -0.3643125782992794 3.307267711556314
3.546507617725472 0.3643125782992794 0 -0.3643125782992794 3.546507617725472
3.809671516999787 0.3643125782992795 0 -0.3643125782992795 3.809671516999787
4.099151799954333 0.3643125782992794 0 -0.3643125782992794 4.099151799954333
4.417580114843078 0.3643125782992794 0 -0.3643125782992794 4.417580114843078
4.767851261784525 0.3643125782992794 0 -0.3643125782992794 4.767851261784525
5.153149523270522 0.3643125782992794 0 -0.3643125782992794 5.153149523270522
5.576977602644982 0.3643125782992794 0 -0.3643125782992794 5.576977602644982
6.043188488966522 0.3643125782992794 0 -0.3643125782992794 6.043188488966522
6.556020470449821 0.3643125782992794 0 -0.3643125782992794 6.556020470449821
7.120135645041904 0.3643125782992794 0 -0.3643125782992794 7.120135645041904
7.740662332232516 0.3643125782992794 0 -0.3643125782992794 7.740662332232516
8.423241686998495 0.3643125782992794 0 -0.3643125782992794 8.423241686998495
9.174078978730575 0.3643125782992794 0 -0.3643125782992794 9.174078978730575
1.008513140686882 0.4295647692010885 0 -0.4295647692010885 1.008513140686882
1.017877594952493 0.4295647692010885 0 -0.4295647692010885 1.017877594952493
1.028178491286834 0.4295647692010885 0 -0.4295647692010885 1.028178491286834
1.039509476786401 0.4295647692010885 0 -0.4295647692010885 1.039509476786401
1.051973567063915 0.4295647692010885 0 -0.4295647692010885 1.051973567063915
1.065684065007374 0.4295647692010885 0 -0.4295647692010885 1.065684065007374
1.08076561285186 0.4295647692010885 0 -0.4295647692010885 1.08076561285186
1.097355313912987 0.4295647692010885 0 -0.4295647692010885 1.097355313912987
1.115603983102352 0.4295647692010887 0 -0.4295647692010887 1.115603983102352
1.135677519263217 0.4295647692010884 0 -0.4295647692010884 1.135677519263217
1.157758409864335 0.4295647692010885 0 -0.4295647692010885 1.157758409864335
1.182047387813799 0.4295647692010885 0 -0.4295647692010885 1.182047387813799
1.208765260845062 0.4295647692010887 0 -0.4295647692010887 1.208765260845062
1.238154921515817 0.4295647692010884 0 -0.4295647692010884 1.238154921515817
1.270483547537996 0.4295647692010885 0 -0.4295647692010885 1.270483547537996
1.306045039627058 0.4295647692010886 0 -0.4295647692010886 1.306045039627058
1.345162677771624 0.4295647692010886 0 -0.4295647692010886 1.345162677771624
1.388192078726251 0.4295647692010885 0 -0.4295647692010885 1.388192078726251
1.435524419750018 0.4295647692010886 0 -0.4295647692010886 1.435524419750018
1.487589991654102 0.4295647692010887 0 -0.4295647692010887 1.487589991654102
1.544862120780603 0.4295647692010885 0 -0.4295647692010885 1.544862120780603
1.607861463429836 0.4295647692010884 0 -0.4295647692010884 1.607861463429836
1.677160740504133 0.4295647692010885 0 -0.4295647692010885 1.677160740504133
1.753389945270369 0.4295647692010885 0 -0.4295647692010885 1.753389945270369
1.837242070049153 0.4295647692010885 0 -0.4295647692010885 1.837242070049153
1.929479408455751 0.4295647692010887 0 -0.4295647692010887 1.929479408455751
2.03094048113763 0.4295647692010885 0 -0.4295647692010885 2.03094048113763
2.142547660990938 0.4295647692010885 0 -0.4295647692010885 2.142547660990938
2.265315560575326 0.4295647692010884 0 -0.4295647692010884 2.265315560575326
2.400360249675577 0.4295647692010885 0 -0.4295647692010885 2.400360249675577
2.54890940745447 0.4295647692010887 0 -0.4295647692010887 2.54890940745447
2.712313479862659 0.4295647692010885 0 -0.4295647692010885 2.712313479862659
2.89205795971704 0.4295647692010885 0 -0.4295647692010885 2.89205795971704
3.089776888357544 0.4295647692010885 0 -0.4295647692010885 3.089776888357544
3.307267711556314 0.4295647692010885 0 -0.4295647692010885 3.307267711556314
3.546507617725472 0.4295647692010884 0 -0.4295647692010884 3.546507617725472
3.809671516999787 0.4295647692010885 0 -0.4295647692010885 3.809671516999787
4.099151799954333 0.4295647692010885 0 -0.4295647692010885 4.099151799954333
4.417580114843078 0.4295647692010885 0 -0.4295647692010885 4.417580114843078
4.767851261784525 0.4295647692010885 0 -0.4295647692010885 4.767851261784525
5.153149523270523 0.4295647692010885 0 -0.4295647692010885 5.153149523270523
5.576977602644982 0.4295647692010885 0 -0.4295647692010885 5.576977602644982
6.043188488966522 0.4295647692010885 0 -0.4295647692010885 6.043188488966522
6.55602047044982 0.4295647692010885 0 -0.4295647692010885 6.55602047044982
7.120135645041905 0.4295647692010885 0 -0.4295647692010885 7.120135645041905
7.740662332232516 0.4295647692010885 0 -0.4295647692010885 7.740662332232516
8.423241686998495 0.4295647692010885 0 -0.4295647692010885 8.423241686998495
9.174078978730577 0.4295647692010885 0 -0.4295647692010885 9.174078978730577
1.008513140686881 0.5046047929113492 0 -0.5046047929113492 1.008513140686881
1.017877594952493 0.5046047929113492 0 -0.5046047929113492 1.017877594952493
1.028178491286834 0.5046047929113492 0 -0.5046047929113492 1.028178491286834
1.039509476786401 0.5046047929113492 0 -0.5046047929113492 1.039509476786401
1.051973567063915 0.5046047929113492 0 -0.5046047929113492 1.051973567063915
1.065684065007374 0.5046047929113491 0 -0.5046047929113491 1.065684065007374
1.080765612851859 0.5046047929113494 0 -0.5046047929113494 1.080765612851859
1.097355313912987 0.5046047929113492 0 -0.5046047929113492 1.097355313912987
1.115603983102352 0.5046047929113492 0 -0.5046047929113492 1.115603983102352
1.135677519263217 0.504604792911349 0 -0.504604792911349 1.135677519263217
1.157758409864334 0.5046047929113492 0 -0.5046047929113492 1.157758409864334
1.182047387813799 0.5046047929113492 0 -0.5046047929113492 1.182047387813799
1.208765260845061 0.5046047929113492 0 -0.5046047929113492 1.208765260845061
1.238154921515817 0.5046047929113492 0 -0.5046047929113492 1.238154921515817
1.270483547537996 0.5046047929113492 0 -0.5046047929113492 1.270483547537996
1.306045039627058 0.5046047929113492 0 -0.5046047929113492 1.306045039627058
1.345162677771624 0.5046047929113492 0 -0.5046047929113492 1.345162677771624
1.388192078726251 0.5046047929113492 0 -0.5046047929113492 1.388192078726251
1.435524419750019 0.5046047929113492 0 -0.5046047929113492 1.435524419750019
1.487589991654102 0.5046047929113492 0 -0.5046047929113492 1.487589991654102
1.544862120780603 0.5046047929113492 0 -0.5046047929113492 1.544862120780603
1.607861463429836 0.5046047929113492 0 -0.5046047929113492 1.607861463429836
1.677160740504133 0.5046047929113492 0 -0.5046047929113492 1.677160740504133
1.753389945270369 0.5046047929113492 0 -0.5046047929113492 1.753389945270369
1.837242070049153 0.5046047929113492 0 -0.5046047929113492 1.837242070049153
1.929479408455752 0.5046047929113492 0 -0.5046047929113492 1.929479408455752
2.03094048113763 0.5046047929113492 0 -0.5046047929113492 2.03094048113763
2.142547660990938 0.5046047929113492 0 -0.5046047929113492 2.142547660990938
2.265315560575326 0.5046047929113492 0 -0.5046047929113492 2.265315560575326
2.400360249675577 0.5046047929113492 0 -0.5046047929113492 2.400360249675577
2.54890940745447 0.5046047929113492 0 -0.5046047929113492 2.54890940745447
2.712313479862658 0.5046047929113492 0 -0.5046047929113492 2.712313479862658
2.89205795971704 0.5046047929113492 0 -0.5046047929113492 2.89205795971704
3.089776888357544 0.5046047929113492 0 -0.5046047929113492 3.089776888357544
3.307267711556313 0.5046047929113492 0 -0.5046047929113492 3.307267711556313
3.546507617725472 0.5046047929113492 0 -0.5046047929113492 3.546507617725472
3.809671516999787 0.5046047929113492 0 -0.5046047929113492 3.809671516999787
4.099151799954333 0.5046047929113492 0 -0.5046047929113492 4.099151799954333
4.417580114843078 0.5046047929113492 0 -0.5046047929113492 4.417580114843078
4.767851261784525 0.5046047929113492 0 -0.5046047929113492 4.767851261784525
5.153149523270522 0.5046047929113492 0 -0.5046047929113492 5.153149523270522
5.576977602644982 0.5046047929113492 0 -0.5046047929113492 5.576977602644982
6.043188488966521 0.5046047929113492 0 -0.5046047929113492 6.043188488966521
6.55602047044982 0.5046047929113492 0 -0.5046047929113492 6.55602047044982
7.120135645041904 0.5046047929113492 0 -0.5046047929113492 7.120135645041904
7.740662332232515 0.5046047929113492 0 -0.5046047929113492 7.740662332232515
8.423241686998495 0.5046047929113492 0 -0.5046047929113492 8.423241686998495
9.174078978730575 0.5046047929113492 0 -0.5046047929113492 9.174078978730575
1.008513140686882 0.5909008216826922 0 -0.5909008216826922 1.008513140686882
1.017877594952493 0.5909008216826922 0 -0.5909008216826922 1.017877594952493
1.028178491286834 0.5909008216826922 0 -0.5909008216826922 1.028178491286834
1.039509476786401 0.5909008216826922 0 -0.5909008216826922 1.039509476786401
1.051973567063915 0.5909008216826922 0 -0.5909008216826922 1.051973567063915
1.065684065007374 0.5909008216826922 0 -0.5909008216826922 1.065684065007374
1.08076561285186 0.5909008216826922 0 -0.5909008216826922 1.08076561285186
1.097355313912987 0.5909008216826923 0 -0.5909008216826923 1.097355313912987
1.115603983102352 0.5909008216826923 0 -0.5909008216826923 1.115603983102352
1.135677519263217 0.5909008216826922 0 -0.5909008216826922 1.135677519263217
1.157758409864334 0.5909008216826924 0 -0.5909008216826924 1.157758409864334
1.182047387813799 0.5909008216826922 0 -0.5909008216826922 1.182047387813799
1.208765260845062 0.5909008216826921 0 -0.5909008216826921 1.208765260845062
1.238154921515817 0.5909008216826922 0 -0.5909008216826922 1.238154921515817
1.270483547537996 0.5909008216826922 0 -0.5909008216826922 1.270483547537996
1.306045039627059 0.5909008216826922 0 -0.5909008216826922 1.306045039627059
1.345162677771624 0.5909008216826922 0 -0.5909008216826922 1.345162677771624
1.388192078726251 0.5909008216826921 0 -0.5909008216826921 1.388192078726251
1.435524419750019 0.5909008216826924 0 -0.5909008216826924 1.435524419750019
1.487589991654102 0.5909008216826922 0 -0.5909008216826922 1.487589991654102
1.544862120780603 0.5909008216826922 0 -0.5909008216826922 1.544862120780603
1.607861463429836 0.5909008216826922 0 -0.5909008216826922 1.607861463429836
1.677160740504133 0.5909008216826921 0 -0.5909008216826921 1.677160740504133
1.753389945270369 0.5909008216826924 0 -0.5909008216826924 1.753389945270369
1.837242070049153 0.590900821682692 0 -0.590900821682692 1.837242070049153
1.929479408455752 0.5909008216826922 0 -0.5909008216826922 1.929479408455752
2.03094048113763 0.5909008216826921 0 -0.5909008216826921 2.03094048113763
2.142547660990938 0.5909008216826924 0 -0.5909008216826924 2.142547660990938
2.265315560575326 0.5909008216826922 0 -0.5909008216826922 2.265315560575326
2.400360249675577 0.5909008216826922 0 -0.5909008216826922 2.400360249675577
2.54890940745447 0.5909008216826922 0 -0.5909008216826922 2.54890940745447
2.712313479862658 0.5909008216826922 0 -0.5909008216826922 2.712313479862658
2.89205795971704 0.5909008216826922 0 -0.5909008216826922 2.89205795971704
3.089776888357544 0.5909008216826922 0 -0.5909008216826922 3.089776888357544
3.307267711556314 0.5909008216826922 0 -0.5909008216826922 3.307267711556314
3.546507617725472 0.5909008216826922 0 -0.5909008216826922 3.546507617725472
3.809671516999788 0.5909008216826922 0 -0.5909008216826922 3.809671516999788
4.099151799954333 0.5909008216826922 0 -0.5909008216826922 4.099151799954333
4.417580114843078 0.5909008216826922 0 -0.5909008216826922 4.417580114843078
4.767851261784525 0.5909008216826922 0 -0.5909008216826922 4.767851261784525
5.153149523270524 0.5909008216826922 0 -0.5909008216826922 5.153149523270524
5.576977602644982 0.5909008216826922 0 -0.5909008216826922 5.576977602644982
6.043188488966521 0.5909008216826922 0 -0.5909008216826922 6.043188488966521
6.55602047044982 0.5909008216826922 0 -0.5909008216826922 6.55602047044982
7.120135645041905 0.5909008216826922 0 -0.5909008216826922 7.120135645041905
7.740662332232516 0.5909008216826922 0 -0.5909008216826922 7.740662332232516
8.423241686998495 0.5909008216826922 0 -0.5909008216826922 8.423241686998495
9.174078978730575 0.5909008216826922 0 -0.5909008216826922 9.174078978730575
1.008513140686882 0.690141249824596 0 -0.690141249824596 1.008513140686882
1.017877594952493 0.6901412498245958 0 -0.6901412498245958 1.017877594952493
1.028178491286834 0.6901412498245958 0 -0.6901412498245958 1.028178491286834
1.039509476786401 0.6901412498245958 0 -0.6901412498245958 1.039509476786401
1.051973567063915 0.690141249824596 0 -0.690141249824596 1.051973567063915
1.065684065007374 0.6901412498245957 0 -0.6901412498245957 1.065684065007374
1.08076561285186 0.6901412498245958 0 -0.6901412498245958 1.08076561285186
1.097355313912987 0.6901412498245958 0 -0.6901412498245958 1.097355313912987
1.115603983102352 0.6901412498245958 0 -0.6901412498245958 1.115603983102352
1.135677519263217 0.6901412498245956 0 -0.6901412498245956 1.135677519263217
1.157758409864335 0.6901412498245957 0 -0.6901412498245957 1.157758409864335
1.182047387813799 0.6901412498245959 0 -0.6901412498245959 1.182047387813799
1.208765260845062 0.690141249824596 0 -0.690141249824596 1.208765260845062
1.238154921515817 0.6901412498245958 0 -0.6901412498245958 1.238154921515817
1.270483547537996 0.690141249824596 0 -0.690141249824596 1.270483547537996
1.306045039627058 0.6901412498245958 0 -0.6901412498245958 1.306045039627058
1.345162677771624 0.6901412498245958 0 -0.6901412498245958 1.345162677771624
1.388192078726251 0.6901412498245958 0 -0.6901412498245958 1.388192078726251
1.435524419750019 0.6901412498245957 0 -0.6901412498245957 1.435524419750019
1.487589991654102 0.6901412498245959 0 -0.6901412498245959 1.487589991654102
1.544862120780603 0.6901412498245956 0 -0.6901412498245956 1.544862120780603
1.607861463429836 0.6901412498245958 0 -0.6901412498245958 1.607861463429836
1.677160740504133 0.6901412498245956 0 -0.6901412498245956 1.677160740504133
1.753389945270369 0.6901412498245958 0 -0.6901412498245958 1.753389945270369
1.837242070049153 0.6901412498245958 0 -0.6901412498245958 1.837242070049153
1.929479408455751 0.6901412498245956 0 -0.6901412498245956 1.929479408455751
2.03094048113763 0.6901412498245958 0 -0.6901412498245958 2.03094048113763
2.142547660990938 0.690141249824596 0 -0.690141249824596 2.142547660990938
2.265315560575326 0.6901412498245957 0 -0.6901412498245957 2.265315560575326
2.400360249675577 0.6901412498245957 0 -0.6901412498245957 2.400360249675577
2.548909407454469 0.6901412498245958 0 -0.6901412498245958 2.548909407454469
2.712313479862659 0.6901412498245958 0 -0.6901412498245958 2.712313479862659
2.892057959717039 0.6901412498245958 0 -0.6901412498245958 2.892057959717039
3.089776888357544 0.6901412498245958 0 -0.6901412498245958 3.089776888357544
3.307267711556314 0.6901412498245958 0 -0.6901412498245958 3.307267711556314
3.546507617725472 0.6901412498245958 0 -0.6901412498245958 3.546507617725472
3.809671516999787 0.6901412498245958 0 -0.6901412498245958 3.809671516999787
4.099151799954333 0.6901412498245958 0 -0.6901412498245958 4.099151799954333
4.417580114843078 0.6901412498245958 0 -0.6901412498245958 4.417580114843078
4.767851261784525 0.6901412498245958 0 -0.6901412498245958 4.767851261784525
5.153149523270523 0.6901412498245958 0 -0.6901412498245958 5.153149523270523
5.576977602644982 0.6901412498245958 0 -0.6901412498245958 5.576977602644982
6.043188488966522 0.6901412498245958 0 -0.6901412498245958 6.043188488966522
6.55602047044982 0.6901412498245958 0 -0.6901412498245958 6.55602047044982
7.120135645041904 0.6901412498245958 0 -0.6901412498245958 7.120135645041904
7.740662332232515 0.6901412498245958 0 -0.6901412498245958 7.740662332232515
8.423241686998495 0.6901412498245958 0 -0.6901412498245958 8.423241686998495
9.174078978730575 0.6901412498245958 0 -0.6901412498245958 9.174078978730575
1.008513140686882 0.804267744117877 0 -0.804267744117877 1.008513140686882
1.017877594952493 0.804267744117877 0 -0.804267744117877 1.017877594952493
1.028178491286834 0.804267744117877 0 -0.804267744117877 1.028178491286834
1.039509476786401 0.804267744117877 0 -0.804267744117877 1.039509476786401
1.051973567063915 0.804267744117877 0 -0.804267744117877 1.051973567063915
1.065684065007374 0.804267744117877 0 -0.804267744117877 1.065684065007374
1.08076561285186 0.8042677441178773 0 -0.8042677441178773 1.08076561285186
1.097355313912987 0.8042677441178772 0 -0.8042677441178772 1.097355313912987
1.115603983102352 0.804267744117877 0 -0.804267744117877 1.115603983102352
1.135677519263217 0.8042677441178772 0 -0.8042677441178772 1.135677519263217
1.157758409864334 0.8042677441178769 0 -0.8042677441178769 1.157758409864334
1.182047387813799 0.8042677441178773 0 -0.8042677441178773 1.182047387813799
1.208765260845061 0.8042677441178773 0 -0.8042677441178773 1.208765260845061
1.238154921515817 0.804267744117877 0 -0.804267744117877 1.238154921515817
1.270483547537996 0.804267744117877 0 -0.804267744117877 1.270483547537996
1.306045039627058 0.804267744117877 0 -0.804267744117877 1.306045039627058
1.345162677771624 0.804267744117877 0 -0.804267744117877 1.345162677771624
1.388192078726251 0.8042677441178773 0 -0.8042677441178773 1.388192078726251
1.435524419750019 0.804267744117877 0 -0.804267744117877 1.435524419750019
1.487589991654102 0.804267744117877 0 -0.804267744117877 1.487589991654102
1.544862120780603 0.8042677441178768 0 -0.8042677441178768 1.544862120780603
1.607861463429836 0.8042677441178768 0 -0.8042677441178768 1.607861463429836
1.677160740504133 0.8042677441178769 0 -0.8042677441178769 1.677160740504133
1.753389945270369 0.8042677441178772 0 -0.8042677441178772 1.753389945270369
1.837242070049153 0.804267744117877 0 -0.804267744117877 1.837242070049153
1.929479408455752 0.8042677441178772 0 -0.8042677441178772 1.929479408455752
2.03094048113763 0.804267744117877 0 -0.804267744117877 2.03094048113763
2.142547660990938 0.804267744117877 0 -0.804267744117877 2.142547660990938
2.265315560575326 0.804267744117877 0 -0.804267744117877 2.265315560575326
2.400360249675577 0.8042677441178772 0 -0.8042677441178772 2.400360249675577
2.54890940745447 0.8042677441178769 0 -0.8042677441178769 2.54890940745447
2.712313479862658 0.8042677441178769 0 -0.8042677441178769 2.712313479862658
2.892057959717039 0.8042677441178773 0 -0.8042677441178773 2.892057959717039
3.089776888357544 0.804267744117877 0 -0.804267744117877 3.089776888357544
3.307267711556313 0.804267744117877 0 -0.804267744117877 3.307267711556313
3.546507617725472 0.804267744117877 0 -0.804267744117877 3.546507617725472
3.809671516999787 0.8042677441178772 0 -0.8042677441178772 3.809671516999787
4.099151799954333 0.804267744117877 0 -0.804267744117877 4.099151799954333
4.417580114843078 0.804267744117877 0 -0.804267744117877 4.417580114843078
4.767851261784525 0.804267744117877 0 -0.804267744117877 4.767851261784525
5.153149523270524 0.804267744117877 0 -0.804267744117877 5.153149523270524
5.576977602644982 0.804267744117877 0 -0.804267744117877 5.576977602644982
6.043188488966521 0.804267744117877 0 -0.804267744117877 6.043188488966521
6.556020470449819 0.804267744117877 0 -0.804267744117877 6.556020470449819
7.120135645041904 0.8042677441178769 0 -0.8042677441178769 7.120135645041904
7.740662332232515 0.8042677441178769 0 -0.8042677441178769 7.740662332232515
8.423241686998495 0.8042677441178772 0 -0.8042677441178772 8.423241686998495
9.174078978730574 0.804267744117877 0 -0.804267744117877 9.174078978730574
1.008513140686881 0.9355132130495338 0 -0.9355132130495338 1.008513140686881
1.017877594952493 0.9355132130495338 0 -0.9355132130495338 1.017877594952493
1.028178491286834 0.9355132130495339 0 -0.9355132130495339 1.028178491286834
1.039509476786401 0.9355132130495339 0 -0.9355132130495339 1.039509476786401
1.051973567063915 0.9355132130495339 0 -0.9355132130495339 1.051973567063915
1.065684065007374 0.9355132130495338 0 -0.9355132130495338 1.065684065007374
1.08076561285186 0.9355132130495337 0 -0.9355132130495337 1.08076561285186
1.097355313912987 0.9355132130495339 0 -0.9355132130495339 1.097355313912987
1.115603983102352 0.9355132130495339 0 -0.9355132130495339 1.115603983102352
1.135677519263217 0.9355132130495339 0 -0.9355132130495339 1.135677519263217
1.157758409864334 0.9355132130495342 0 -0.9355132130495342 1.157758409864334
1.182047387813799 0.9355132130495339 0 -0.9355132130495339 1.182047387813799
1.208765260845062 0.9355132130495339 0 -0.9355132130495339 1.208765260845062
1.238154921515817 0.9355132130495339 0 -0.9355132130495339 1.238154921515817
1.270483547537996 0.9355132130495339 0 -0.9355132130495339 1.270483547537996
1.306045039627058 0.9355132130495339 0 -0.9355132130495339 1.306045039627058
1.345162677771624 0.9355132130495338 0 -0.9355132130495338 1.345162677771624
1.388192078726251 0.9355132130495338 0 -0.9355132130495338 1.388192078726251
1.435524419750019 0.9355132130495342 0 -0.9355132130495342 1.435524419750019
1.487589991654102 0.9355132130495339 0 -0.9355132130495339 1.487589991654102
1.544862120780603 0.9355132130495341 0 -0.9355132130495341 1.544862120780603
1.607861463429836 0.9355132130495339 0 -0.9355132130495339 1.607861463429836
1.677160740504133 0.9355132130495339 0 -0.9355132130495339 1.677160740504133
1.753389945270369 0.9355132130495339 0 -0.9355132130495339 1.753389945270369
1.837242070049153 0.9355132130495339 0 -0.9355132130495339 1.837242070049153
1.929479408455751 0.9355132130495342 0 -0.9355132130495342 1.929479408455751
2.03094048113763 0.9355132130495339 0 -0.9355132130495339 2.03094048113763
2.142547660990938 0.9355132130495339 0 -0.9355132130495339 2.142547660990938
2.265315560575326 0.9355132130495339 0 -0.9355132130495339 2.265315560575326
2.400360249675577 0.9355132130495341 0 -0.9355132130495341 2.400360249675577
2.54890940745447 0.9355132130495338 0 -0.9355132130495338 2.54890940745447
2.712313479862659 0.9355132130495337 0 -0.9355132130495337 2.712313479862659
2.89205795971704 0.9355132130495337 0 -0.9355132130495337 2.89205795971704
3.089776888357544 0.9355132130495339 0 -0.9355132130495339 3.089776888357544
3.307267711556313 0.9355132130495341 0 -0.9355132130495341 3.307267711556313
3.546507617725472 0.9355132130495339 0 -0.9355132130495339 3.546507617725472
3.809671516999787 0.9355132130495341 0 -0.9355132130495341 3.809671516999787
4.099151799954333 0.9355132130495338 0 -0.9355132130495338 4.099151799954333
4.417580114843078 0.9355132130495339 0 -0.9355132130495339 4.417580114843078
4.767851261784525 0.9355132130495338 0 -0.9355132130495338 4.767851261784525
5.153149523270522 0.9355132130495338 0 -0.9355132130495338 5.153149523270522
5.576977602644982 0.9355132130495339 0 -0.9355132130495339 5.576977602644982
6.043188488966521 0.9355132130495342 0 -0.9355132130495342 6.043188488966521
6.556020470449819 0.9355132130495341 0 -0.9355132130495341 6.556020470449819
7.120135645041904 0.9355132130495337 0 -0.9355132130495337 7.120135645041904
7.740662332232516 0.9355132130495339 0 -0.9355132130495339 7.740662332232516
8.423241686998495 0.9355132130495341 0 -0.9355132130495341 8.423241686998495
9.174078978730575 0.9355132130495338 0 -0.9355132130495338 9.174078978730575
1.008513140686882 1.086445506436939 0 -1.086445506436939 1.008513140686882
1.017877594952493 1.086445506436939 0 -1.086445506436939 1.017877594952493
1.028178491286834 1.08644550643694 0 -1.08644550643694 1.028178491286834
1.039509476786401 1.086445506436939 0 -1.086445506436939 1.039509476786401
1.051973567063915 1.086445506436939 0 -1.086445506436939 1.051973567063915
1.065684065007374 1.086445506436939 0 -1.086445506436939 1.065684065007374
1.08076561285186 1.086445506436939 0 -1.086445506436939 1.08076561285186
1.097355313912987 1.086445506436939 0 -1.086445506436939 1.097355313912987
1.115603983102352 1.086445506436939 0 -1.086445506436939 1.115603983102352
1.135677519263217 1.086445506436939 0 -1.086445506436939 1.135677519263217
1.157758409864335 1.086445506436939 0 -1.086445506436939 1.157758409864335
1.182047387813799 1.086445506436939 0 -1.086445506436939 1.182047387813799
1.208765260845061 1.086445506436939 0 -1.086445506436939 1.208765260845061
1.238154921515817 1.086445506436939 0 -1.086445506436939 1.238154921515817
1.270483547537996 1.08644550643694 0 -1.08644550643694 1.270483547537996
1.306045039627058 1.086445506436939 0 -1.086445506436939 1.306045039627058
1.345162677771624 1.08644550643694 0 -1.08644550643694 1.345162677771624
1.388192078726251 1.086445506436939 0 -1.086445506436939 1.388192078726251
1.435524419750019 1.086445506436939 0 -1.086445506436939 1.435524419750019
1.487589991654102 1.086445506436939 0 -1.086445506436939 1.487589991654102
1.544862120780603 1.086445506436939 0 -1.086445506436939 1.544862120780603
1.607861463429836 1.086445506436939 0 -1.086445506436939 1.607861463429836
1.677160740504133 1.086445506436939 0 -1.086445506436939 1.677160740504133
1.753389945270369 1.08644550643694 0 -1.08644550643694 1.753389945270369
1.837242070049153 1.086445506436939 0 -1.086445506436939 1.837242070049153
1.929479408455751 1.086445506436939 0 -1.086445506436939 1.929479408455751
2.03094048113763 1.086445506436939 0 -1.086445506436939 2.03094048113763
2.142547660990938 1.08644550643694 0 -1.08644550643694 2.142547660990938
2.265315560575326 1.086445506436939 0 -1.086445506436939 2.265315560575326
2.400360249675577 1.086445506436939 0 -1.086445506436939 2.400360249675577
2.548909407454469 1.086445506436939 0 -1.086445506436939 2.548909407454469
2.712313479862658 1.086445506436939 0 -1.086445506436939 2.712313479862658
2.89205795971704 1.086445506436939 0 -1.086445506436939 2.89205795971704
3.089776888357544 1.086445506436939 0 -1.086445506436939 3.089776888357544
3.307267711556314 1.086445506436939 0 -1.086445506436939 3.307267711556314
3.546507617725472 1.086445506436939 0 -1.086445506436939 3.546507617725472
3.809671516999788 1.086445506436939 0 -1.086445506436939 3.809671516999788
4.099151799954333 1.086445506436939 0 -1.086445506436939 4.099151799954333
4.417580114843078 1.086445506436939 0 -1.086445506436939 4.417580114843078
4.767851261784525 1.086445506436939 0 -1.086445506436939 4.767851261784525
5.153149523270521 1.086445506436939 0 -1.086445506436939 5.153149523270521
5.576977602644982 1.086445506436939 0 -1.086445506436939 5.576977602644982
6.043188488966521 1.086445506436939 0 -1.086445506436939 6.043188488966521
6.556020470449819 1.086445506436939 0 -1.086445506436939 6.556020470449819
7.120135645041904 1.086445506436939 0 -1.086445506436939 7.120135645041904
7.740662332232516 1.086445506436939 0 -1.086445506436939 7.740662332232516
8.423241686998495 1.086445506436939 0 -1.086445506436939 8.423241686998495
9.174078978730577 1.086445506436939 0 -1.086445506436939 9.174078978730577
1.008513140686882 1.260017643287147 0 -1.260017643287147 1.008513140686882
1.017877594952493 1.260017643287148 0 -1.260017643287148 1.017877594952493
1.028178491286834 1.260017643287147 0 -1.260017643287147 1.028178491286834
1.039509476786401 1.260017643287147 0 -1.260017643287147 1.039509476786401
1.051973567063915 1.260017643287147 0 -1.260017643287147 1.051973567063915
1.065684065007374 1.260017643287147 0 -1.260017643287147 1.065684065007374
1.08076561285186 1.260017643287147 0 -1.260017643287147 1.08076561285186
1.097355313912987 1.260017643287147 0 -1.260017643287147 1.097355313912987
1.115603983102352 1.260017643287147 0 -1.260017643287147 1.115603983102352
1.135677519263217 1.260017643287147 0 -1.260017643287147 1.135677519263217
1.157758409864335 1.260017643287148 0 -1.260017643287148 1.157758409864335
1.182047387813799 1.260017643287147 0 -1.260017643287147 1.182047387813799
1.208765260845062 1.260017643287147 0 -1.260017643287147 1.208765260845062
1.238154921515817 1.260017643287147 0 -1.260017643287147 1.238154921515817
1.270483547537996 1.260017643287147 0 -1.260017643287147 1.270483547537996
1.306045039627058 1.260017643287148 0 -1.260017643287148 1.306045039627058
1.345162677771624 1.260017643287147 0 -1.260017643287147 1.345162677771624
1.388192078726252 1.260017643287147 0 -1.260017643287147 1.388192078726252
1.435524419750019 1.260017643287147 0 -1.260017643287147 1.435524419750019
1.487589991654102 1.260017643287147 0 -1.260017643287147 1.487589991654102
1.544862120780603 1.260017643287147 0 -1.260017643287147 1.544862120780603
1.607861463429836 1.260017643287147 0 -1.260017643287147 1.607861463429836
1.677160740504133 1.260017643287147 0 -1.260017643287147 1.677160740504133
1.753389945270369 1.260017643287147 0 -1.260017643287147 1.753389945270369
1.837242070049153 1.260017643287147 0 -1.260017643287147 1.837242070049153
1.929479408455751 1.260017643287147 0 -1.260017643287147 1.929479408455751
2.03094048113763 1.260017643287147 0 -1.260017643287147 2.03094048113763
2.142547660990938 1.260017643287147 0 -1.260017643287147 2.142547660990938
2.265315560575326 1.260017643287147 0 -1.260017643287147 2.265315560575326
2.400360249675577 1.260017643287147 0 -1.260017643287147 2.400360249675577
2.548909407454469 1.260017643287148 0 -1.260017643287148 2.548909407454469
2.712313479862659 1.260017643287147 0 -1.260017643287147 2.712313479862659
2.89205795971704 1.260017643287147 0 -1.260017643287147 2.89205795971704
3.089776888357544 1.260017643287147 0 -1.260017643287147 3.089776888357544
3.307267711556314 1.260017643287147 0 -1.260017643287147 3.307267711556314
3.546507617725472 1.260017643287147 0 -1.260017643287147 3.546507617725472
3.809671516999787 1.260017643287147 0 -1.260017643287147 3.809671516999787
4.099151799954333 1.260017643287147 0 -1.260017643287147 4.099151799954333
4.417580114843078 1.260017643287147 0 -1.260017643287147 4.417580114843078
4.767851261784525 1.260017643287147 0 -1.260017643287147 4.767851261784525
5.15314952327052 1.260017643287147 0 -1.260017643287147 5.15314952327052
5.576977602644982 1.260017643287147 0 -1.260017643287147 5.576977602644982
6.043188488966522 1.260017643287147 0 -1.260017643287147 6.043188488966522
6.55602047044982 1.260017643287147 0 -1.260017643287147 6.55602047044982
7.120135645041906 1.260017643287147 0 -1.260017643287147 7.120135645041906
7.740662332232516 1.260017643287147 0 -1.260017643287147 7.740662332232516
8.423241686998495 1.260017643287147 0 -1.260017643287147 8.423241686998495
9.174078978730572 1.260017643287147 0 -1.260017643287147 9.174078978730572
1.008513140686882 1.459625602034227 0 -1.459625602034227 1.008513140686882
1.017877594952493 1.459625602034227 0 -1.459625602034227 1.017877594952493
1.028178491286834 1.459625602034227 0 -1.459625602034227 1.028178491286834
1.039509476786401 1.459625602034227 0 -1.459625602034227 1.039509476786401
1.051973567063915 1.459625602034227 0 -1.459625602034227 1.051973567063915
1.065684065007374 1.459625602034227 0 -1.459625602034227 1.065684065007374
1.08076561285186 1.459625602034228 0 -1.459625602034228 1.08076561285186
1.097355313912987 1.459625602034227 0 -1.459625602034227 1.097355313912987
1.115603983102352 1.459625602034227 0 -1.459625602034227 1.115603983102352
1.135677519263217 1.459625602034227 0 -1.459625602034227 1.135677519263217
1.157758409864335 1.459625602034227 0 -1.459625602034227 1.157758409864335
1.182047387813799 1.459625602034227 0 -1.459625602034227 1.182047387813799
1.208765260845062 1.459625602034227 0 -1.459625602034227 1.208765260845062
1.238154921515817 1.459625602034227 0 -1.459625602034227 1.238154921515817
1.270483547537996 1.459625602034227 0 -1.459625602034227 1.270483547537996
1.306045039627058 1.459625602034227 0 -1.459625602034227 1.306045039627058
1.345162677771624 1.459625602034227 0 -1.459625602034227 1.345162677771624
1.388192078726251 1.459625602034228 0 -1.459625602034228 1.388192078726251
1.435524419750019 1.459625602034227 0 -1.459625602034227 1.435524419750019
1.487589991654102 1.459625602034227 0 -1.459625602034227 1.487589991654102
1.544862120780603 1.459625602034227 0 -1.459625602034227 1.544862120780603
1.607861463429836 1.459625602034227 0 -1.459625602034227 1.607861463429836
1.677160740504133 1.459625602034228 0 -1.459625602034228 1.677160740504133
1.753389945270369 1.459625602034228 0 -1.459625602034228 1.753389945270369
1.837242070049153 1.459625602034227 0 -1.459625602034227 1.837242070049153
1.929479408455751 1.459625602034227 0 -1.459625602034227 1.929479408455751
2.03094048113763 1.459625602034227 0 -1.459625602034227 2.03094048113763
2.142547660990938 1.459625602034227 0 -1.459625602034227 2.142547660990938
2.265315560575326 1.459625602034228 0 -1.459625602034228 2.265315560575326
2.400360249675577 1.459625602034227 0 -1.459625602034227 2.400360249675577
2.54890940745447 1.459625602034227 0 -1.459625602034227 2.54890940745447
2.712313479862658 1.459625602034227 0 -1.459625602034227 2.712313479862658
2.89205795971704 1.459625602034227 0 -1.459625602034227 2.89205795971704
3.089776888357544 1.459625602034227 0 -1.459625602034227 3.089776888357544
3.307267711556314 1.459625602034227 0 -1.459625602034227 3.307267711556314
3.546507617725472 1.459625602034227 0 -1.459625602034227 3.546507617725472
3.809671516999787 1.459625602034227 0 -1.459625602034227 3.809671516999787
4.099151799954333 1.459625602034227 0 -1.459625602034227 4.099151799954333
4.417580114843078 1.459625602034227 0 -1.459625602034227 4.417580114843078
4.767851261784525 1.459625602034227 0 -1.459625602034227 4.767851261784525
5.153149523270521 1.459625602034227 0 -1.459625602034227 5.153149523270521
5.576977602644982 1.459625602034227 0 -1.459625602034227 5.576977602644982
6.043188488966521 1.459625602034227 0 -1.459625602034227 6.043188488966521
6.55602047044982 1.459625602034227 0 -1.459625602034227 6.55602047044982
7.120135645041903 1.459625602034227 0 -1.459625602034227 7.120135645041903
7.740662332232516 1.459625602034227 0 -1.459625602034227 7.740662332232516
8.423241686998495 1.459625602034227 0 -1.459625602034227 8.423241686998495
9.174078978730574 1.459625602034227 0 -1.459625602034227 9.174078978730574
1.008513140686881 1.689174754414443 0 -1.689174754414443 1.008513140686881
1.017877594952493 1.689174754414443 0 -1.689174754414443 1.017877594952493
1.028178491286834 1.689174754414443 0 -1.689174754414443 1.028178491286834
1.039509476786401 1.689174754414443 0 -1.689174754414443 1.039509476786401
1.051973567063915 1.689174754414443 0 -1.689174754414443 1.051973567063915
1.065684065007374 1.689174754414443 0 -1.689174754414443 1.065684065007374
1.08076561285186 1.689174754414443 0 -1.689174754414443 1.08076561285186
1.097355313912987 1.689174754414443 0 -1.689174754414443 1.097355313912987
1.115603983102352 1.689174754414443 0 -1.689174754414443 1.115603983102352
1.135677519263217 1.689174754414443 0 -1.689174754414443 1.135677519263217
1.157758409864335 1.689174754414443 0 -1.689174754414443 1.157758409864335
1.182047387813799 1.689174754414443 0 -1.689174754414443 1.182047387813799
1.208765260845061 1.689174754414443 0 -1.689174754414443 1.208765260845061
1.238154921515817 1.689174754414443 0 -1.689174754414443 1.238154921515817
1.270483547537996 1.689174754414443 0 -1.689174754414443 1.270483547537996
1.306045039627058 1.689174754414443 0 -1.689174754414443 1.306045039627058
1.345162677771624 1.689174754414443 0 -1.689174754414443 1.345162677771624
1.388192078726251 1.689174754414443 0 -1.689174754414443 1.388192078726251
1.435524419750019 1.689174754414443 0 -1.689174754414443 1.435524419750019
1.487589991654102 1.689174754414443 0 -1.689174754414443 1.487589991654102
1.544862120780603 1.689174754414443 0 -1.689174754414443 1.544862120780603
1.607861463429837 1.689174754414443 0 -1.689174754414443 1.607861463429837
1.677160740504133 1.689174754414442 0 -1.689174754414442 1.677160740504133
1.753389945270369 1.689174754414443 0 -1.689174754414443 1.753389945270369
1.837242070049153 1.689174754414443 0 -1.689174754414443 1.837242070049153
1.929479408455752 1.689174754414443 0 -1.689174754414443 1.929479408455752
2.03094048113763 1.689174754414443 0 -1.689174754414443 2.03094048113763
2.142547660990938 1.689174754414443 0 -1.689174754414443 2.142547660990938
2.265315560575326 1.689174754414442 0 -1.689174754414442 2.265315560575326
2.400360249675577 1.689174754414443 0 -1.689174754414443 2.400360249675577
2.54890940745447 1.689174754414443 0 -1.689174754414443 2.54890940745447
2.712313479862658 1.689174754414442 0 -1.689174754414442 2.712313479862658
2.89205795971704 1.689174754414443 0 -1.689174754414443 2.89205795971704
3.089776888357544 1.689174754414442 0 -1.689174754414442 3.089776888357544
3.307267711556313 1.689174754414443 0 -1.689174754414443 3.307267711556313
3.546507617725472 1.689174754414443 0 -1.689174754414443 3.546507617725472
3.809671516999788 1.689174754414443 0 -1.689174754414443 3.809671516999788
4.099151799954333 1.689174754414443 0 -1.689174754414443 4.099151799954333
4.417580114843078 1.689174754414443 0 -1.689174754414443 4.417580114843078
4.767851261784525 1.689174754414443 0 -1.689174754414443 4.767851261784525
5.153149523270521 1.689174754414443 0 -1.689174754414443 5.153149523270521
5.576977602644982 1.689174754414443 0 -1.689174754414443 5.576977602644982
6.043188488966521 1.689174754414443 0 -1.689174754414443 6.043188488966521
6.55602047044982 1.689174754414443 0 -1.689174754414443 6.55602047044982
7.120135645041903 1.689174754414443 0 -1.689174754414443 7.120135645041903
7.740662332232516 1.689174754414443 0 -1.689174754414443 7.740662332232516
8.423241686998495 1.689174754414443 0 -1.689174754414443 8.423241686998495
9.174078978730575 1.689174754414443 0 -1.689174754414443 9.174078978730575
1.008513140686882 1.953156277765152 0 -1.953156277765152 1.008513140686882
1.017877594952493 1.953156277765151 0 -1.953156277765151 1.017877594952493
1.028178491286834 1.953156277765152 0 -1.953156277765152 1.028178491286834
1.039509476786401 1.953156277765151 0 -1.953156277765151 1.039509476786401
1.051973567063915 1.953156277765152 0 -1.953156277765152 1.051973567063915
1.065684065007374 1.953156277765152 0 -1.953156277765152 1.065684065007374
1.08076561285186 1.953156277765152 0 -1.953156277765152 1.08076561285186
1.097355313912988 1.953156277765152 0 -1.953156277765152 1.097355313912988
1.115603983102352 1.953156277765152 0 -1.953156277765152 1.115603983102352
1.135677519263217 1.953156277765152 0 -1.953156277765152 1.135677519263217
1.157758409864335 1.953156277765152 0 -1.953156277765152 1.157758409864335
1.182047387813799 1.953156277765151 0 -1.953156277765151 1.182047387813799
1.208765260845062 1.953156277765152 0 -1.953156277765152 1.208765260845062
1.238154921515817 1.953156277765152 0 -1.953156277765152 1.238154921515817
1.270483547537996 1.953156277765152 0 -1.953156277765152 1.270483547537996
1.306045039627058 1.953156277765152 0 -1.953156277765152 1.306045039627058
1.345162677771624 1.953156277765152 0 -1.953156277765152 1.345162677771624
1.388192078726251 1.953156277765152 0 -1.953156277765152 1.388192078726251
1.435524419750019 1.953156277765152 0 -1.953156277765152 1.435524419750019
1.487589991654102 1.953156277765152 0 -1.953156277765152 1.487589991654102
1.544862120780603 1.953156277765152 0 -1.953156277765152 1.544862120780603
1.607861463429836 1.953156277765152 0 -1.953156277765152 1.607861463429836
1.677160740504133 1.953156277765151 0 -1.953156277765151 1.677160740504133
1.753389945270369 1.953156277765151 0 -1.953156277765151 1.753389945270369
1.837242070049153 1.953156277765152 0 -1.953156277765152 1.837242070049153
1.929479408455751 1.953156277765152 0 -1.953156277765152 1.929479408455751
2.03094048113763 1.953156277765152 0 -1.953156277765152 2.03094048113763
2.142547660990938 1.953156277765152 0 -1.953156277765152 2.142547660990938
2.265315560575326 1.953156277765152 0 -1.953156277765152 2.265315560575326
2.400360249675577 1.953156277765151 0 -1.953156277765151 2.400360249675577
2.54890940745447 1.953156277765152 0 -1.953156277765152 2.54890940745447
2.712313479862658 1.953156277765152 0 -1.953156277765152 2.712313479862658
2.89205795971704 1.953156277765152 0 -1.953156277765152 2.89205795971704
3.089776888357544 1.953156277765152 0 -1.953156277765152 3.089776888357544
3.307267711556314 1.953156277765152 0 -1.953156277765152 3.307267711556314
3.546507617725472 1.953156277765152 0 -1.953156277765152 3.546507617725472
3.809671516999787 1.953156277765152 0 -1.953156277765152 3.809671516999787
4.099151799954333 1.953156277765152 0 -1.953156277765152 4.099151799954333
4.417580114843078 1.953156277765152 0 -1.953156277765152 4.417580114843078
4.767851261784525 1.953156277765152 0 -1.953156277765152 4.767851261784525
5.153149523270522 1.953156277765152 0 -1.953156277765152 5.153149523270522
5.576977602644982 1.953156277765152 0 -1.953156277765152 5.576977602644982
6.043188488966521 1.953156277765152 0 -1.953156277765152 6.043188488966521
6.55602047044982 1.953156277765152 0 -1.953156277765152 6.55602047044982
7.120135645041904 1.953156277765152 0 -1.953156277765152 7.120135645041904
7.740662332232516 1.953156277765152 0 -1.953156277765152 7.740662332232516
8.423241686998495 1.953156277765152 0 -1.953156277765152 8.423241686998495
9.174078978730575 1.953156277765152 0 -1.953156277765152 9.174078978730575
1.008513140686881 2.25673503129446 0 -2.25673503129446 1.008513140686881
1.017877594952493 2.25673503129446 0 -2.25673503129446 1.017877594952493
1.028178491286834 2.25673503129446 0 -2.25673503129446 1.028178491286834
1.039509476786401 2.256735031294459 0 -2.256735031294459 1.039509476786401
1.051973567063915 2.256735031294461 0 -2.256735031294461 1.051973567063915
1.065684065007374 2.25673503129446 0 -2.25673503129446 1.065684065007374
1.08076561285186 2.25673503129446 0 -2.25673503129446 1.08076561285186
1.097355313912987 2.256735031294461 0 -2.256735031294461 1.097355313912987
1.115603983102352 2.25673503129446 0 -2.25673503129446 1.115603983102352
1.135677519263217 2.25673503129446 0 -2.25673503129446 1.135677519263217
1.157758409864335 2.25673503129446 0 -2.25673503129446 1.157758409864335
1.182047387813799 2.256735031294459 0 -2.256735031294459 1.182047387813799
1.208765260845062 2.25673503129446 0 -2.25673503129446 1.208765260845062
1.238154921515817 2.256735031294461 0 -2.256735031294461 1.238154921515817
1.270483547537996 2.25673503129446 0 -2.25673503129446 1.270483547537996
1.306045039627058 2.25673503129446 0 -2.25673503129446 1.306045039627058
1.345162677771624 2.25673503129446 0 -2.25673503129446 1.345162677771624
1.388192078726251 2.25673503129446 0 -2.25673503129446 1.388192078726251
1.435524419750019 2.25673503129446 0 -2.25673503129446 1.435524419750019
1.487589991654102 2.25673503129446 0 -2.25673503129446 1.487589991654102
1.544862120780603 2.25673503129446 0 -2.25673503129446 1.544862120780603
1.607861463429836 2.256735031294461 0 -2.256735031294461 1.607861463429836
1.677160740504133 2.256735031294461 0 -2.256735031294461 1.677160740504133
1.753389945270369 2.25673503129446 0 -2.25673503129446 1.753389945270369
1.837242070049153 2.25673503129446 0 -2.25673503129446 1.837242070049153
1.929479408455751 2.256735031294461 0 -2.256735031294461 1.929479408455751
2.03094048113763 2.25673503129446 0 -2.25673503129446 2.03094048113763
2.142547660990938 2.25673503129446 0 -2.25673503129446 2.142547660990938
2.265315560575326 2.25673503129446 0 -2.25673503129446 2.265315560575326
2.400360249675577 2.25673503129446 0 -2.25673503129446 2.400360249675577
2.54890940745447 2.25673503129446 0 -2.25673503129446 2.54890940745447
2.712313479862658 2.25673503129446 0 -2.25673503129446 2.712313479862658
2.89205795971704 2.25673503129446 0 -2.25673503129446 2.89205795971704
3.089776888357544 2.25673503129446 0 -2.25673503129446 3.089776888357544
3.307267711556314 2.25673503129446 0 -2.25673503129446 3.307267711556314
3.546507617725472 2.25673503129446 0 -2.25673503129446 3.546507617725472
3.809671516999788 2.25673503129446 0 -2.25673503129446 3.809671516999788
4.099151799954333 2.25673503129446 0 -2.25673503129446 4.099151799954333
4.417580114843078 2.25673503129446 0 -2.25673503129446 4.417580114843078
4.767851261784525 2.25673503129446 0 -2.25673503129446 4.767851261784525
5.153149523270522 2.25673503129446 0 -2.25673503129446 5.153149523270522
5.576977602644982 2.25673503129446 0 -2.25673503129446 5.576977602644982
6.043188488966521 2.25673503129446 0 -2.25673503129446 6.043188488966521
6.55602047044982 2.25673503129446 0 -2.25673503129446 6.55602047044982
7.120135645041904 2.25673503129446 0 -2.25673503129446 7.120135645041904
7.740662332232516 2.25673503129446 0 -2.25673503129446 7.740662332232516
8.423241686998495 2.25673503129446 0 -2.25673503129446 8.423241686998495
9.174078978730574 2.25673503129446 0 -2.25673503129446 9.174078978730574
1.008513140686882 2.605850602708736 0 -2.605850602708736 1.008513140686882
1.017877594952493 2.605850602708735 0 -2.605850602708735 1.017877594952493
1.028178491286834 2.605850602708735 0 -2.605850602708735 1.028178491286834
1.039509476786401 2.605850602708735 0 -2.605850602708735 1.039509476786401
1.051973567063915 2.605850602708735 0 -2.605850602708735 1.051973567063915
1.065684065007374 2.605850602708735 0 -2.605850602708735 1.065684065007374
1.08076561285186 2.605850602708735 0 -2.605850602708735 1.08076561285186
1.097355313912987 2.605850602708734 0 -2.605850602708734 1.097355313912987
1.115603983102352 2.605850602708734 0 -2.605850602708734 1.115603983102352
1.135677519263217 2.605850602708735 0 -2.605850602708735 1.135677519263217
1.157758409864334 2.605850602708736 0 -2.605850602708736 1.157758409864334
1.182047387813799 2.605850602708734 0 -2.605850602708734 1.182047387813799
1.208765260845061 2.605850602708735 0 -2.605850602708735 1.208765260845061
1.238154921515817 2.605850602708735 0 -2.605850602708735 1.238154921515817
1.270483547537996 2.605850602708735 0 -2.605850602708735 1.270483547537996
1.306045039627058 2.605850602708736 0 -2.605850602708736 1.306045039627058
1.345162677771624 2.605850602708735 0 -2.605850602708735 1.345162677771624
1.388192078726251 2.605850602708735 0 -2.605850602708735 1.388192078726251
1.435524419750019 2.605850602708735 0 -2.605850602708735 1.435524419750019
1.487589991654102 2.605850602708735 0 -2.605850602708735 1.487589991654102
1.544862120780603 2.605850602708735 0 -2.605850602708735 1.544862120780603
1.607861463429836 2.605850602708735 0 -2.605850602708735 1.607861463429836
1.677160740504133 2.605850602708735 0 -2.605850602708735 1.677160740504133
1.753389945270369 2.605850602708735 0 -2.605850602708735 1.753389945270369
1.837242070049153 2.605850602708735 0 -2.605850602708735 1.837242070049153
1.929479408455751 2.605850602708735 0 -2.605850602708735 1.929479408455751
2.03094048113763 2.605850602708734 0 -2.605850602708734 2.03094048113763
2.142547660990938 2.605850602708735 0 -2.605850602708735 2.142547660990938
2.265315560575326 2.605850602708735 0 -2.605850602708735 2.265315560575326
2.400360249675577 2.605850602708735 0 -2.605850602708735 2.400360249675577
2.54890940745447 2.605850602708736 0 -2.605850602708736 2.54890940745447
2.712313479862658 2.605850602708735 0 -2.605850602708735 2.712313479862658
2.89205795971704 2.605850602708736 0 -2.605850602708736 2.89205795971704
3.089776888357544 2.605850602708735 0 -2.605850602708735 3.089776888357544
3.307267711556314 2.605850602708735 0 -2.605850602708735 3.307267711556314
3.546507617725472 2.605850602708735 0 -2.605850602708735 3.546507617725472
3.809671516999787 2.605850602708735 0 -2.605850602708735 3.809671516999787
4.099151799954333 2.605850602708735 0 -2.605850602708735 4.099151799954333
4.417580114843078 2.605850602708735 0 -2.605850602708735 4.417580114843078
4.767851261784525 2.605850602708735 0 -2.605850602708735 4.767851261784525
5.153149523270523 2.605850602708735 0 -2.605850602708735 5.153149523270523
5.576977602644982 2.605850602708735 0 -2.605850602708735 5.576977602644982
6.043188488966522 2.605850602708735 0 -2.605850602708735 6.043188488966522
6.55602047044982 2.605850602708735 0 -2.605850602708735 6.55602047044982
7.120135645041902 2.605850602708735 0 -2.605850602708735 7.120135645041902
7.740662332232516 2.605850602708735 0 -2.605850602708735 7.740662332232516
8.423241686998495 2.605850602708735 0 -2.605850602708735 8.423241686998495
9.174078978730574 2.605850602708735 0 -2.605850602708735 9.174078978730574
1.008513140686882 3.00733351012119 0 -3.00733351012119 1.008513140686882
1.017877594952493 3.007333510121191 0 -3.007333510121191 1.017877594952493
1.028178491286834 3.00733351012119 0 -3.00733351012119 1.028178491286834
1.039509476786401 3.007333510121191 0 -3.007333510121191 1.039509476786401
1.051973567063915 3.00733351012119 0 -3.00733351012119 1.051973567063915
1.065684065007374 3.00733351012119 0 -3.00733351012119 1.065684065007374
1.08076561285186 3.00733351012119 0 -3.00733351012119 1.08076561285186
1.097355313912987 3.00733351012119 0 -3.00733351012119 1.097355313912987
1.115603983102352 3.00733351012119 0 -3.00733351012119 1.115603983102352
1.135677519263217 3.00733351012119 0 -3.00733351012119 1.135677519263217
1.157758409864335 3.00733351012119 0 -3.00733351012119 1.157758409864335
1.182047387813799 3.00733351012119 0 -3.00733351012119 1.182047387813799
1.208765260845062 3.00733351012119 0 -3.00733351012119 1.208765260845062
1.238154921515817 3.007333510121191 0 -3.007333510121191 1.238154921515817
1.270483547537996 3.00733351012119 0 -3.00733351012119 1.270483547537996
1.306045039627058 3.00733351012119 0 -3.00733351012119 1.306045039627058
1.345162677771624 3.00733351012119 0 -3.00733351012119 1.345162677771624
1.388192078726251 3.00733351012119 0 -3.00733351012119 1.388192078726251
1.435524419750019 3.00733351012119 0 -3.00733351012119 1.435524419750019
1.487589991654102 3.00733351012119 0 -3.00733351012119 1.487589991654102
1.544862120780603 3.00733351012119 0 -3.00733351012119 1.544862120780603
1.607861463429836 3.007333510121191 0 -3.007333510121191 1.607861463429836
1.677160740504133 3.007333510121191 0 -3.007333510121191 1.677160740504133
1.753389945270369 3.007333510121191 0 -3.007333510121191 1.753389945270369
1.837242070049153 3.00733351012119 0 -3.00733351012119 1.837242070049153
1.929479408455752 3.007333510121191 0 -3.007333510121191 1.929479408455752
2.03094048113763 3.00733351012119 0 -3.00733351012119 2.03094048113763
2.142547660990938 3.007333510121191 0 -3.007333510121191 2.142547660990938
2.265315560575326 3.007333510121191 0 -3.007333510121191 2.265315560575326
2.400360249675578 3.00733351012119 0 -3.00733351012119 2.400360249675578
2.54890940745447 3.00733351012119 0 -3.00733351012119 2.54890940745447
2.712313479862658 3.00733351012119 0 -3.00733351012119 2.712313479862658
2.892057959717039 3.00733351012119 0 -3.00733351012119 2.892057959717039
3.089776888357543 3.007333510121189 0 -3.007333510121189 3.089776888357543
3.307267711556314 3.00733351012119 0 -3.00733351012119 3.307267711556314
3.546507617725472 3.007333510121191 0 -3.007333510121191 3.546507617725472
3.809671516999787 3.007333510121189 0 -3.007333510121189 3.809671516999787
4.099151799954333 3.00733351012119 0 -3.00733351012119 4.099151799954333
4.417580114843078 3.007333510121191 0 -3.007333510121191 4.417580114843078
4.767851261784525 3.00733351012119 0 -3.00733351012119 4.767851261784525
5.153149523270522 3.00733351012119 0 -3.00733351012119 5.153149523270522
5.576977602644983 3.00733351012119 0 -3.00733351012119 5.576977602644983
6.043188488966521 3.00733351012119 0 -3.00733351012119 6.043188488966521
6.55602047044982 3.00733351012119 0 -3.00733351012119 6.55602047044982
7.120135645041904 3.00733351012119 0 -3.00733351012119 7.120135645041904
7.740662332232516 3.00733351012119 0 -3.00733351012119 7.740662332232516
8.423241686998495 3.007333510121191 0 -3.007333510121191 8.423241686998495
9.174078978730575 3.00733351012119 0 -3.00733351012119 9.174078978730575
1.008513140686882 3.469038851573069 0 -3.469038851573069 1.008513140686882
1.017877594952493 3.469038851573069 0 -3.469038851573069 1.017877594952493
1.028178491286834 3.469038851573069 0 -3.469038851573069 1.028178491286834
1.039509476786401 3.46903885157307 0 -3.46903885157307 1.039509476786401
1.051973567063915 3.469038851573069 0 -3.469038851573069 1.051973567063915
1.065684065007374 3.469038851573069 0 -3.469038851573069 1.065684065007374
1.08076561285186 3.469038851573069 0 -3.469038851573069 1.08076561285186
1.097355313912987 3.469038851573069 0 -3.469038851573069 1.097355313912987
1.115603983102352 3.469038851573069 0 -3.469038851573069 1.115603983102352
1.135677519263217 3.469038851573069 0 -3.469038851573069 1.135677519263217
1.157758409864335 3.469038851573069 0 -3.469038851573069 1.157758409864335
1.182047387813799 3.46903885157307 0 -3.46903885157307 1.182047387813799
1.208765260845062 3.469038851573069 0 -3.469038851573069 1.208765260845062
1.238154921515817 3.469038851573068 0 -3.469038851573068 1.238154921515817
1.270483547537996 3.469038851573069 0 -3.469038851573069 1.270483547537996
1.306045039627058 3.469038851573069 0 -3.469038851573069 1.306045039627058
1.345162677771624 3.46903885157307 0 -3.46903885157307 1.345162677771624
1.388192078726251 3.469038851573069 0 -3.469038851573069 1.388192078726251
1.435524419750019 3.46903885157307 0 -3.46903885157307 1.435524419750019
1.487589991654102 3.469038851573069 0 -3.469038851573069 1.487589991654102
1.544862120780603 3.46903885157307 0 -3.46903885157307 1.544862120780603
1.607861463429836 3.469038851573069 0 -3.469038851573069 1.607861463429836
1.677160740504133 3.469038851573069 0 -3.469038851573069 1.677160740504133
1.753389945270369 3.469038851573068 0 -3.469038851573068 1.753389945270369
1.837242070049153 3.469038851573069 0 -3.469038851573069 1.837242070049153
1.929479408455752 3.469038851573069 0 -3.469038851573069 1.929479408455752
2.03094048113763 3.469038851573068 0 -3.469038851573068 2.03094048113763
2.142547660990938 3.469038851573069 0 -3.469038851573069 2.142547660990938
2.265315560575326 3.469038851573069 0 -3.469038851573069 2.265315560575326
2.400360249675577 3.469038851573069 0 -3.469038851573069 2.400360249675577
2.54890940745447 3.469038851573069 0 -3.469038851573069 2.54890940745447
2.712313479862658 3.469038851573069 0 -3.469038851573069 2.712313479862658
2.892057959717039 3.469038851573069 0 -3.469038851573069 2.892057959717039
3.089776888357544 3.469038851573069 0 -3.469038851573069 3.089776888357544
3.307267711556313 3.46903885157307 0 -3.46903885157307 3.307267711556313
3.546507617725471 3.469038851573069 0 -3.469038851573069 3.546507617725471
3.809671516999787 3.46903885157307 0 -3.46903885157307 3.809671516999787
4.099151799954333 3.469038851573069 0 -3.469038851573069 4.099151799954333
4.417580114843078 3.469038851573069 0 -3.469038851573069 4.417580114843078
4.767851261784524 3.46903885157307 0 -3.46903885157307 4.767851261784524
5.153149523270522 3.469038851573069 0 -3.469038851573069 5.153149523270522
5.576977602644983 3.469038851573069 0 -3.469038851573069 5.576977602644983
6.043188488966522 3.469038851573069 0 -3.469038851573069 6.043188488966522
6.55602047044982 3.469038851573069 0 -3.469038851573069 6.55602047044982
7.120135645041905 3.469038851573069 0 -3.469038851573069 7.120135645041905
7.740662332232515 3.469038851573069 0 -3.469038851573069 7.740662332232515
8.423241686998495 3.469038851573069 0 -3.469038851573069 8.423241686998495
9.174078978730574 3.469038851573069 0 -3.469038851573069 9.174078978730574
2 4 1 1344
5233
5234
5235
5236
5237
5238
5239
5240
5241
5242
5243
5244
5245
5246
5247
5248
5249
5250
5251
5252
5253
5254
5255
5256
5257
5258
5259
5260
5261
5262
5263
5264
5265
5266
5267
5268
5269
5270
5271
5272
5273
5274
5275
5276
5277
5278
5279
5280
5281
5282
5283
5284
5285
5286
5287
5288
5289
5290
5291
5292
5293
5294
5295
5296
5297
5298
5299
5300
5301
5302
5303
5304
5305
5306
5307
5308
5309
5310
5311
5312
5313
5314
5315
5316
5317
5318
5319
5320
5321
5322
5323
5324
5325
5326
5327
5328
5329
5330
5331
5332
5333
5334
5335
5336
5337
5338
5339
5340
5341
5342
5343
5344
5345
5346
5347
5348
5349
5350
5351
5352
5353
5354
5355
5356
5357
5358
5359
5360
5361
5362
5363
5364
5365
5366
5367
5368
5369
5370
5371
5372
5373
5374
5375
5376
5377
5378
5379
5380
5381
5382
5383
5384
5385
5386
5387
5388
5389
5390
5391
5392
5393
5394
5395
5396
5397
5398
5399
5400
5401
5402
5403
5404
5405
5406
5407
5408
5409
5410
5411
5412
5413
5414
5415
5416
5417
5418
5419
5420
5421
5422
5423
5424
5425
5426
5427
5428
5429
5430
5431
5432
5433
5434
5435
5436
5437
5438
5439
5440
5441
5442
5443
5444
5445
5446
5447
5448
5449
5450
5451
5452
5453
5454
5455
5456
5457
5458
5459
5460
5461
5462
5463
5464
5465
5466
5467
5468
5469
5470
5471
5472
5473
5474
5475
5476
5477
5478
5479
5480
5481
5482
5483
5484
5485
5486
5487
5488
5489
5490
5491
5492
5493
5494
5495
5496
5497
5498
5499
5500
5501
5502
5503
5504
5505
5506
5507
5508
5509
5510
5511
5512
5513
5514
5515
5516
5517
5518
5519
5520
5521
5522
5523
5524
5525
5526
5527
5528
5529
5530
5531
5532
5533
5534
5535
5536
5537
5538
5539
5540
5541
5542
5543
5544
5545
5546
5547
5548
5549
5550
5551
5552
5553
5554
5555
5556
5557
5558
5559
5560
5561
5562
5563
5564
5565
5566
5567
5568
5569
5570
5571
5572
5573
5574
5575
5576
5577
5578
5579
5580
5581
5582
5583
5584
5585
5586
5587
5588
5589
5590
5591
5592
5593
5594
5595
5596
5597
5598
5599
5600
5601
5602
5603
5604
5605
5606
5607
5608
5609
5610
5611
5612
5613
5614
5615
5616
5617
5618
5619
5620
5621
5622
5623
5624
5625
5626
5627
5628
5629
5630
5631
5632
5633
5634
5635
5636
5637
5638
5639
5640
5641
5642
5643
5644
5645
5646
5647
5648
5649
5650
5651
5652
5653
5654
5655
5656
5657
5658
5659
5660
5661
5662
5663
5664
5665
5666
5667
5668
5669
5670
5671
5672
5673
5674
5675
5676
5677
5678
5679
5680
5681
5682
5683
5684
5685
5686
5687
5688
5689
5690
5691
5692
5693
5694
5695
5696
5697
5698
5699
5700
5701
5702
5703
5704
5705
5706
5707
5708
5709
5710
5711
5712
5713
5714
5715
5716
5717
5718
5719
5720
5721
5722
5723
5724
5725
5726
5727
5728
5729
5730
5731
5732
5733
5734
5735
5736
5737
5738
5739
5740
5741
5742
5743
5744
5745
5746
5747
5748
5749
5750
5751
5752
5753
5754
5755
5756
5757
5758
5759
5760
5761
5762
5763
5764
5765
5766
5767
5768
5769
5770
5771
5772
5773
5774
5775
5776
5777
5778
5779
5780
5781
5782
5783
5784
5785
5786
5787
5788
5789
5790
5791
5792
5793
5794
5795
5796
5797
5798
5799
5800
5801
5802
5803
5804
5805
5806
5807
5808
5809
5810
5811
5812
5813
5814
5815
5816
5817
5818
5819
5820
5821
5822
5823
5824
5825
5826
5827
5828
5829
5830
5831
5832
5833
5834
5835
5836
5837
5838
5839
5840
5841
5842
5843
5844
5845
5846
5847
5848
5849
5850
5851
5852
5853
5854
5855
5856
5857
5858
5859
5860
5861
5862
5863
5864
5865
5866
5867
5868
5869
5870
5871
5872
5873
5874
5875
5876
5877
5878
5879
5880
5881
5882
5883
5884
5885
5886
5887
5888
5889
5890
5891
5892
5893
5894
5895
5896
5897
5898
5899
5900
5901
5902
5903
5904
5905
5906
5907
5908
5909
5910
5911
5912
5913
5914
5915
5916
5917
5918
5919
5920
5921
5922
5923
5924
5925
5926
5927
5928
5929
5930
5931
5932
5933
5934
5935
5936
5937
5938
5939
5940
5941
5942
5943
5944
5945
5946
5947
5948
5949
5950
5951
5952
5953
5954
5955
5956
5957
5958
5959
5960
5961
5962
5963
5964
5965
5966
5967
5968
5969
5970
5971
5972
5973
5974
5975
5976
5977
5978
5979
5980
5981
5982
5983
5984
5985
5986
5987
5988
5989
5990
5991
5992
5993
5994
5995
5996
5997
5998
5999
6000
6001
6002
6003
6004
6005
6006
6007
6008
6009
6010
6011
6012
6013
6014
6015
6016
6017
6018
6019
6020
6021
6022
6023
6024
6025
6026
6027
6028
6029
6030
6031
6032
6033
6034
6035
6036
6037
6038
6039
6040
6041
6042
6043
6044
6045
6046
6047
6048
6049
6050
6051
6052
6053
6054
6055
6056
6057
6058
6059
6060
6061
6062
6063
6064
6065
6066
6067
6068
6069
6070
6071
6072
6073
6074
6075
6076
6077
6078
6079
6080
6081
6082
6083
6084
6085
6086
6087
6088
6089
6090
6091
6092
6093
6094
6095
6096
6097
6098
6099
6100
6101
6102
6103
6104
6105
6106
6107
6108
6109
6110
6111
6112
6113
6114
6115
6116
6117
6118
6119
6120
6121
6122
6123
6124
6125
6126
6127
6128
6129
6130
6131
6132
6133
6134
6135
6136
6137
6138
6139
6140
6141
6142
6143
6144
6145
6146
6147
6148
6149
6150
6151
6152
6153
6154
6155
6156
6157
6158
6159
6160
6161
6162
6163
6164
6165
6166
6167
6168
6169
6170
6171
6172
6173
6174
6175
6176
6177
6178
6179
6180
6181
6182
6183
6184
6185
6186
6187
6188
6189
6190
6191
6192
6193
6194
6195
6196
6197
6198
6199
6200
6201
6202
6203
6204
6205
6206
6207
6208
6209
6210
6211
6212
6213
6214
6215
6216
6217
6218
6219
6220
6221
6222
6223
6224
6225
6226
6227
6228
6229
6230
6231
6232
6233
6234
6235
6236
6237
6238
6239
6240
6241
6242
6243
6244
6245
6246
6247
6248
6249
6250
6251
6252
6253
6254
6255
6256
6257
6258
6259
6260
6261
6262
6263
6264
6265
6266
6267
6268
6269
6270
6271
6272
6273
6274
6275
6276
6277
6278
6279
6280
6281
6282
6283
6284
6285
6286
6287
6288
6289
6290
6291
6292
6293
6294
6295
6296
6297
6298
6299
6300
6301
6302
6303
6304
6305
6306
6307
6308
6309
6310
6311
6312
6313
6314
6315
6316
6317
6318
6319
6320
6321
6322
6323
6324
6325
6326
6327
6328
6329
6330
6331
6332
6333
6334
6335
6336
6337
6338
6339
6340
6341
6342
6343
6344
6345
6346
6347
6348
6349
6350
6351
6352
6353
6354
6355
6356
6357
6358
6359
6360
6361
6362
6363
6364
6365
6366
6367
6368
6369
6370
6371
6372
6373
6374
6375
6376
6377
6378
6379
6380
6381
6382
6383
6384
6385
6386
6387
6388
6389
6390
6391
6392
6393
6394
6395
6396
6397
6398
6399
6400
6401
6402
6403
6404
6405
6406
6407
6408
6409
6410
6411
6412
6413
6414
6415
6416
6417
6418
6419
6420
6421
6422
6423
6424
6425
6426
6427
6428
6429
6430
6431
6432
6433
6434
6435
6436
6437
6438
6439
6440
6441
6442
6443
6444
6445
6446
6447
6448
6449
6450
6451
6452
6453
6454
6455
6456
6457
6458
6459
6460
6461
6462
6463
6464
6465
6466
6467
6468
6469
6470
6471
6472
6473
6474
6475
6476
6477
6478
6479
6480
6481
6482
6483
6484
6485
6486
6487
6488
6489
6490
6491
6492
6493
6494
6495
6496
6497
6498
6499
6500
6501
6502
6503
6504
6505
6506
6507
6508
6509
6510
6511
6512
6513
6514
6515
6516
6517
6518
6519
6520
6521
6522
6523
6524
6525
6526
6527
6528
6529
6530
6531
6532
6533
6534
6535
6536
6537
6538
6539
6540
6541
6542
6543
6544
6545
6546
6547
6548
6549
6550
6551
6552
6553
6554
6555
6556
6557
6558
6559
6560
6561
6562
6563
6564
6565
6566
6567
6568
6569
6570
6571
6572
6573
6574
6575
6576
1.008513140686882 -0.01060530838403634 0 0.01060530838403634 1.008513140686882
1.008513140686882 -0.02280140920586773 0 0.02280140920586773 1.008513140686882
1.008513140686881 -0.0368269240017934 0 0.0368269240017934 1.008513140686881
1.008513140686882 -0.05295626878124064 0 0.05295626878124064 1.008513140686882
1.008513140686882 -0.07150501493205969 0 0.07150501493205969 1.008513140686882
1.008513140686882 -0.09283607307595168 0 0.09283607307595168 1.008513140686882
1.008513140686882 -0.1173667901976314 0 0.1173667901976314 1.008513140686882
1.008513140686882 -0.145577113750551 0 0.145577113750551 1.008513140686882
1.008513140686882 -0.1780189866059468 0 0.1780189866059468 1.008513140686882
1.008513140686882 -0.2153271374679268 0 0.2153271374679268 1.008513140686882
1.008513140686882 -0.258231510798401 0 0.258231510798401 1.008513140686882
1.008513140686882 -0.3075715410916322 0 0.3075715410916322 1.008513140686882
1.008513140686882 -0.3643125782992794 0 0.3643125782992794 1.008513140686882
1.008513140686882 -0.4295647692010885 0 0.4295647692010885 1.008513140686882
1.008513140686882 -0.5046047929113492 0 0.5046047929113492 1.008513140686882
1.008513140686882 -0.5909008216826922 0 0.5909008216826922 1.008513140686882
1.008513140686882 -0.6901412498245958 0 0.6901412498245958 1.008513140686882
1.008513140686882 -0.804267744117877 0 0.804267744117877 1.008513140686882
1.008513140686882 -0.9355132130495341 0 0.9355132130495341 1.008513140686882
1.008513140686882 -1.086445506436939 0 1.086445506436939 1.008513140686882
1.008513140686881 -1.260017643287147 0 1.260017643287147 1.008513140686881
1.008513140686882 -1.459625602034227 0 1.459625602034227 1.008513140686882
1.008513140686882 -1.689174754414443 0 1.689174754414443 1.008513140686882
1.008513140686881 -1.953156277765152 0 1.953156277765152 1.008513140686881
1.008513140686882 -2.25673503129446 0 2.25673503129446 1.008513140686882
1.008513140686882 -2.605850602708735 0 2.605850602708735 1.008513140686882
1.008513140686882 -3.00733351012119 0 3.00733351012119 1.008513140686882
1.008513140686882 -3.469038851573069 0 3.469038851573069 1.008513140686882
1.017877594952493 -0.01060530838403634 0 0.01060530838403634 1.017877594952493
1.017877594952493 -0.02280140920586773 0 0.02280140920586773 1.017877594952493
1.017877594952493 -0.0368269240017934 0 0.0368269240017934 1.017877594952493
1.017877594952493 -0.05295626878124064 0 0.05295626878124064 1.017877594952493
1.017877594952493 -0.07150501493205967 0 0.07150501493205967 1.017877594952493
1.017877594952493 -0.09283607307595167 0 0.09283607307595167 1.017877594952493
1.017877594952493 -0.1173667901976314 0 0.1173667901976314 1.017877594952493
1.017877594952493 -0.145577113750551 0 0.145577113750551 1.017877594952493
1.017877594952493 -0.1780189866059468 0 0.1780189866059468 1.017877594952493
1.017877594952493 -0.2153271374679268 0 0.2153271374679268 1.017877594952493
1.017877594952493 -0.258231510798401 0 0.258231510798401 1.017877594952493
1.017877594952493 -0.3075715410916322 0 0.3075715410916322 1.017877594952493
1.017877594952493 -0.3643125782992794 0 0.3643125782992794 1.017877594952493
1.017877594952493 -0.4295647692010885 0 0.4295647692010885 1.017877594952493
1.017877594952493 -0.5046047929113492 0 0.5046047929113492 1.017877594952493
1.017877594952493 -0.5909008216826922 0 0.5909008216826922 1.017877594952493
1.017877594952493 -0.6901412498245958 0 0.6901412498245958 1.017877594952493
1.017877594952493 -0.804267744117877 0 0.804267744117877 1.017877594952493
1.017877594952493 -0.9355132130495341 0 0.9355132130495341 1.017877594952493
1.017877594952493 -1.086445506436939 0 1.086445506436939 1.017877594952493
1.017877594952493 -1.260017643287147 0 1.260017643287147 1.017877594952493
1.017877594952493 -1.459625602034227 0 1.459625602034227 1.017877594952493
1.017877594952493 -1.689174754414443 0 1.689174754414443 1.017877594952493
1.017877594952493 -1.953156277765152 0 1.953156277765152 1.017877594952493
1.017877594952493 -2.25673503129446 0 2.25673503129446 1.017877594952493
1.017877594952493 -2.605850602708735 0 2.605850602708735 1.017877594952493
1.017877594952493 -3.00733351012119 0 3.00733351012119 1.017877594952493
1.017877594952493 -3.469038851573069 0 3.469038851573069 1.017877594952493
1.028178491286834 -0.01060530838403634 0 0.01060530838403634 1.028178491286834
1.028178491286834 -0.02280140920586773 0 0.02280140920586773 1.028178491286834
1.028178491286834 -0.0368269240017934 0 0.0368269240017934 1.028178491286834
1.028178491286834 -0.05295626878124064 0 0.05295626878124064 1.028178491286834
1.028178491286834 -0.07150501493205969 0 0.07150501493205969 1.028178491286834
1.028178491286834 -0.09283607307595167 0 0.09283607307595167 1.028178491286834
1.028178491286834 -0.1173667901976314 0 0.1173667901976314 1.028178491286834
1.028178491286834 -0.145577113750551 0 0.145577113750551 1.028178491286834
1.028178491286834 -0.1780189866059468 0 0.1780189866059468 1.028178491286834
1.028178491286834 -0.2153271374679268 0 0.2153271374679268 1.028178491286834
1.028178491286834 -0.258231510798401 0 0.258231510798401 1.028178491286834
1.028178491286834 -0.3075715410916322 0 0.3075715410916322 1.028178491286834
1.028178491286834 -0.3643125782992794 0 0.3643125782992794 1.028178491286834
1.028178491286834 -0.4295647692010885 0 0.4295647692010885 1.028178491286834
1.028178491286834 -0.5046047929113492 0 0.5046047929113492 1.028178491286834
1.028178491286834 -0.5909008216826922 0 0.5909008216826922 1.028178491286834
1.028178491286834 -0.6901412498245958 0 0.6901412498245958 1.028178491286834
1.028178491286834 -0.804267744117877 0 0.804267744117877 1.028178491286834
1.028178491286834 -0.9355132130495339 0 0.9355132130495339 1.028178491286834
1.028178491286834 -1.086445506436939 0 1.086445506436939 1.028178491286834
1.028178491286834 -1.260017643287147 0 1.260017643287147 1.028178491286834
1.028178491286834 -1.459625602034227 0 1.459625602034227 1.028178491286834
1.028178491286834 -1.689174754414443 0 1.689174754414443 1.028178491286834
1.028178491286834 -1.953156277765152 0 1.953156277765152 1.028178491286834
1.028178491286834 -2.25673503129446 0 2.25673503129446 1.028178491286834
1.028178491286834 -2.605850602708735 0 2.605850602708735 1.028178491286834
1.028178491286834 -3.00733351012119 0 3.00733351012119 1.028178491286834
1.028178491286834 -3.469038851573069 0 3.469038851573069 1.028178491286834
1.039509476786401 -0.01060530838403634 0 0.01060530838403634 1.039509476786401
1.039509476786401 -0.02280140920586773 0 0.02280140920586773 1.039509476786401
1.039509476786401 -0.0368269240017934 0 0.0368269240017934 1.039509476786401
1.039509476786401 -0.05295626878124064 0 0.05295626878124064 1.039509476786401
1.039509476786401 -0.07150501493205969 0 0.07150501493205969 1.039509476786401
1.039509476786401 -0.09283607307595167 0 0.09283607307595167 1.039509476786401
1.039509476786402 -0.1173667901976314 0 0.1173667901976314 1.039509476786402
1.039509476786401 -0.145577113750551 0 0.145577113750551 1.039509476786401
1.039509476786401 -0.1780189866059468 0 0.1780189866059468 1.039509476786401
1.039509476786401 -0.2153271374679268 0 0.2153271374679268 1.039509476786401
1.039509476786401 -0.258231510798401 0 0.258231510798401 1.039509476786401
1.039509476786401 -0.3075715410916322 0 0.3075715410916322 1.039509476786401
1.039509476786401 -0.3643125782992795 0 0.3643125782992795 1.039509476786401
1.039509476786401 -0.4295647692010885 0 0.4295647692010885 1.039509476786401
1.039509476786401 -0.5046047929113492 0 0.5046047929113492 1.039509476786401
1.039509476786401 -0.5909008216826922 0 0.5909008216826922 1.039509476786401
1.039509476786401 -0.6901412498245958 0 0.6901412498245958 1.039509476786401
1.039509476786401 -0.804267744117877 0 0.804267744117877 1.039509476786401
1.039509476786401 -0.9355132130495339 0 0.9355132130495339 1.039509476786401
1.039509476786401 -1.086445506436939 0 1.086445506436939 1.039509476786401
1.039509476786401 -1.260017643287147 0 1.260017643287147 1.039509476786401
1.039509476786401 -1.459625602034227 0 1.459625602034227 1.039509476786401
1.039509476786401 -1.689174754414443 0 1.689174754414443 1.039509476786401
1.039509476786401 -1.953156277765152 0 1.953156277765152 1.039509476786401
1.039509476786401 -2.25673503129446 0 2.25673503129446 1.039509476786401
1.039509476786401 -2.605850602708735 0 2.605850602708735 1.039509476786401
1.039509476786401 -3.00733351012119 0 3.00733351012119 1.039509476786401
1.039509476786401 -3.46903885157307 0 3.46903885157307 1.039509476786401
1.051973567063915 -0.01060530838403634 0 0.01060530838403634 1.051973567063915
1.051973567063916 -0.02280140920586772 0 0.02280140920586772 1.051973567063916
1.051973567063915 -0.0368269240017934 0 0.0368269240017934 1.051973567063915
1.051973567063915 -0.05295626878124064 0 0.05295626878124064 1.051973567063915
1.051973567063915 -0.07150501493205969 0 0.07150501493205969 1.051973567063915
1.051973567063915 -0.09283607307595167 0 0.09283607307595167 1.051973567063915
1.051973567063915 -0.1173667901976314 0 0.1173667901976314 1.051973567063915
1.051973567063915 -0.145577113750551 0 0.145577113750551 1.051973567063915
1.051973567063915 -0.1780189866059468 0 0.1780189866059468 1.051973567063915
1.051973567063915 -0.2153271374679268 0 0.2153271374679268 1.051973567063915
1.051973567063915 -0.258231510798401 0 0.258231510798401 1.051973567063915
1.051973567063915 -0.3075715410916322 0 0.3075715410916322 1.051973567063915
1.051973567063915 -0.3643125782992794 0 0.3643125782992794 1.051973567063915
1.051973567063915 -0.4295647692010885 0 0.4295647692010885 1.051973567063915
1.051973567063915 -0.5046047929113492 0 0.5046047929113492 1.051973567063915
1.051973567063915 -0.5909008216826922 0 0.5909008216826922 1.051973567063915
1.051973567063915 -0.6901412498245958 0 0.6901412498245958 1.051973567063915
1.051973567063915 -0.804267744117877 0 0.804267744117877 1.051973567063915
1.051973567063915 -0.9355132130495339 0 0.9355132130495339 1.051973567063915
1.051973567063915 -1.086445506436939 0 1.086445506436939 1.051973567063915
1.051973567063915 -1.260017643287147 0 1.260017643287147 1.051973567063915
1.051973567063915 -1.459625602034227 0 1.459625602034227 1.051973567063915
1.051973567063915 -1.689174754414443 0 1.689174754414443 1.051973567063915
1.051973567063915 -1.953156277765152 0 1.953156277765152 1.051973567063915
1.051973567063915 -2.25673503129446 0 2.25673503129446 1.051973567063915
1.051973567063915 -2.605850602708735 0 2.605850602708735 1.051973567063915
1.051973567063915 -3.00733351012119 0 3.00733351012119 1.051973567063915
1.051973567063915 -3.469038851573069 0 3.469038851573069 1.051973567063915
1.065684065007374 -0.01060530838403634 0 0.01060530838403634 1.065684065007374
1.065684065007374 -0.02280140920586772 0 0.02280140920586772 1.065684065007374
1.065684065007374 -0.0368269240017934 0 0.0368269240017934 1.065684065007374
1.065684065007374 -0.05295626878124064 0 0.05295626878124064 1.065684065007374
1.065684065007374 -0.07150501493205967 0 0.07150501493205967 1.065684065007374
1.065684065007374 -0.09283607307595167 0 0.09283607307595167 1.065684065007374
1.065684065007374 -0.1173667901976314 0 0.1173667901976314 1.065684065007374
1.065684065007374 -0.145577113750551 0 0.145577113750551 1.065684065007374
1.065684065007374 -0.1780189866059468 0 0.1780189866059468 1.065684065007374
1.065684065007374 -0.2153271374679268 0 0.2153271374679268 1.065684065007374
1.065684065007374 -0.258231510798401 0 0.258231510798401 1.065684065007374
1.065684065007374 -0.3075715410916322 0 0.3075715410916322 1.065684065007374
1.065684065007374 -0.3643125782992794 0 0.3643125782992794 1.065684065007374
1.065684065007373 -0.4295647692010885 0 0.4295647692010885 1.065684065007373
1.065684065007374 -0.5046047929113493 0 0.5046047929113493 1.065684065007374
1.065684065007374 -0.5909008216826922 0 0.5909008216826922 1.065684065007374
1.065684065007374 -0.6901412498245957 0 0.6901412498245957 1.065684065007374
1.065684065007374 -0.804267744117877 0 0.804267744117877 1.065684065007374
1.065684065007374 -0.9355132130495341 0 0.9355132130495341 1.065684065007374
1.065684065007374 -1.086445506436939 0 1.086445506436939 1.065684065007374
1.065684065007374 -1.260017643287147 0 1.260017643287147 1.065684065007374
1.065684065007374 -1.459625602034227 0 1.459625602034227 1.065684065007374
1.065684065007374 -1.689174754414443 0 1.689174754414443 1.065684065007374
1.065684065007374 -1.953156277765152 0 1.953156277765152 1.065684065007374
1.065684065007374 -2.25673503129446 0 2.25673503129446 1.065684065007374
1.065684065007374 -2.605850602708735 0 2.605850602708735 1.065684065007374
1.065684065007374 -3.007333510121191 0 3.007333510121191 1.065684065007374
1.065684065007374 -3.469038851573069 0 3.469038851573069 1.065684065007374
1.08076561285186 -0.01060530838403634 0 0.01060530838403634 1.08076561285186
1.08076561285186 -0.02280140920586773 0 0.02280140920586773 1.08076561285186
1.08076561285186 -0.0368269240017934 0 0.0368269240017934 1.08076561285186
1.08076561285186 -0.05295626878124064 0 0.05295626878124064 1.08076561285186
1.080765612851859 -0.07150501493205969 0 0.07150501493205969 1.080765612851859
1.08076561285186 -0.09283607307595167 0 0.09283607307595167 1.08076561285186
1.080765612851859 -0.1173667901976314 0 0.1173667901976314 1.080765612851859
1.080765612851859 -0.145577113750551 0 0.145577113750551 1.080765612851859
1.08076561285186 -0.1780189866059468 0 0.1780189866059468 1.08076561285186
1.08076561285186 -0.2153271374679268 0 0.2153271374679268 1.08076561285186
1.08076561285186 -0.258231510798401 0 0.258231510798401 1.08076561285186
1.080765612851859 -0.3075715410916322 0 0.3075715410916322 1.080765612851859
1.08076561285186 -0.3643125782992794 0 0.3643125782992794 1.08076561285186
1.08076561285186 -0.4295647692010885 0 0.4295647692010885 1.08076561285186
1.08076561285186 -0.5046047929113492 0 0.5046047929113492 1.08076561285186
1.080765612851859 -0.5909008216826922 0 0.5909008216826922 1.080765612851859
1.08076561285186 -0.6901412498245958 0 0.6901412498245958 1.08076561285186
1.08076561285186 -0.804267744117877 0 0.804267744117877 1.08076561285186
1.08076561285186 -0.9355132130495339 0 0.9355132130495339 1.08076561285186
1.08076561285186 -1.086445506436939 0 1.086445506436939 1.08076561285186
1.08076561285186 -1.260017643287147 0 1.260017643287147 1.08076561285186
1.08076561285186 -1.459625602034227 0 1.459625602034227 1.08076561285186
1.08076561285186 -1.689174754414443 0 1.689174754414443 1.08076561285186
1.08076561285186 -1.953156277765152 0 1.953156277765152 1.08076561285186
1.08076561285186 -2.25673503129446 0 2.25673503129446 1.08076561285186
1.08076561285186 -2.605850602708735 0 2.605850602708735 1.08076561285186
1.08076561285186 -3.00733351012119 0 3.00733351012119 1.08076561285186
1.08076561285186 -3.469038851573069 0 3.469038851573069 1.08076561285186
1.097355313912988 -0.01060530838403633 0 0.01060530838403633 1.097355313912988
1.097355313912987 -0.02280140920586773 0 0.02280140920586773 1.097355313912987
1.097355313912988 -0.0368269240017934 0 0.0368269240017934 1.097355313912988
1.097355313912988 -0.05295626878124064 0 0.05295626878124064 1.097355313912988
1.097355313912988 -0.07150501493205969 0 0.07150501493205969 1.097355313912988
1.097355313912987 -0.09283607307595165 0 0.09283607307595165 1.097355313912987
1.097355313912987 -0.1173667901976314 0 0.1173667901976314 1.097355313912987
1.097355313912988 -0.145577113750551 0 0.145577113750551 1.097355313912988
1.097355313912987 -0.1780189866059468 0 0.1780189866059468 1.097355313912987
1.097355313912987 -0.2153271374679268 0 0.2153271374679268 1.097355313912987
1.097355313912987 -0.258231510798401 0 0.258231510798401 1.097355313912987
1.097355313912988 -0.3075715410916322 0 0.3075715410916322 1.097355313912988
1.097355313912987 -0.3643125782992794 0 0.3643125782992794 1.097355313912987
1.097355313912987 -0.4295647692010885 0 0.4295647692010885 1.097355313912987
1.097355313912987 -0.5046047929113492 0 0.5046047929113492 1.097355313912987
1.097355313912988 -0.5909008216826921 0 0.5909008216826921 1.097355313912988
1.097355313912987 -0.6901412498245958 0 0.6901412498245958 1.097355313912987
1.097355313912987 -0.8042677441178769 0 0.8042677441178769 1.097355313912987
1.097355313912987 -0.9355132130495339 0 0.9355132130495339 1.097355313912987
1.097355313912987 -1.086445506436939 0 1.086445506436939 1.097355313912987
1.097355313912987 -1.260017643287147 0 1.260017643287147 1.097355313912987
1.097355313912987 -1.459625602034227 0 1.459625602034227 1.097355313912987
1.097355313912987 -1.689174754414443 0 1.689174754414443 1.097355313912987
1.097355313912987 -1.953156277765152 0 1.953156277765152 1.097355313912987
1.097355313912987 -2.256735031294461 0 2.256735031294461 1.097355313912987
1.097355313912987 -2.605850602708735 0 2.605850602708735 1.097355313912987
1.097355313912987 -3.00733351012119 0 3.00733351012119 1.097355313912987
1.097355313912987 -3.46903885157307 0 3.46903885157307 1.097355313912987
1.115603983102352 -0.01060530838403634 0 0.01060530838403634 1.115603983102352
1.115603983102352 -0.02280140920586772 0 0.02280140920586772 1.115603983102352
1.115603983102352 -0.03682692400179339 0 0.03682692400179339 1.115603983102352
1.115603983102352 -0.05295626878124064 0 0.05295626878124064 1.115603983102352
1.115603983102352 -0.07150501493205969 0 0.07150501493205969 1.115603983102352
1.115603983102352 -0.09283607307595167 0 0.09283607307595167 1.115603983102352
1.115603983102353 -0.1173667901976314 0 0.1173667901976314 1.115603983102353
1.115603983102352 -0.145577113750551 0 0.145577113750551 1.115603983102352
1.115603983102352 -0.1780189866059468 0 0.1780189866059468 1.115603983102352
1.115603983102352 -0.2153271374679268 0 0.2153271374679268 1.115603983102352
1.115603983102352 -0.258231510798401 0 0.258231510798401 1.115603983102352
1.115603983102352 -0.3075715410916322 0 0.3075715410916322 1.115603983102352
1.115603983102352 -0.3643125782992794 0 0.3643125782992794 1.115603983102352
1.115603983102352 -0.4295647692010885 0 0.4295647692010885 1.115603983102352
1.115603983102352 -0.5046047929113492 0 0.5046047929113492 1.115603983102352
1.115603983102353 -0.5909008216826923 0 0.5909008216826923 1.115603983102353
1.115603983102352 -0.6901412498245958 0 0.6901412498245958 1.115603983102352
1.115603983102352 -0.804267744117877 0 0.804267744117877 1.115603983102352
1.115603983102352 -0.9355132130495339 0 0.9355132130495339 1.115603983102352
1.115603983102352 -1.086445506436939 0 1.086445506436939 1.115603983102352
1.115603983102352 -1.260017643287147 0 1.260017643287147 1.115603983102352
1.115603983102352 -1.459625602034227 0 1.459625602034227 1.115603983102352
1.115603983102352 -1.689174754414443 0 1.689174754414443 1.115603983102352
1.115603983102352 -1.953156277765152 0 1.953156277765152 1.115603983102352
1.115603983102352 -2.25673503129446 0 2.25673503129446 1.115603983102352
1.115603983102352 -2.605850602708734 0 2.605850602708734 1.115603983102352
1.115603983102352 -3.00733351012119 0 3.00733351012119 1.115603983102352
1.115603983102352 -3.469038851573069 0 3.469038851573069 1.115603983102352
1.135677519263218 -0.01060530838403633 0 0.01060530838403633 1.135677519263218
1.135677519263218 -0.02280140920586773 0 0.02280140920586773 1.135677519263218
1.135677519263217 -0.0368269240017934 0 0.0368269240017934 1.135677519263217
1.135677519263217 -0.05295626878124064 0 0.05295626878124064 1.135677519263217
1.135677519263217 -0.07150501493205969 0 0.07150501493205969 1.135677519263217
1.135677519263217 -0.09283607307595165 0 0.09283607307595165 1.135677519263217
1.135677519263217 -0.1173667901976314 0 0.1173667901976314 1.135677519263217
1.135677519263217 -0.145577113750551 0 0.145577113750551 1.135677519263217
1.135677519263217 -0.1780189866059468 0 0.1780189866059468 1.135677519263217
1.135677519263217 -0.2153271374679268 0 0.2153271374679268 1.135677519263217
1.135677519263217 -0.258231510798401 0 0.258231510798401 1.135677519263217
1.135677519263217 -0.3075715410916323 0 0.3075715410916323 1.135677519263217
1.135677519263217 -0.3643125782992794 0 0.3643125782992794 1.135677519263217
1.135677519263217 -0.4295647692010885 0 0.4295647692010885 1.135677519263217
1.135677519263217 -0.5046047929113492 0 0.5046047929113492 1.135677519263217
1.135677519263217 -0.5909008216826922 0 0.5909008216826922 1.135677519263217
1.135677519263217 -0.6901412498245958 0 0.6901412498245958 1.135677519263217
1.135677519263217 -0.8042677441178769 0 0.8042677441178769 1.135677519263217
1.135677519263217 -0.9355132130495339 0 0.9355132130495339 1.135677519263217
1.135677519263217 -1.086445506436939 0 1.086445506436939 1.135677519263217
1.135677519263217 -1.260017643287147 0 1.260017643287147 1.135677519263217
1.135677519263217 -1.459625602034227 0 1.459625602034227 1.135677519263217
1.135677519263217 -1.689174754414443 0 1.689174754414443 1.135677519263217
1.135677519263217 -1.953156277765152 0 1.953156277765152 1.135677519263217
1.135677519263217 -2.25673503129446 0 2.25673503129446 1.135677519263217
1.135677519263217 -2.605850602708735 0 2.605850602708735 1.135677519263217
1.135677519263217 -3.00733351012119 0 3.00733351012119 1.135677519263217
1.135677519263217 -3.469038851573069 0 3.469038851573069 1.135677519263217
1.157758409864335 -0.01060530838403634 0 0.01060530838403634 1.157758409864335
1.157758409864335 -0.02280140920586773 0 0.02280140920586773 1.157758409864335
1.157758409864334 -0.03682692400179339 0 0.03682692400179339 1.157758409864334
1.157758409864335 -0.05295626878124064 0 0.05295626878124064 1.157758409864335
1.157758409864335 -0.07150501493205967 0 0.07150501493205967 1.157758409864335
1.157758409864334 -0.09283607307595167 0 0.09283607307595167 1.157758409864334
1.157758409864335 -0.1173667901976314 0 0.1173667901976314 1.157758409864335
1.157758409864335 -0.145577113750551 0 0.145577113750551 1.157758409864335
1.157758409864335 -0.1780189866059468 0 0.1780189866059468 1.157758409864335
1.157758409864335 -0.2153271374679268 0 0.2153271374679268 1.157758409864335
1.157758409864335 -0.258231510798401 0 0.258231510798401 1.157758409864335
1.157758409864335 -0.3075715410916322 0 0.3075715410916322 1.157758409864335
1.157758409864334 -0.3643125782992794 0 0.3643125782992794 1.157758409864334
1.157758409864335 -0.4295647692010885 0 0.4295647692010885 1.157758409864335
1.157758409864335 -0.5046047929113492 0 0.5046047929113492 1.157758409864335
1.157758409864334 -0.5909008216826922 0 0.5909008216826922 1.157758409864334
1.157758409864335 -0.6901412498245957 0 0.6901412498245957 1.157758409864335
1.157758409864335 -0.8042677441178772 0 0.8042677441178772 1.157758409864335
1.157758409864334 -0.9355132130495339 0 0.9355132130495339 1.157758409864334
1.157758409864334 -1.086445506436939 0 1.086445506436939 1.157758409864334
1.157758409864335 -1.260017643287147 0 1.260017643287147 1.157758409864335
1.157758409864334 -1.459625602034227 0 1.459625602034227 1.157758409864334
1.157758409864335 -1.689174754414443 0 1.689174754414443 1.157758409864335
1.157758409864334 -1.953156277765152 0 1.953156277765152 1.157758409864334
1.157758409864334 -2.25673503129446 0 2.25673503129446 1.157758409864334
1.157758409864335 -2.605850602708735 0 2.605850602708735 1.157758409864335
1.157758409864335 -3.00733351012119 0 3.00733351012119 1.157758409864335
1.157758409864335 -3.469038851573069 0 3.469038851573069 1.157758409864335
1.182047387813799 -0.01060530838403634 0 0.01060530838403634 1.182047387813799
1.182047387813799 -0.02280140920586773 0 0.02280140920586773 1.182047387813799
1.182047387813799 -0.0368269240017934 0 0.0368269240017934 1.182047387813799
1.182047387813799 -0.05295626878124064 0 0.05295626878124064 1.182047387813799
1.182047387813799 -0.07150501493205969 0 0.07150501493205969 1.182047387813799
1.182047387813799 -0.09283607307595167 0 0.09283607307595167 1.182047387813799
1.182047387813799 -0.1173667901976314 0 0.1173667901976314 1.182047387813799
1.182047387813799 -0.145577113750551 0 0.145577113750551 1.182047387813799
1.182047387813799 -0.1780189866059468 0 0.1780189866059468 1.182047387813799
1.182047387813799 -0.2153271374679268 0 0.2153271374679268 1.182047387813799
1.182047387813799 -0.258231510798401 0 0.258231510798401 1.182047387813799
1.182047387813799 -0.3075715410916322 0 0.3075715410916322 1.182047387813799
1.182047387813799 -0.3643125782992794 0 0.3643125782992794 1.182047387813799
1.182047387813799 -0.4295647692010885 0 0.4295647692010885 1.182047387813799
1.182047387813799 -0.5046047929113492 0 0.5046047929113492 1.182047387813799
1.182047387813799 -0.5909008216826922 0 0.5909008216826922 1.182047387813799
1.182047387813799 -0.6901412498245959 0 0.6901412498245959 1.182047387813799
1.182047387813799 -0.804267744117877 0 0.804267744117877 1.182047387813799
1.1820473878138 -0.9355132130495339 0 0.9355132130495339 1.1820473878138
1.1820473878138 -1.086445506436939 0 1.086445506436939 1.1820473878138
1.182047387813799 -1.260017643287147 0 1.260017643287147 1.182047387813799
1.182047387813799 -1.459625602034228 0 1.459625602034228 1.182047387813799
1.182047387813799 -1.689174754414443 0 1.689174754414443 1.182047387813799
1.182047387813799 -1.953156277765152 0 1.953156277765152 1.182047387813799
1.182047387813799 -2.25673503129446 0 2.25673503129446 1.182047387813799
1.182047387813799 -2.605850602708735 0 2.605850602708735 1.182047387813799
1.182047387813799 -3.00733351012119 0 3.00733351012119 1.182047387813799
1.182047387813799 -3.46903885157307 0 3.46903885157307 1.182047387813799
1.208765260845062 -0.01060530838403634 0 0.01060530838403634 1.208765260845062
1.208765260845062 -0.02280140920586773 0 0.02280140920586773 1.208765260845062
1.208765260845061 -0.03682692400179339 0 0.03682692400179339 1.208765260845061
1.208765260845062 -0.05295626878124064 0 0.05295626878124064 1.208765260845062
1.208765260845062 -0.07150501493205969 0 0.07150501493205969 1.208765260845062
1.208765260845062 -0.09283607307595167 0 0.09283607307595167 1.208765260845062
1.208765260845062 -0.1173667901976314 0 0.1173667901976314 1.208765260845062
1.208765260845061 -0.145577113750551 0 0.145577113750551 1.208765260845061
1.208765260845062 -0.1780189866059468 0 0.1780189866059468 1.208765260845062
1.208765260845062 -0.2153271374679268 0 0.2153271374679268 1.208765260845062
1.208765260845061 -0.258231510798401 0 0.258231510798401 1.208765260845061
1.208765260845062 -0.3075715410916322 0 0.3075715410916322 1.208765260845062
1.208765260845061 -0.3643125782992794 0 0.3643125782992794 1.208765260845061
1.208765260845062 -0.4295647692010885 0 0.4295647692010885 1.208765260845062
1.208765260845062 -0.5046047929113492 0 0.5046047929113492 1.208765260845062
1.208765260845062 -0.5909008216826923 0 0.5909008216826923 1.208765260845062
1.208765260845062 -0.6901412498245958 0 0.6901412498245958 1.208765260845062
1.208765260845061 -0.804267744117877 0 0.804267744117877 1.208765260845061
1.208765260845062 -0.9355132130495339 0 0.9355132130495339 1.208765260845062
1.208765260845062 -1.086445506436939 0 1.086445506436939 1.208765260845062
1.208765260845062 -1.260017643287147 0 1.260017643287147 1.208765260845062
1.208765260845062 -1.459625602034227 0 1.459625602034227 1.208765260845062
1.208765260845062 -1.689174754414443 0 1.689174754414443 1.208765260845062
1.208765260845062 -1.953156277765151 0 1.953156277765151 1.208765260845062
1.208765260845062 -2.25673503129446 0 2.25673503129446 1.208765260845062
1.208765260845062 -2.605850602708735 0 2.605850602708735 1.208765260845062
1.208765260845062 -3.00733351012119 0 3.00733351012119 1.208765260845062
1.208765260845062 -3.469038851573069 0 3.469038851573069 1.208765260845062
1.238154921515817 -0.01060530838403634 0 0.01060530838403634 1.238154921515817
1.238154921515818 -0.02280140920586773 0 0.02280140920586773 1.238154921515818
1.238154921515817 -0.0368269240017934 0 0.0368269240017934 1.238154921515817
1.238154921515817 -0.05295626878124065 0 0.05295626878124065 1.238154921515817
1.238154921515817 -0.07150501493205969 0 0.07150501493205969 1.238154921515817
1.238154921515817 -0.09283607307595167 0 0.09283607307595167 1.238154921515817
1.238154921515817 -0.1173667901976314 0 0.1173667901976314 1.238154921515817
1.238154921515817 -0.145577113750551 0 0.145577113750551 1.238154921515817
1.238154921515817 -0.1780189866059468 0 0.1780189866059468 1.238154921515817
1.238154921515817 -0.2153271374679268 0 0.2153271374679268 1.238154921515817
1.238154921515817 -0.258231510798401 0 0.258231510798401 1.238154921515817
1.238154921515818 -0.3075715410916322 0 0.3075715410916322 1.238154921515818
1.238154921515817 -0.3643125782992794 0 0.3643125782992794 1.238154921515817
1.238154921515817 -0.4295647692010885 0 0.4295647692010885 1.238154921515817
1.238154921515818 -0.5046047929113492 0 0.5046047929113492 1.238154921515818
1.238154921515817 -0.5909008216826922 0 0.5909008216826922 1.238154921515817
1.238154921515817 -0.6901412498245958 0 0.6901412498245958 1.238154921515817
1.238154921515817 -0.804267744117877 0 0.804267744117877 1.238154921515817
1.238154921515817 -0.9355132130495339 0 0.9355132130495339 1.238154921515817
1.238154921515817 -1.086445506436939 0 1.086445506436939 1.238154921515817
1.238154921515817 -1.260017643287147 0 1.260017643287147 1.238154921515817
1.238154921515817 -1.459625602034227 0 1.459625602034227 1.238154921515817
1.238154921515817 -1.689174754414443 0 1.689174754414443 1.238154921515817
1.238154921515817 -1.953156277765152 0 1.953156277765152 1.238154921515817
1.238154921515817 -2.25673503129446 0 2.25673503129446 1.238154921515817
1.238154921515817 -2.605850602708735 0 2.605850602708735 1.238154921515817
1.238154921515817 -3.00733351012119 0 3.00733351012119 1.238154921515817
1.238154921515817 -3.469038851573069 0 3.469038851573069 1.238154921515817
1.270483547537996 -0.01060530838403634 0 0.01060530838403634 1.270483547537996
1.270483547537996 -0.02280140920586773 0 0.02280140920586773 1.270483547537996
1.270483547537996 -0.0368269240017934 0 0.0368269240017934 1.270483547537996
1.270483547537995 -0.05295626878124064 0 0.05295626878124064 1.270483547537995
1.270483547537996 -0.07150501493205969 0 0.07150501493205969 1.270483547537996
1.270483547537996 -0.09283607307595167 0 0.09283607307595167 1.270483547537996
1.270483547537996 -0.1173667901976314 0 0.1173667901976314 1.270483547537996
1.270483547537996 -0.145577113750551 0 0.145577113750551 1.270483547537996
1.270483547537996 -0.1780189866059468 0 0.1780189866059468 1.270483547537996
1.270483547537996 -0.2153271374679268 0 0.2153271374679268 1.270483547537996
1.270483547537996 -0.258231510798401 0 0.258231510798401 1.270483547537996
1.270483547537996 -0.3075715410916322 0 0.3075715410916322 1.270483547537996
1.270483547537996 -0.3643125782992794 0 0.3643125782992794 1.270483547537996
1.270483547537996 -0.4295647692010885 0 0.4295647692010885 1.270483547537996
1.270483547537996 -0.5046047929113492 0 0.5046047929113492 1.270483547537996
1.270483547537995 -0.5909008216826922 0 0.5909008216826922 1.270483547537995
1.270483547537996 -0.6901412498245958 0 0.6901412498245958 1.270483547537996
1.270483547537996 -0.804267744117877 0 0.804267744117877 1.270483547537996
1.270483547537996 -0.9355132130495339 0 0.9355132130495339 1.270483547537996
1.270483547537996 -1.086445506436939 0 1.086445506436939 1.270483547537996
1.270483547537996 -1.260017643287147 0 1.260017643287147 1.270483547537996
1.270483547537996 -1.459625602034227 0 1.459625602034227 1.270483547537996
1.270483547537996 -1.689174754414443 0 1.689174754414443 1.270483547537996
1.270483547537996 -1.953156277765152 0 1.953156277765152 1.270483547537996
1.270483547537996 -2.25673503129446 0 2.25673503129446 1.270483547537996
1.270483547537996 -2.605850602708735 0 2.605850602708735 1.270483547537996
1.270483547537996 -3.00733351012119 0 3.00733351012119 1.270483547537996
1.270483547537996 -3.469038851573069 0 3.469038851573069 1.270483547537996
1.306045039627058 -0.01060530838403634 0 0.01060530838403634 1.306045039627058
1.306045039627058 -0.02280140920586772 0 0.02280140920586772 1.306045039627058
1.306045039627058 -0.0368269240017934 0 0.0368269240017934 1.306045039627058
1.306045039627058 -0.05295626878124064 0 0.05295626878124064 1.306045039627058
1.306045039627058 -0.07150501493205967 0 0.07150501493205967 1.306045039627058
1.306045039627058 -0.09283607307595167 0 0.09283607307595167 1.306045039627058
1.306045039627059 -0.1173667901976314 0 0.1173667901976314 1.306045039627059
1.306045039627059 -0.145577113750551 0 0.145577113750551 1.306045039627059
1.306045039627058 -0.1780189866059468 0 0.1780189866059468 1.306045039627058
1.306045039627058 -0.2153271374679268 0 0.2153271374679268 1.306045039627058
1.306045039627058 -0.258231510798401 0 0.258231510798401 1.306045039627058
1.306045039627058 -0.3075715410916322 0 0.3075715410916322 1.306045039627058
1.306045039627058 -0.3643125782992794 0 0.3643125782992794 1.306045039627058
1.306045039627058 -0.4295647692010885 0 0.4295647692010885 1.306045039627058
1.306045039627058 -0.5046047929113492 0 0.5046047929113492 1.306045039627058
1.306045039627058 -0.5909008216826922 0 0.5909008216826922 1.306045039627058
1.306045039627058 -0.6901412498245958 0 0.6901412498245958 1.306045039627058
1.306045039627058 -0.804267744117877 0 0.804267744117877 1.306045039627058
1.306045039627058 -0.9355132130495339 0 0.9355132130495339 1.306045039627058
1.306045039627058 -1.086445506436939 0 1.086445506436939 1.306045039627058
1.306045039627059 -1.260017643287147 0 1.260017643287147 1.306045039627059
1.306045039627058 -1.459625602034227 0 1.459625602034227 1.306045039627058
1.306045039627058 -1.689174754414443 0 1.689174754414443 1.306045039627058
1.306045039627058 -1.953156277765152 0 1.953156277765152 1.306045039627058
1.306045039627058 -2.25673503129446 0 2.25673503129446 1.306045039627058
1.306045039627058 -2.605850602708735 0 2.605850602708735 1.306045039627058
1.306045039627058 -3.00733351012119 0 3.00733351012119 1.306045039627058
1.306045039627058 -3.469038851573069 0 3.469038851573069 1.306045039627058
1.345162677771624 -0.01060530838403634 0 0.01060530838403634 1.345162677771624
1.345162677771624 -0.02280140920586773 0 0.02280140920586773 1.345162677771624
1.345162677771624 -0.0368269240017934 0 0.0368269240017934 1.345162677771624
1.345162677771624 -0.05295626878124064 0 0.05295626878124064 1.345162677771624
1.345162677771624 -0.07150501493205969 0 0.07150501493205969 1.345162677771624
1.345162677771624 -0.09283607307595167 0 0.09283607307595167 1.345162677771624
1.345162677771624 -0.1173667901976314 0 0.1173667901976314 1.345162677771624
1.345162677771623 -0.145577113750551 0 0.145577113750551 1.345162677771623
1.345162677771624 -0.1780189866059468 0 0.1780189866059468 1.345162677771624
1.345162677771624 -0.2153271374679268 0 0.2153271374679268 1.345162677771624
1.345162677771624 -0.258231510798401 0 0.258231510798401 1.345162677771624
1.345162677771624 -0.3075715410916322 0 0.3075715410916322 1.345162677771624
1.345162677771623 -0.3643125782992794 0 0.3643125782992794 1.345162677771623
1.345162677771623 -0.4295647692010885 0 0.4295647692010885 1.345162677771623
1.345162677771623 -0.5046047929113492 0 0.5046047929113492 1.345162677771623
1.345162677771624 -0.5909008216826922 0 0.5909008216826922 1.345162677771624
1.345162677771624 -0.6901412498245958 0 0.6901412498245958 1.345162677771624
1.345162677771624 -0.804267744117877 0 0.804267744117877 1.345162677771624
1.345162677771624 -0.9355132130495341 0 0.9355132130495341 1.345162677771624
1.345162677771624 -1.086445506436939 0 1.086445506436939 1.345162677771624
1.345162677771624 -1.260017643287147 0 1.260017643287147 1.345162677771624
1.345162677771624 -1.459625602034227 0 1.459625602034227 1.345162677771624
1.345162677771624 -1.689174754414443 0 1.689174754414443 1.345162677771624
1.345162677771624 -1.953156277765152 0 1.953156277765152 1.345162677771624
1.345162677771624 -2.25673503129446 0 2.25673503129446 1.345162677771624
1.345162677771624 -2.605850602708735 0 2.605850602708735 1.345162677771624
1.345162677771624 -3.00733351012119 0 3.00733351012119 1.345162677771624
1.345162677771624 -3.469038851573069 0 3.469038851573069 1.345162677771624
1.388192078726251 -0.01060530838403634 0 0.01060530838403634 1.388192078726251
1.388192078726252 -0.02280140920586773 0 0.02280140920586773 1.388192078726252
1.388192078726251 -0.0368269240017934 0 0.0368269240017934 1.388192078726251
1.388192078726251 -0.05295626878124064 0 0.05295626878124064 1.388192078726251
1.388192078726252 -0.07150501493205969 0 0.07150501493205969 1.388192078726252
1.388192078726251 -0.09283607307595167 0 0.09283607307595167 1.388192078726251
1.388192078726251 -0.1173667901976314 0 0.1173667901976314 1.388192078726251
1.388192078726252 -0.145577113750551 0 0.145577113750551 1.388192078726252
1.388192078726251 -0.1780189866059468 0 0.1780189866059468 1.388192078726251
1.388192078726251 -0.2153271374679268 0 0.2153271374679268 1.388192078726251
1.388192078726251 -0.258231510798401 0 0.258231510798401 1.388192078726251
1.388192078726251 -0.3075715410916322 0 0.3075715410916322 1.388192078726251
1.388192078726251 -0.3643125782992794 0 0.3643125782992794 1.388192078726251
1.388192078726251 -0.4295647692010885 0 0.4295647692010885 1.388192078726251
1.388192078726251 -0.5046047929113492 0 0.5046047929113492 1.388192078726251
1.388192078726252 -0.5909008216826923 0 0.5909008216826923 1.388192078726252
1.388192078726251 -0.6901412498245958 0 0.6901412498245958 1.388192078726251
1.388192078726251 -0.804267744117877 0 0.804267744117877 1.388192078726251
1.388192078726251 -0.9355132130495341 0 0.9355132130495341 1.388192078726251
1.388192078726251 -1.086445506436939 0 1.086445506436939 1.388192078726251
1.388192078726251 -1.260017643287147 0 1.260017643287147 1.388192078726251
1.388192078726251 -1.459625602034227 0 1.459625602034227 1.388192078726251
1.388192078726251 -1.689174754414443 0 1.689174754414443 1.388192078726251
1.388192078726251 -1.953156277765152 0 1.953156277765152 1.388192078726251
1.388192078726251 -2.25673503129446 0 2.25673503129446 1.388192078726251
1.388192078726251 -2.605850602708735 0 2.605850602708735 1.388192078726251
1.388192078726251 -3.007333510121191 0 3.007333510121191 1.388192078726251
1.388192078726251 -3.469038851573069 0 3.469038851573069 1.388192078726251
1.435524419750019 -0.01060530838403634 0 0.01060530838403634 1.435524419750019
1.435524419750019 -0.02280140920586773 0 0.02280140920586773 1.435524419750019
1.435524419750019 -0.03682692400179339 0 0.03682692400179339 1.435524419750019
1.435524419750019 -0.05295626878124064 0 0.05295626878124064 1.435524419750019
1.435524419750019 -0.07150501493205969 0 0.07150501493205969 1.435524419750019
1.435524419750019 -0.09283607307595167 0 0.09283607307595167 1.435524419750019
1.435524419750019 -0.1173667901976314 0 0.1173667901976314 1.435524419750019
1.435524419750019 -0.145577113750551 0 0.145577113750551 1.435524419750019
1.435524419750019 -0.1780189866059468 0 0.1780189866059468 1.435524419750019
1.435524419750019 -0.2153271374679268 0 0.2153271374679268 1.435524419750019
1.435524419750019 -0.258231510798401 0 0.258231510798401 1.435524419750019
1.435524419750019 -0.3075715410916322 0 0.3075715410916322 1.435524419750019
1.435524419750018 -0.3643125782992794 0 0.3643125782992794 1.435524419750018
1.435524419750019 -0.4295647692010885 0 0.4295647692010885 1.435524419750019
1.435524419750019 -0.5046047929113492 0 0.5046047929113492 1.435524419750019
1.435524419750019 -0.5909008216826922 0 0.5909008216826922 1.435524419750019
1.435524419750019 -0.6901412498245957 0 0.6901412498245957 1.435524419750019
1.435524419750019 -0.804267744117877 0 0.804267744117877 1.435524419750019
1.435524419750019 -0.9355132130495339 0 0.9355132130495339 1.435524419750019
1.435524419750019 -1.086445506436939 0 1.086445506436939 1.435524419750019
1.435524419750019 -1.260017643287147 0 1.260017643287147 1.435524419750019
1.435524419750019 -1.459625602034227 0 1.459625602034227 1.435524419750019
1.435524419750019 -1.689174754414443 0 1.689174754414443 1.435524419750019
1.435524419750019 -1.953156277765152 0 1.953156277765152 1.435524419750019
1.435524419750019 -2.25673503129446 0 2.25673503129446 1.435524419750019
1.435524419750019 -2.605850602708735 0 2.605850602708735 1.435524419750019
1.435524419750019 -3.00733351012119 0 3.00733351012119 1.435524419750019
1.435524419750019 -3.469038851573069 0 3.469038851573069 1.435524419750019
1.487589991654102 -0.01060530838403634 0 0.01060530838403634 1.487589991654102
1.487589991654102 -0.02280140920586773 0 0.02280140920586773 1.487589991654102
1.487589991654102 -0.0368269240017934 0 0.0368269240017934 1.487589991654102
1.487589991654102 -0.05295626878124064 0 0.05295626878124064 1.487589991654102
1.487589991654102 -0.07150501493205969 0 0.07150501493205969 1.487589991654102
1.487589991654102 -0.09283607307595167 0 0.09283607307595167 1.487589991654102
1.487589991654102 -0.1173667901976314 0 0.1173667901976314 1.487589991654102
1.487589991654101 -0.145577113750551 0 0.145577113750551 1.487589991654101
1.487589991654102 -0.1780189866059468 0 0.1780189866059468 1.487589991654102
1.487589991654102 -0.2153271374679268 0 0.2153271374679268 1.487589991654102
1.487589991654102 -0.258231510798401 0 0.258231510798401 1.487589991654102
1.487589991654102 -0.3075715410916322 0 0.3075715410916322 1.487589991654102
1.487589991654102 -0.3643125782992794 0 0.3643125782992794 1.487589991654102
1.487589991654102 -0.4295647692010885 0 0.4295647692010885 1.487589991654102
1.487589991654102 -0.5046047929113492 0 0.5046047929113492 1.487589991654102
1.487589991654102 -0.5909008216826922 0 0.5909008216826922 1.487589991654102
1.487589991654102 -0.6901412498245959 0 0.6901412498245959 1.487589991654102
1.487589991654102 -0.804267744117877 0 0.804267744117877 1.487589991654102
1.487589991654102 -0.9355132130495339 0 0.9355132130495339 1.487589991654102
1.487589991654102 -1.086445506436939 0 1.086445506436939 1.487589991654102
1.487589991654102 -1.260017643287147 0 1.260017643287147 1.487589991654102
1.487589991654102 -1.459625602034227 0 1.459625602034227 1.487589991654102
1.487589991654102 -1.689174754414443 0 1.689174754414443 1.487589991654102
1.487589991654102 -1.953156277765152 0 1.953156277765152 1.487589991654102
1.487589991654102 -2.25673503129446 0 2.25673503129446 1.487589991654102
1.487589991654102 -2.605850602708735 0 2.605850602708735 1.487589991654102
1.487589991654102 -3.00733351012119 0 3.00733351012119 1.487589991654102
1.487589991654102 -3.469038851573069 0 3.469038851573069 1.487589991654102
1.544862120780603 -0.01060530838403634 0 0.01060530838403634 1.544862120780603
1.544862120780603 -0.02280140920586773 0 0.02280140920586773 1.544862120780603
1.544862120780603 -0.0368269240017934 0 0.0368269240017934 1.544862120780603
1.544862120780603 -0.05295626878124065 0 0.05295626878124065 1.544862120780603
1.544862120780603 -0.0715050149320597 0 0.0715050149320597 1.544862120780603
1.544862120780603 -0.09283607307595165 0 0.09283607307595165 1.544862120780603
1.544862120780604 -0.1173667901976314 0 0.1173667901976314 1.544862120780604
1.544862120780603 -0.145577113750551 0 0.145577113750551 1.544862120780603
1.544862120780603 -0.1780189866059468 0 0.1780189866059468 1.544862120780603
1.544862120780603 -0.2153271374679268 0 0.2153271374679268 1.544862120780603
1.544862120780603 -0.258231510798401 0 0.258231510798401 1.544862120780603
1.544862120780603 -0.3075715410916322 0 0.3075715410916322 1.544862120780603
1.544862120780603 -0.3643125782992794 0 0.3643125782992794 1.544862120780603
1.544862120780603 -0.4295647692010885 0 0.4295647692010885 1.544862120780603
1.544862120780603 -0.5046047929113492 0 0.5046047929113492 1.544862120780603
1.544862120780603 -0.5909008216826922 0 0.5909008216826922 1.544862120780603
1.544862120780603 -0.6901412498245958 0 0.6901412498245958 1.544862120780603
1.544862120780603 -0.804267744117877 0 0.804267744117877 1.544862120780603
1.544862120780603 -0.9355132130495338 0 0.9355132130495338 1.544862120780603
1.544862120780603 -1.086445506436939 0 1.086445506436939 1.544862120780603
1.544862120780603 -1.260017643287147 0 1.260017643287147 1.544862120780603
1.544862120780603 -1.459625602034227 0 1.459625602034227 1.544862120780603
1.544862120780603 -1.689174754414443 0 1.689174754414443 1.544862120780603
1.544862120780603 -1.953156277765152 0 1.953156277765152 1.544862120780603
1.544862120780603 -2.25673503129446 0 2.25673503129446 1.544862120780603
1.544862120780603 -2.605850602708735 0 2.605850602708735 1.544862120780603
1.544862120780603 -3.00733351012119 0 3.00733351012119 1.544862120780603
1.544862120780603 -3.46903885157307 0 3.46903885157307 1.544862120780603
1.607861463429837 -0.01060530838403634 0 0.01060530838403634 1.607861463429837
1.607861463429836 -0.02280140920586773 0 0.02280140920586773 1.607861463429836
1.607861463429837 -0.0368269240017934 0 0.0368269240017934 1.607861463429837
1.607861463429836 -0.05295626878124064 0 0.05295626878124064 1.607861463429836
1.607861463429836 -0.07150501493205969 0 0.07150501493205969 1.607861463429836
1.607861463429836 -0.09283607307595167 0 0.09283607307595167 1.607861463429836
1.607861463429836 -0.1173667901976314 0 0.1173667901976314 1.607861463429836
1.607861463429836 -0.145577113750551 0 0.145577113750551 1.607861463429836
1.607861463429836 -0.1780189866059468 0 0.1780189866059468 1.607861463429836
1.607861463429837 -0.2153271374679268 0 0.2153271374679268 1.607861463429837
1.607861463429836 -0.258231510798401 0 0.258231510798401 1.607861463429836
1.607861463429836 -0.3075715410916322 0 0.3075715410916322 1.607861463429836
1.607861463429836 -0.3643125782992794 0 0.3643125782992794 1.607861463429836
1.607861463429836 -0.4295647692010885 0 0.4295647692010885 1.607861463429836
1.607861463429837 -0.5046047929113492 0 0.5046047929113492 1.607861463429837
1.607861463429836 -0.5909008216826922 0 0.5909008216826922 1.607861463429836
1.607861463429837 -0.6901412498245958 0 0.6901412498245958 1.607861463429837
1.607861463429836 -0.804267744117877 0 0.804267744117877 1.607861463429836
1.607861463429836 -0.9355132130495339 0 0.9355132130495339 1.607861463429836
1.607861463429836 -1.086445506436939 0 1.086445506436939 1.607861463429836
1.607861463429837 -1.260017643287147 0 1.260017643287147 1.607861463429837
1.607861463429836 -1.459625602034227 0 1.459625602034227 1.607861463429836
1.607861463429836 -1.689174754414443 0 1.689174754414443 1.607861463429836
1.607861463429836 -1.953156277765152 0 1.953156277765152 1.607861463429836
1.607861463429836 -2.25673503129446 0 2.25673503129446 1.607861463429836
1.607861463429836 -2.605850602708735 0 2.605850602708735 1.607861463429836
1.607861463429836 -3.00733351012119 0 3.00733351012119 1.607861463429836
1.607861463429836 -3.469038851573069 0 3.469038851573069 1.607861463429836
1.677160740504133 -0.01060530838403634 0 0.01060530838403634 1.677160740504133
1.677160740504133 -0.02280140920586773 0 0.02280140920586773 1.677160740504133
1.677160740504133 -0.0368269240017934 0 0.0368269240017934 1.677160740504133
1.677160740504133 -0.05295626878124064 0 0.05295626878124064 1.677160740504133
1.677160740504133 -0.07150501493205969 0 0.07150501493205969 1.677160740504133
1.677160740504132 -0.09283607307595167 0 0.09283607307595167 1.677160740504132
1.677160740504133 -0.1173667901976314 0 0.1173667901976314 1.677160740504133
1.677160740504133 -0.145577113750551 0 0.145577113750551 1.677160740504133
1.677160740504133 -0.1780189866059468 0 0.1780189866059468 1.677160740504133
1.677160740504133 -0.2153271374679268 0 0.2153271374679268 1.677160740504133
1.677160740504133 -0.258231510798401 0 0.258231510798401 1.677160740504133
1.677160740504133 -0.3075715410916322 0 0.3075715410916322 1.677160740504133
1.677160740504132 -0.3643125782992794 0 0.3643125782992794 1.677160740504132
1.677160740504132 -0.4295647692010885 0 0.4295647692010885 1.677160740504132
1.677160740504133 -0.5046047929113492 0 0.5046047929113492 1.677160740504133
1.677160740504133 -0.5909008216826923 0 0.5909008216826923 1.677160740504133
1.677160740504133 -0.6901412498245958 0 0.6901412498245958 1.677160740504133
1.677160740504133 -0.8042677441178772 0 0.8042677441178772 1.677160740504133
1.677160740504133 -0.9355132130495339 0 0.9355132130495339 1.677160740504133
1.677160740504133 -1.086445506436939 0 1.086445506436939 1.677160740504133
1.677160740504133 -1.260017643287147 0 1.260017643287147 1.677160740504133
1.677160740504133 -1.459625602034227 0 1.459625602034227 1.677160740504133
1.677160740504133 -1.689174754414443 0 1.689174754414443 1.677160740504133
1.677160740504133 -1.953156277765152 0 1.953156277765152 1.677160740504133
1.677160740504133 -2.25673503129446 0 2.25673503129446 1.677160740504133
1.677160740504133 -2.605850602708735 0 2.605850602708735 1.677160740504133
1.677160740504133 -3.007333510121191 0 3.007333510121191 1.677160740504133
1.677160740504133 -3.469038851573069 0 3.469038851573069 1.677160740504133
1.753389945270369 -0.01060530838403634 0 0.01060530838403634 1.753389945270369
1.753389945270369 -0.02280140920586773 0 0.02280140920586773 1.753389945270369
1.753389945270369 -0.0368269240017934 0 0.0368269240017934 1.753389945270369
1.753389945270369 -0.05295626878124065 0 0.05295626878124065 1.753389945270369
1.753389945270369 -0.07150501493205969 0 0.07150501493205969 1.753389945270369
1.753389945270369 -0.09283607307595167 0 0.09283607307595167 1.753389945270369
1.753389945270369 -0.1173667901976314 0 0.1173667901976314 1.753389945270369
1.753389945270369 -0.145577113750551 0 0.145577113750551 1.753389945270369
1.753389945270369 -0.1780189866059468 0 0.1780189866059468 1.753389945270369
1.753389945270369 -0.2153271374679268 0 0.2153271374679268 1.753389945270369
1.753389945270368 -0.258231510798401 0 0.258231510798401 1.753389945270368
1.753389945270369 -0.3075715410916322 0 0.3075715410916322 1.753389945270369
1.753389945270368 -0.3643125782992794 0 0.3643125782992794 1.753389945270368
1.753389945270369 -0.4295647692010885 0 0.4295647692010885 1.753389945270369
1.753389945270369 -0.5046047929113492 0 0.5046047929113492 1.753389945270369
1.753389945270369 -0.5909008216826922 0 0.5909008216826922 1.753389945270369
1.753389945270368 -0.6901412498245958 0 0.6901412498245958 1.753389945270368
1.753389945270369 -0.8042677441178769 0 0.8042677441178769 1.753389945270369
1.753389945270368 -0.9355132130495339 0 0.9355132130495339 1.753389945270368
1.753389945270369 -1.086445506436939 0 1.086445506436939 1.753389945270369
1.753389945270369 -1.260017643287147 0 1.260017643287147 1.753389945270369
1.753389945270369 -1.459625602034227 0 1.459625602034227 1.753389945270369
1.753389945270369 -1.689174754414443 0 1.689174754414443 1.753389945270369
1.753389945270369 -1.953156277765152 0 1.953156277765152 1.753389945270369
1.753389945270369 -2.25673503129446 0 2.25673503129446 1.753389945270369
1.753389945270369 -2.605850602708735 0 2.605850602708735 1.753389945270369
1.753389945270369 -3.00733351012119 0 3.00733351012119 1.753389945270369
1.753389945270369 -3.469038851573069 0 3.469038851573069 1.753389945270369
1.837242070049153 -0.01060530838403634 0 0.01060530838403634 1.837242070049153
1.837242070049154 -0.02280140920586773 0 0.02280140920586773 1.837242070049154
1.837242070049153 -0.0368269240017934 0 0.0368269240017934 1.837242070049153
1.837242070049153 -0.05295626878124064 0 0.05295626878124064 1.837242070049153
1.837242070049154 -0.07150501493205969 0 0.07150501493205969 1.837242070049154
1.837242070049153 -0.09283607307595165 0 0.09283607307595165 1.837242070049153
1.837242070049153 -0.1173667901976314 0 0.1173667901976314 1.837242070049153
1.837242070049153 -0.145577113750551 0 0.145577113750551 1.837242070049153
1.837242070049153 -0.1780189866059468 0 0.1780189866059468 1.837242070049153
1.837242070049153 -0.2153271374679268 0 0.2153271374679268 1.837242070049153
1.837242070049154 -0.258231510798401 0 0.258231510798401 1.837242070049154
1.837242070049153 -0.3075715410916322 0 0.3075715410916322 1.837242070049153
1.837242070049153 -0.3643125782992794 0 0.3643125782992794 1.837242070049153
1.837242070049153 -0.4295647692010885 0 0.4295647692010885 1.837242070049153
1.837242070049153 -0.5046047929113492 0 0.5046047929113492 1.837242070049153
1.837242070049153 -0.5909008216826922 0 0.5909008216826922 1.837242070049153
1.837242070049153 -0.6901412498245958 0 0.6901412498245958 1.837242070049153
1.837242070049153 -0.804267744117877 0 0.804267744117877 1.837242070049153
1.837242070049153 -0.9355132130495339 0 0.9355132130495339 1.837242070049153
1.837242070049153 -1.086445506436939 0 1.086445506436939 1.837242070049153
1.837242070049153 -1.260017643287147 0 1.260017643287147 1.837242070049153
1.837242070049153 -1.459625602034227 0 1.459625602034227 1.837242070049153
1.837242070049153 -1.689174754414443 0 1.689174754414443 1.837242070049153
1.837242070049153 -1.953156277765152 0 1.953156277765152 1.837242070049153
1.837242070049153 -2.25673503129446 0 2.25673503129446 1.837242070049153
1.837242070049153 -2.605850602708735 0 2.605850602708735 1.837242070049153
1.837242070049153 -3.00733351012119 0 3.00733351012119 1.837242070049153
1.837242070049153 -3.469038851573069 0 3.469038851573069 1.837242070049153
1.929479408455751 -0.01060530838403634 0 0.01060530838403634 1.929479408455751
1.929479408455752 -0.02280140920586773 0 0.02280140920586773 1.929479408455752
1.929479408455751 -0.0368269240017934 0 0.0368269240017934 1.929479408455751
1.929479408455751 -0.05295626878124064 0 0.05295626878124064 1.929479408455751
1.929479408455751 -0.07150501493205969 0 0.07150501493205969 1.929479408455751
1.929479408455751 -0.09283607307595167 0 0.09283607307595167 1.929479408455751
1.929479408455751 -0.1173667901976314 0 0.1173667901976314 1.929479408455751
1.929479408455751 -0.145577113750551 0 0.145577113750551 1.929479408455751
1.929479408455751 -0.1780189866059468 0 0.1780189866059468 1.929479408455751
1.929479408455751 -0.2153271374679268 0 0.2153271374679268 1.929479408455751
1.929479408455751 -0.258231510798401 0 0.258231510798401 1.929479408455751
1.929479408455751 -0.3075715410916322 0 0.3075715410916322 1.929479408455751
1.929479408455751 -0.3643125782992794 0 0.3643125782992794 1.929479408455751
1.929479408455751 -0.4295647692010885 0 0.4295647692010885 1.929479408455751
1.929479408455751 -0.5046047929113492 0 0.5046047929113492 1.929479408455751
1.929479408455751 -0.5909008216826922 0 0.5909008216826922 1.929479408455751
1.929479408455751 -0.6901412498245958 0 0.6901412498245958 1.929479408455751
1.929479408455751 -0.8042677441178769 0 0.8042677441178769 1.929479408455751
1.929479408455751 -0.9355132130495339 0 0.9355132130495339 1.929479408455751
1.929479408455751 -1.086445506436939 0 1.086445506436939 1.929479408455751
1.929479408455752 -1.260017643287147 0 1.260017643287147 1.929479408455752
1.929479408455751 -1.459625602034227 0 1.459625602034227 1.929479408455751
1.929479408455751 -1.689174754414443 0 1.689174754414443 1.929479408455751
1.929479408455751 -1.953156277765152 0 1.953156277765152 1.929479408455751
1.929479408455751 -2.25673503129446 0 2.25673503129446 1.929479408455751
1.929479408455751 -2.605850602708735 0 2.605850602708735 1.929479408455751
1.929479408455751 -3.00733351012119 0 3.00733351012119 1.929479408455751
1.929479408455751 -3.469038851573069 0 3.469038851573069 1.929479408455751
2.030940481137631 -0.01060530838403634 0 0.01060530838403634 2.030940481137631
2.030940481137631 -0.02280140920586773 0 0.02280140920586773 2.030940481137631
2.03094048113763 -0.0368269240017934 0 0.0368269240017934 2.03094048113763
2.030940481137629 -0.05295626878124064 0 0.05295626878124064 2.030940481137629
2.03094048113763 -0.07150501493205969 0 0.07150501493205969 2.03094048113763
2.03094048113763 -0.09283607307595167 0 0.09283607307595167 2.03094048113763
2.03094048113763 -0.1173667901976314 0 0.1173667901976314 2.03094048113763
2.03094048113763 -0.145577113750551 0 0.145577113750551 2.03094048113763
2.03094048113763 -0.1780189866059468 0 0.1780189866059468 2.03094048113763
2.03094048113763 -0.2153271374679268 0 0.2153271374679268 2.03094048113763
2.030940481137631 -0.258231510798401 0 0.258231510798401 2.030940481137631
2.03094048113763 -0.3075715410916322 0 0.3075715410916322 2.03094048113763
2.03094048113763 -0.3643125782992794 0 0.3643125782992794 2.03094048113763
2.03094048113763 -0.4295647692010885 0 0.4295647692010885 2.03094048113763
2.03094048113763 -0.5046047929113492 0 0.5046047929113492 2.03094048113763
2.03094048113763 -0.5909008216826923 0 0.5909008216826923 2.03094048113763
2.03094048113763 -0.6901412498245958 0 0.6901412498245958 2.03094048113763
2.03094048113763 -0.804267744117877 0 0.804267744117877 2.03094048113763
2.03094048113763 -0.9355132130495339 0 0.9355132130495339 2.03094048113763
2.03094048113763 -1.086445506436939 0 1.086445506436939 2.03094048113763
2.03094048113763 -1.260017643287147 0 1.260017643287147 2.03094048113763
2.03094048113763 -1.459625602034227 0 1.459625602034227 2.03094048113763
2.03094048113763 -1.689174754414443 0 1.689174754414443 2.03094048113763
2.03094048113763 -1.953156277765152 0 1.953156277765152 2.03094048113763
2.03094048113763 -2.25673503129446 0 2.25673503129446 2.03094048113763
2.03094048113763 -2.605850602708735 0 2.605850602708735 2.03094048113763
2.03094048113763 -3.007333510121191 0 3.007333510121191 2.03094048113763
2.03094048113763 -3.469038851573069 0 3.469038851573069 2.03094048113763
2.142547660990938 -0.01060530838403634 0 0.01060530838403634 2.142547660990938
2.142547660990938 -0.02280140920586773 0 0.02280140920586773 2.142547660990938
2.142547660990938 -0.0368269240017934 0 0.0368269240017934 2.142547660990938
2.142547660990938 -0.05295626878124064 0 0.05295626878124064 2.142547660990938
2.142547660990938 -0.07150501493205969 0 0.07150501493205969 2.142547660990938
2.142547660990938 -0.09283607307595168 0 0.09283607307595168 2.142547660990938
2.142547660990938 -0.1173667901976314 0 0.1173667901976314 2.142547660990938
2.142547660990938 -0.145577113750551 0 0.145577113750551 2.142547660990938
2.142547660990939 -0.1780189866059468 0 0.1780189866059468 2.142547660990939
2.142547660990938 -0.2153271374679268 0 0.2153271374679268 2.142547660990938
2.142547660990938 -0.258231510798401 0 0.258231510798401 2.142547660990938
2.142547660990938 -0.3075715410916322 0 0.3075715410916322 2.142547660990938
2.142547660990938 -0.3643125782992794 0 0.3643125782992794 2.142547660990938
2.142547660990937 -0.4295647692010885 0 0.4295647692010885 2.142547660990937
2.142547660990938 -0.5046047929113492 0 0.5046047929113492 2.142547660990938
2.142547660990938 -0.5909008216826922 0 0.5909008216826922 2.142547660990938
2.142547660990938 -0.6901412498245958 0 0.6901412498245958 2.142547660990938
2.142547660990938 -0.804267744117877 0 0.804267744117877 2.142547660990938
2.142547660990938 -0.9355132130495339 0 0.9355132130495339 2.142547660990938
2.142547660990938 -1.086445506436939 0 1.086445506436939 2.142547660990938
2.142547660990938 -1.260017643287147 0 1.260017643287147 2.142547660990938
2.142547660990938 -1.459625602034227 0 1.459625602034227 2.142547660990938
2.142547660990938 -1.689174754414443 0 1.689174754414443 2.142547660990938
2.142547660990938 -1.953156277765151 0 1.953156277765151 2.142547660990938
2.142547660990938 -2.25673503129446 0 2.25673503129446 2.142547660990938
2.142547660990938 -2.605850602708734 0 2.605850602708734 2.142547660990938
2.142547660990938 -3.00733351012119 0 3.00733351012119 2.142547660990938
2.142547660990938 -3.469038851573069 0 3.469038851573069 2.142547660990938
2.265315560575326 -0.01060530838403634 0 0.01060530838403634 2.265315560575326
2.265315560575326 -0.02280140920586773 0 0.02280140920586773 2.265315560575326
2.265315560575327 -0.0368269240017934 0 0.0368269240017934 2.265315560575327
2.265315560575325 -0.05295626878124065 0 0.05295626878124065 2.265315560575325
2.265315560575326 -0.07150501493205969 0 0.07150501493205969 2.265315560575326
2.265315560575325 -0.09283607307595167 0 0.09283607307595167 2.265315560575325
2.265315560575326 -0.1173667901976314 0 0.1173667901976314 2.265315560575326
2.265315560575325 -0.145577113750551 0 0.145577113750551 2.265315560575325
2.265315560575325 -0.1780189866059468 0 0.1780189866059468 2.265315560575325
2.265315560575326 -0.2153271374679268 0 0.2153271374679268 2.265315560575326
2.265315560575326 -0.258231510798401 0 0.258231510798401 2.265315560575326
2.265315560575326 -0.3075715410916322 0 0.3075715410916322 2.265315560575326
2.265315560575326 -0.3643125782992794 0 0.3643125782992794 2.265315560575326
2.265315560575326 -0.4295647692010885 0 0.4295647692010885 2.265315560575326
2.265315560575325 -0.5046047929113492 0 0.5046047929113492 2.265315560575325
2.265315560575325 -0.5909008216826922 0 0.5909008216826922 2.265315560575325
2.265315560575326 -0.6901412498245959 0 0.6901412498245959 2.265315560575326
2.265315560575327 -0.804267744117877 0 0.804267744117877 2.265315560575327
2.265315560575326 -0.9355132130495339 0 0.9355132130495339 2.265315560575326
2.265315560575326 -1.086445506436939 0 1.086445506436939 2.265315560575326
2.265315560575326 -1.260017643287147 0 1.260017643287147 2.265315560575326
2.265315560575326 -1.459625602034228 0 1.459625602034228 2.265315560575326
2.265315560575326 -1.689174754414443 0 1.689174754414443 2.265315560575326
2.265315560575326 -1.953156277765152 0 1.953156277765152 2.265315560575326
2.265315560575326 -2.25673503129446 0 2.25673503129446 2.265315560575326
2.265315560575326 -2.605850602708735 0 2.605850602708735 2.265315560575326
2.265315560575326 -3.00733351012119 0 3.00733351012119 2.265315560575326
2.265315560575326 -3.469038851573069 0 3.469038851573069 2.265315560575326
2.400360249675578 -0.01060530838403634 0 0.01060530838403634 2.400360249675578
2.400360249675577 -0.02280140920586773 0 0.02280140920586773 2.400360249675577
2.400360249675577 -0.0368269240017934 0 0.0368269240017934 2.400360249675577
2.400360249675577 -0.05295626878124065 0 0.05295626878124065 2.400360249675577
2.400360249675577 -0.07150501493205969 0 0.07150501493205969 2.400360249675577
2.400360249675578 -0.09283607307595165 0 0.09283607307595165 2.400360249675578
2.400360249675577 -0.1173667901976314 0 0.1173667901976314 2.400360249675577
2.400360249675578 -0.145577113750551 0 0.145577113750551 2.400360249675578
2.400360249675577 -0.1780189866059468 0 0.1780189866059468 2.400360249675577
2.400360249675577 -0.2153271374679268 0 0.2153271374679268 2.400360249675577
2.400360249675577 -0.258231510798401 0 0.258231510798401 2.400360249675577
2.400360249675577 -0.3075715410916323 0 0.3075715410916323 2.400360249675577
2.400360249675578 -0.3643125782992794 0 0.3643125782992794 2.400360249675578
2.400360249675577 -0.4295647692010885 0 0.4295647692010885 2.400360249675577
2.400360249675577 -0.5046047929113492 0 0.5046047929113492 2.400360249675577
2.400360249675577 -0.5909008216826922 0 0.5909008216826922 2.400360249675577
2.400360249675577 -0.6901412498245959 0 0.6901412498245959 2.400360249675577
2.400360249675577 -0.8042677441178769 0 0.8042677441178769 2.400360249675577
2.400360249675578 -0.9355132130495338 0 0.9355132130495338 2.400360249675578
2.400360249675577 -1.086445506436939 0 1.086445506436939 2.400360249675577
2.400360249675578 -1.260017643287147 0 1.260017643287147 2.400360249675578
2.400360249675578 -1.459625602034227 0 1.459625602034227 2.400360249675578
2.400360249675577 -1.689174754414443 0 1.689174754414443 2.400360249675577
2.400360249675577 -1.953156277765152 0 1.953156277765152 2.400360249675577
2.400360249675577 -2.25673503129446 0 2.25673503129446 2.400360249675577
2.400360249675577 -2.605850602708735 0 2.605850602708735 2.400360249675577
2.400360249675577 -3.00733351012119 0 3.00733351012119 2.400360249675577
2.400360249675577 -3.469038851573069 0 3.469038851573069 2.400360249675577
2.548909407454469 -0.01060530838403634 0 0.01060530838403634 2.548909407454469
2.54890940745447 -0.02280140920586773 0 0.02280140920586773 2.54890940745447
2.54890940745447 -0.0368269240017934 0 0.0368269240017934 2.54890940745447
2.54890940745447 -0.05295626878124064 0 0.05295626878124064 2.54890940745447
2.548909407454469 -0.07150501493205969 0 0.07150501493205969 2.548909407454469
2.54890940745447 -0.09283607307595167 0 0.09283607307595167 2.54890940745447
2.54890940745447 -0.1173667901976314 0 0.1173667901976314 2.54890940745447
2.54890940745447 -0.145577113750551 0 0.145577113750551 2.54890940745447
2.54890940745447 -0.1780189866059468 0 0.1780189866059468 2.54890940745447
2.54890940745447 -0.2153271374679268 0 0.2153271374679268 2.54890940745447
2.54890940745447 -0.258231510798401 0 0.258231510798401 2.54890940745447
2.54890940745447 -0.3075715410916322 0 0.3075715410916322 2.54890940745447
2.548909407454469 -0.3643125782992794 0 0.3643125782992794 2.548909407454469
2.54890940745447 -0.4295647692010885 0 0.4295647692010885 2.54890940745447
2.54890940745447 -0.5046047929113492 0 0.5046047929113492 2.54890940745447
2.548909407454471 -0.5909008216826922 0 0.5909008216826922 2.548909407454471
2.54890940745447 -0.6901412498245958 0 0.6901412498245958 2.54890940745447
2.548909407454471 -0.8042677441178772 0 0.8042677441178772 2.548909407454471
2.54890940745447 -0.9355132130495338 0 0.9355132130495338 2.54890940745447
2.548909407454469 -1.086445506436939 0 1.086445506436939 2.548909407454469
2.548909407454469 -1.260017643287147 0 1.260017643287147 2.548909407454469
2.54890940745447 -1.459625602034227 0 1.459625602034227 2.54890940745447
2.54890940745447 -1.689174754414443 0 1.689174754414443 2.54890940745447
2.54890940745447 -1.953156277765152 0 1.953156277765152 2.54890940745447
2.54890940745447 -2.25673503129446 0 2.25673503129446 2.54890940745447
2.54890940745447 -2.605850602708735 0 2.605850602708735 2.54890940745447
2.54890940745447 -3.00733351012119 0 3.00733351012119 2.54890940745447
2.54890940745447 -3.469038851573069 0 3.469038851573069 2.54890940745447
2.712313479862658 -0.01060530838403633 0 0.01060530838403633 2.712313479862658
2.712313479862658 -0.02280140920586773 0 0.02280140920586773 2.712313479862658
2.712313479862658 -0.0368269240017934 0 0.0368269240017934 2.712313479862658
2.712313479862659 -0.05295626878124064 0 0.05295626878124064 2.712313479862659
2.712313479862659 -0.07150501493205969 0 0.07150501493205969 2.712313479862659
2.712313479862659 -0.09283607307595167 0 0.09283607307595167 2.712313479862659
2.712313479862658 -0.1173667901976314 0 0.1173667901976314 2.712313479862658
2.712313479862658 -0.145577113750551 0 0.145577113750551 2.712313479862658
2.712313479862658 -0.1780189866059468 0 0.1780189866059468 2.712313479862658
2.712313479862659 -0.2153271374679268 0 0.2153271374679268 2.712313479862659
2.712313479862658 -0.258231510798401 0 0.258231510798401 2.712313479862658
2.712313479862658 -0.3075715410916322 0 0.3075715410916322 2.712313479862658
2.712313479862659 -0.3643125782992794 0 0.3643125782992794 2.712313479862659
2.712313479862659 -0.4295647692010885 0 0.4295647692010885 2.712313479862659
2.712313479862658 -0.5046047929113492 0 0.5046047929113492 2.712313479862658
2.712313479862658 -0.5909008216826922 0 0.5909008216826922 2.712313479862658
2.712313479862658 -0.6901412498245958 0 0.6901412498245958 2.712313479862658
2.712313479862658 -0.8042677441178769 0 0.8042677441178769 2.712313479862658
2.712313479862658 -0.9355132130495339 0 0.9355132130495339 2.712313479862658
2.712313479862658 -1.086445506436939 0 1.086445506436939 2.712313479862658
2.712313479862659 -1.260017643287147 0 1.260017643287147 2.712313479862659
2.712313479862658 -1.459625602034227 0 1.459625602034227 2.712313479862658
2.712313479862658 -1.689174754414443 0 1.689174754414443 2.712313479862658
2.712313479862659 -1.953156277765152 0 1.953156277765152 2.712313479862659
2.712313479862658 -2.25673503129446 0 2.25673503129446 2.712313479862658
2.712313479862659 -2.605850602708735 0 2.605850602708735 2.712313479862659
2.712313479862659 -3.00733351012119 0 3.00733351012119 2.712313479862659
2.712313479862658 -3.469038851573069 0 3.469038851573069 2.712313479862658
2.892057959717039 -0.01060530838403634 0 0.01060530838403634 2.892057959717039
2.89205795971704 -0.02280140920586773 0 0.02280140920586773 2.89205795971704
2.892057959717039 -0.0368269240017934 0 0.0368269240017934 2.892057959717039
2.89205795971704 -0.05295626878124064 0 0.05295626878124064 2.89205795971704
2.89205795971704 -0.07150501493205969 0 0.07150501493205969 2.89205795971704
2.89205795971704 -0.09283607307595168 0 0.09283607307595168 2.89205795971704
2.892057959717039 -0.1173667901976314 0 0.1173667901976314 2.892057959717039
2.892057959717041 -0.145577113750551 0 0.145577113750551 2.892057959717041
2.892057959717039 -0.1780189866059468 0 0.1780189866059468 2.892057959717039
2.89205795971704 -0.2153271374679268 0 0.2153271374679268 2.89205795971704
2.89205795971704 -0.258231510798401 0 0.258231510798401 2.89205795971704
2.89205795971704 -0.3075715410916322 0 0.3075715410916322 2.89205795971704
2.89205795971704 -0.3643125782992794 0 0.3643125782992794 2.89205795971704
2.89205795971704 -0.4295647692010885 0 0.4295647692010885 2.89205795971704
2.892057959717041 -0.5046047929113492 0 0.5046047929113492 2.892057959717041
2.892057959717039 -0.5909008216826922 0 0.5909008216826922 2.892057959717039
2.89205795971704 -0.6901412498245958 0 0.6901412498245958 2.89205795971704
2.89205795971704 -0.804267744117877 0 0.804267744117877 2.89205795971704
2.89205795971704 -0.9355132130495339 0 0.9355132130495339 2.89205795971704
2.89205795971704 -1.086445506436939 0 1.086445506436939 2.89205795971704
2.89205795971704 -1.260017643287147 0 1.260017643287147 2.89205795971704
2.89205795971704 -1.459625602034227 0 1.459625602034227 2.89205795971704
2.892057959717041 -1.689174754414443 0 1.689174754414443 2.892057959717041
2.892057959717041 -1.953156277765152 0 1.953156277765152 2.892057959717041
2.89205795971704 -2.25673503129446 0 2.25673503129446 2.89205795971704
2.89205795971704 -2.605850602708735 0 2.605850602708735 2.89205795971704
2.89205795971704 -3.00733351012119 0 3.00733351012119 2.89205795971704
2.89205795971704 -3.469038851573069 0 3.469038851573069 2.89205795971704
3.089776888357544 -0.01060530838403634 0 0.01060530838403634 3.089776888357544
3.089776888357544 -0.02280140920586773 0 0.02280140920586773 3.089776888357544
3.089776888357543 -0.0368269240017934 0 0.0368269240017934 3.089776888357543
3.089776888357544 -0.05295626878124064 0 0.05295626878124064 3.089776888357544
3.089776888357544 -0.07150501493205969 0 0.07150501493205969 3.089776888357544
3.089776888357543 -0.09283607307595167 0 0.09283607307595167 3.089776888357543
3.089776888357544 -0.1173667901976314 0 0.1173667901976314 3.089776888357544
3.089776888357544 -0.145577113750551 0 0.145577113750551 3.089776888357544
3.089776888357544 -0.1780189866059468 0 0.1780189866059468 3.089776888357544
3.089776888357544 -0.2153271374679268 0 0.2153271374679268 3.089776888357544
3.089776888357544 -0.258231510798401 0 0.258231510798401 3.089776888357544
3.089776888357545 -0.3075715410916322 0 0.3075715410916322 3.089776888357545
3.089776888357543 -0.3643125782992794 0 0.3643125782992794 3.089776888357543
3.089776888357543 -0.4295647692010885 0 0.4295647692010885 3.089776888357543
3.089776888357544 -0.5046047929113492 0 0.5046047929113492 3.089776888357544
3.089776888357544 -0.5909008216826922 0 0.5909008216826922 3.089776888357544
3.089776888357544 -0.6901412498245958 0 0.6901412498245958 3.089776888357544
3.089776888357544 -0.804267744117877 0 0.804267744117877 3.089776888357544
3.089776888357544 -0.9355132130495339 0 0.9355132130495339 3.089776888357544
3.089776888357544 -1.086445506436939 0 1.086445506436939 3.089776888357544
3.089776888357544 -1.260017643287147 0 1.260017643287147 3.089776888357544
3.089776888357544 -1.459625602034227 0 1.459625602034227 3.089776888357544
3.089776888357544 -1.689174754414443 0 1.689174754414443 3.089776888357544
3.089776888357544 -1.953156277765152 0 1.953156277765152 3.089776888357544
3.089776888357544 -2.25673503129446 0 2.25673503129446 3.089776888357544
3.089776888357544 -2.605850602708735 0 2.605850602708735 3.089776888357544
3.089776888357544 -3.00733351012119 0 3.00733351012119 3.089776888357544
3.089776888357544 -3.469038851573069 0 3.469038851573069 3.089776888357544
3.307267711556314 -0.01060530838403633 0 0.01060530838403633 3.307267711556314
3.307267711556314 -0.02280140920586773 0 0.02280140920586773 3.307267711556314
3.307267711556313 -0.0368269240017934 0 0.0368269240017934 3.307267711556313
3.307267711556314 -0.05295626878124064 0 0.05295626878124064 3.307267711556314
3.307267711556314 -0.07150501493205969 0 0.07150501493205969 3.307267711556314
3.307267711556314 -0.09283607307595167 0 0.09283607307595167 3.307267711556314
3.307267711556313 -0.1173667901976314 0 0.1173667901976314 3.307267711556313
3.307267711556313 -0.145577113750551 0 0.145577113750551 3.307267711556313
3.307267711556314 -0.1780189866059468 0 0.1780189866059468 3.307267711556314
3.307267711556314 -0.2153271374679268 0 0.2153271374679268 3.307267711556314
3.307267711556314 -0.258231510798401 0 0.258231510798401 3.307267711556314
3.307267711556314 -0.3075715410916322 0 0.3075715410916322 3.307267711556314
3.307267711556314 -0.3643125782992794 0 0.3643125782992794 3.307267711556314
3.307267711556314 -0.4295647692010885 0 0.4295647692010885 3.307267711556314
3.307267711556313 -0.5046047929113492 0 0.5046047929113492 3.307267711556313
3.307267711556313 -0.5909008216826922 0 0.5909008216826922 3.307267711556313
3.307267711556314 -0.6901412498245958 0 0.6901412498245958 3.307267711556314
3.307267711556313 -0.804267744117877 0 0.804267744117877 3.307267711556313
3.307267711556314 -0.9355132130495338 0 0.9355132130495338 3.307267711556314
3.307267711556314 -1.086445506436939 0 1.086445506436939 3.307267711556314
3.307267711556315 -1.260017643287147 0 1.260017643287147 3.307267711556315
3.307267711556314 -1.459625602034227 0 1.459625602034227 3.307267711556314
3.307267711556313 -1.689174754414443 0 1.689174754414443 3.307267711556313
3.307267711556314 -1.953156277765152 0 1.953156277765152 3.307267711556314
3.307267711556314 -2.25673503129446 0 2.25673503129446 3.307267711556314
3.307267711556314 -2.605850602708735 0 2.605850602708735 3.307267711556314
3.307267711556314 -3.00733351012119 0 3.00733351012119 3.307267711556314
3.307267711556313 -3.469038851573069 0 3.469038851573069 3.307267711556313
3.54650761772547 -0.01060530838403634 0 0.01060530838403634 3.54650761772547
3.546507617725472 -0.02280140920586773 0 0.02280140920586773 3.546507617725472
3.54650761772547 -0.0368269240017934 0 0.0368269240017934 3.54650761772547
3.546507617725472 -0.05295626878124064 0 0.05295626878124064 3.546507617725472
3.546507617725472 -0.07150501493205969 0 0.07150501493205969 3.546507617725472
3.546507617725472 -0.09283607307595167 0 0.09283607307595167 3.546507617725472
3.546507617725471 -0.1173667901976314 0 0.1173667901976314 3.546507617725471
3.546507617725471 -0.145577113750551 0 0.145577113750551 3.546507617725471
3.546507617725471 -0.1780189866059468 0 0.1780189866059468 3.546507617725471
3.546507617725471 -0.2153271374679268 0 0.2153271374679268 3.546507617725471
3.546507617725471 -0.258231510798401 0 0.258231510798401 3.546507617725471
3.546507617725471 -0.3075715410916322 0 0.3075715410916322 3.546507617725471
3.546507617725472 -0.3643125782992794 0 0.3643125782992794 3.546507617725472
3.546507617725472 -0.4295647692010885 0 0.4295647692010885 3.546507617725472
3.546507617725472 -0.5046047929113492 0 0.5046047929113492 3.546507617725472
3.546507617725471 -0.5909008216826922 0 0.5909008216826922 3.546507617725471
3.546507617725472 -0.6901412498245958 0 0.6901412498245958 3.546507617725472
3.546507617725471 -0.804267744117877 0 0.804267744117877 3.546507617725471
3.546507617725472 -0.9355132130495339 0 0.9355132130495339 3.546507617725472
3.546507617725472 -1.086445506436939 0 1.086445506436939 3.546507617725472
3.546507617725471 -1.260017643287147 0 1.260017643287147 3.546507617725471
3.546507617725472 -1.459625602034227 0 1.459625602034227 3.546507617725472
3.546507617725472 -1.689174754414443 0 1.689174754414443 3.546507617725472
3.546507617725471 -1.953156277765152 0 1.953156277765152 3.546507617725471
3.546507617725472 -2.25673503129446 0 2.25673503129446 3.546507617725472
3.546507617725471 -2.605850602708735 0 2.605850602708735 3.546507617725471
3.546507617725472 -3.00733351012119 0 3.00733351012119 3.546507617725472
3.546507617725471 -3.469038851573069 0 3.469038851573069 3.546507617725471
3.809671516999787 -0.01060530838403634 0 0.01060530838403634 3.809671516999787
3.809671516999789 -0.02280140920586773 0 0.02280140920586773 3.809671516999789
3.809671516999787 -0.0368269240017934 0 0.0368269240017934 3.809671516999787
3.809671516999787 -0.05295626878124064 0 0.05295626878124064 3.809671516999787
3.809671516999788 -0.07150501493205969 0 0.07150501493205969 3.809671516999788
3.809671516999787 -0.09283607307595167 0 0.09283607307595167 3.809671516999787
3.809671516999787 -0.1173667901976314 0 0.1173667901976314 3.809671516999787
3.809671516999788 -0.145577113750551 0 0.145577113750551 3.809671516999788
3.809671516999787 -0.1780189866059468 0 0.1780189866059468 3.809671516999787
3.809671516999788 -0.2153271374679268 0 0.2153271374679268 3.809671516999788
3.809671516999788 -0.258231510798401 0 0.258231510798401 3.809671516999788
3.809671516999787 -0.3075715410916322 0 0.3075715410916322 3.809671516999787
3.809671516999788 -0.3643125782992794 0 0.3643125782992794 3.809671516999788
3.809671516999788 -0.4295647692010885 0 0.4295647692010885 3.809671516999788
3.809671516999787 -0.5046047929113492 0 0.5046047929113492 3.809671516999787
3.809671516999789 -0.5909008216826922 0 0.5909008216826922 3.809671516999789
3.809671516999787 -0.6901412498245958 0 0.6901412498245958 3.809671516999787
3.809671516999787 -0.8042677441178769 0 0.8042677441178769 3.809671516999787
3.809671516999787 -0.9355132130495338 0 0.9355132130495338 3.809671516999787
3.809671516999789 -1.086445506436939 0 1.086445506436939 3.809671516999789
3.809671516999787 -1.260017643287147 0 1.260017643287147 3.809671516999787
3.809671516999789 -1.459625602034227 0 1.459625602034227 3.809671516999789
3.809671516999787 -1.689174754414443 0 1.689174754414443 3.809671516999787
3.809671516999787 -1.953156277765152 0 1.953156277765152 3.809671516999787
3.809671516999788 -2.25673503129446 0 2.25673503129446 3.809671516999788
3.809671516999787 -2.605850602708735 0 2.605850602708735 3.809671516999787
3.809671516999786 -3.00733351012119 0 3.00733351012119 3.809671516999786
3.809671516999786 -3.469038851573069 0 3.469038851573069 3.809671516999786
4.099151799954334 -0.01060530838403634 0 0.01060530838403634 4.099151799954334
4.099151799954334 -0.02280140920586773 0 0.02280140920586773 4.099151799954334
4.099151799954333 -0.0368269240017934 0 0.0368269240017934 4.099151799954333
4.099151799954333 -0.05295626878124064 0 0.05295626878124064 4.099151799954333
4.099151799954334 -0.07150501493205969 0 0.07150501493205969 4.099151799954334
4.099151799954333 -0.09283607307595167 0 0.09283607307595167 4.099151799954333
4.099151799954333 -0.1173667901976314 0 0.1173667901976314 4.099151799954333
4.099151799954333 -0.145577113750551 0 0.145577113750551 4.099151799954333
4.099151799954334 -0.1780189866059468 0 0.1780189866059468 4.099151799954334
4.099151799954332 -0.2153271374679268 0 0.2153271374679268 4.099151799954332
4.099151799954334 -0.258231510798401 0 0.258231510798401 4.099151799954334
4.099151799954332 -0.3075715410916322 0 0.3075715410916322 4.099151799954332
4.099151799954333 -0.3643125782992794 0 0.3643125782992794 4.099151799954333
4.099151799954332 -0.4295647692010885 0 0.4295647692010885 4.099151799954332
4.099151799954334 -0.5046047929113492 0 0.5046047929113492 4.099151799954334
4.099151799954333 -0.5909008216826922 0 0.5909008216826922 4.099151799954333
4.099151799954333 -0.6901412498245958 0 0.6901412498245958 4.099151799954333
4.099151799954333 -0.804267744117877 0 0.804267744117877 4.099151799954333
4.099151799954333 -0.9355132130495338 0 0.9355132130495338 4.099151799954333
4.099151799954332 -1.086445506436939 0 1.086445506436939 4.099151799954332
4.099151799954333 -1.260017643287147 0 1.260017643287147 4.099151799954333
4.099151799954333 -1.459625602034227 0 1.459625602034227 4.099151799954333
4.099151799954333 -1.689174754414443 0 1.689174754414443 4.099151799954333
4.099151799954333 -1.953156277765152 0 1.953156277765152 4.099151799954333
4.099151799954333 -2.25673503129446 0 2.25673503129446 4.099151799954333
4.099151799954333 -2.605850602708735 0 2.605850602708735 4.099151799954333
4.099151799954333 -3.00733351012119 0 3.00733351012119 4.099151799954333
4.099151799954333 -3.469038851573069 0 3.469038851573069 4.099151799954333
4.417580114843078 -0.01060530838403634 0 0.01060530838403634 4.417580114843078
4.417580114843079 -0.02280140920586773 0 0.02280140920586773 4.417580114843079
4.417580114843078 -0.0368269240017934 0 0.0368269240017934 4.417580114843078
4.417580114843078 -0.05295626878124064 0 0.05295626878124064 4.417580114843078
4.417580114843078 -0.07150501493205969 0 0.07150501493205969 4.417580114843078
4.417580114843078 -0.09283607307595167 0 0.09283607307595167 4.417580114843078
4.417580114843078 -0.1173667901976314 0 0.1173667901976314 4.417580114843078
4.417580114843078 -0.145577113750551 0 0.145577113750551 4.417580114843078
4.417580114843079 -0.1780189866059468 0 0.1780189866059468 4.417580114843079
4.417580114843078 -0.2153271374679268 0 0.2153271374679268 4.417580114843078
4.41758011484308 -0.258231510798401 0 0.258231510798401 4.41758011484308
4.417580114843078 -0.3075715410916322 0 0.3075715410916322 4.417580114843078
4.417580114843078 -0.3643125782992794 0 0.3643125782992794 4.417580114843078
4.417580114843078 -0.4295647692010885 0 0.4295647692010885 4.417580114843078
4.417580114843078 -0.5046047929113492 0 0.5046047929113492 4.417580114843078
4.417580114843079 -0.5909008216826922 0 0.5909008216826922 4.417580114843079
4.417580114843078 -0.6901412498245958 0 0.6901412498245958 4.417580114843078
4.417580114843078 -0.804267744117877 0 0.804267744117877 4.417580114843078
4.417580114843078 -0.9355132130495339 0 0.9355132130495339 4.417580114843078
4.417580114843078 -1.086445506436939 0 1.086445506436939 4.417580114843078
4.417580114843079 -1.260017643287147 0 1.260017643287147 4.417580114843079
4.417580114843078 -1.459625602034227 0 1.459625602034227 4.417580114843078
4.417580114843078 -1.689174754414443 0 1.689174754414443 4.417580114843078
4.417580114843078 -1.953156277765152 0 1.953156277765152 4.417580114843078
4.417580114843078 -2.25673503129446 0 2.25673503129446 4.417580114843078
4.417580114843078 -2.605850602708735 0 2.605850602708735 4.417580114843078
4.417580114843078 -3.00733351012119 0 3.00733351012119 4.417580114843078
4.417580114843078 -3.469038851573069 0 3.469038851573069 4.417580114843078
4.767851261784525 -0.01060530838403634 0 0.01060530838403634 4.767851261784525
4.767851261784525 -0.02280140920586773 0 0.02280140920586773 4.767851261784525
4.767851261784526 -0.0368269240017934 0 0.0368269240017934 4.767851261784526
4.767851261784525 -0.05295626878124064 0 0.05295626878124064 4.767851261784525
4.767851261784526 -0.07150501493205969 0 0.07150501493205969 4.767851261784526
4.767851261784527 -0.09283607307595167 0 0.09283607307595167 4.767851261784527
4.767851261784526 -0.1173667901976314 0 0.1173667901976314 4.767851261784526
4.767851261784528 -0.145577113750551 0 0.145577113750551 4.767851261784528
4.767851261784525 -0.1780189866059468 0 0.1780189866059468 4.767851261784525
4.767851261784525 -0.2153271374679268 0 0.2153271374679268 4.767851261784525
4.767851261784523 -0.258231510798401 0 0.258231510798401 4.767851261784523
4.767851261784524 -0.3075715410916322 0 0.3075715410916322 4.767851261784524
4.767851261784524 -0.3643125782992794 0 0.3643125782992794 4.767851261784524
4.767851261784523 -0.4295647692010885 0 0.4295647692010885 4.767851261784523
4.767851261784525 -0.5046047929113492 0 0.5046047929113492 4.767851261784525
4.767851261784525 -0.5909008216826922 0 0.5909008216826922 4.767851261784525
4.767851261784526 -0.6901412498245958 0 0.6901412498245958 4.767851261784526
4.767851261784524 -0.804267744117877 0 0.804267744117877 4.767851261784524
4.767851261784525 -0.9355132130495341 0 0.9355132130495341 4.767851261784525
4.767851261784525 -1.086445506436939 0 1.086445506436939 4.767851261784525
4.767851261784525 -1.260017643287147 0 1.260017643287147 4.767851261784525
4.767851261784525 -1.459625602034227 0 1.459625602034227 4.767851261784525
4.767851261784525 -1.689174754414443 0 1.689174754414443 4.767851261784525
4.767851261784525 -1.953156277765152 0 1.953156277765152 4.767851261784525
4.767851261784525 -2.25673503129446 0 2.25673503129446 4.767851261784525
4.767851261784525 -2.605850602708735 0 2.605850602708735 4.767851261784525
4.767851261784525 -3.00733351012119 0 3.00733351012119 4.767851261784525
4.767851261784525 -3.469038851573069 0 3.469038851573069 4.767851261784525
5.153149523270523 -0.01060530838403634 0 0.01060530838403634 5.153149523270523
5.153149523270521 -0.02280140920586773 0 0.02280140920586773 5.153149523270521
5.153149523270521 -0.0368269240017934 0 0.0368269240017934 5.153149523270521
5.153149523270523 -0.05295626878124064 0 0.05295626878124064 5.153149523270523
5.153149523270522 -0.07150501493205969 0 0.07150501493205969 5.153149523270522
5.153149523270522 -0.09283607307595167 0 0.09283607307595167 5.153149523270522
5.153149523270522 -0.1173667901976314 0 0.1173667901976314 5.153149523270522
5.153149523270522 -0.145577113750551 0 0.145577113750551 5.153149523270522
5.15314952327052 -0.1780189866059468 0 0.1780189866059468 5.15314952327052
5.153149523270522 -0.2153271374679268 0 0.2153271374679268 5.153149523270522
5.153149523270522 -0.258231510798401 0 0.258231510798401 5.153149523270522
5.153149523270524 -0.3075715410916322 0 0.3075715410916322 5.153149523270524
5.153149523270522 -0.3643125782992794 0 0.3643125782992794 5.153149523270522
5.153149523270522 -0.4295647692010885 0 0.4295647692010885 5.153149523270522
5.153149523270522 -0.5046047929113492 0 0.5046047929113492 5.153149523270522
5.153149523270522 -0.5909008216826922 0 0.5909008216826922 5.153149523270522
5.153149523270522 -0.6901412498245958 0 0.6901412498245958 5.153149523270522
5.153149523270523 -0.804267744117877 0 0.804267744117877 5.153149523270523
5.153149523270519 -0.9355132130495341 0 0.9355132130495341 5.153149523270519
5.153149523270521 -1.086445506436939 0 1.086445506436939 5.153149523270521
5.153149523270522 -1.260017643287147 0 1.260017643287147 5.153149523270522
5.153149523270521 -1.459625602034227 0 1.459625602034227 5.153149523270521
5.153149523270521 -1.689174754414443 0 1.689174754414443 5.153149523270521
5.153149523270521 -1.953156277765152 0 1.953156277765152 5.153149523270521
5.153149523270522 -2.25673503129446 0 2.25673503129446 5.153149523270522
5.153149523270523 -2.605850602708735 0 2.605850602708735 5.153149523270523
5.153149523270522 -3.00733351012119 0 3.00733351012119 5.153149523270522
5.153149523270522 -3.469038851573069 0 3.469038851573069 5.153149523270522
5.576977602644982 -0.01060530838403634 0 0.01060530838403634 5.576977602644982
5.576977602644981 -0.02280140920586773 0 0.02280140920586773 5.576977602644981
5.576977602644985 -0.0368269240017934 0 0.0368269240017934 5.576977602644985
5.576977602644982 -0.05295626878124064 0 0.05295626878124064 5.576977602644982
5.576977602644982 -0.07150501493205969 0 0.07150501493205969 5.576977602644982
5.57697760264498 -0.09283607307595167 0 0.09283607307595167 5.57697760264498
5.57697760264498 -0.1173667901976314 0 0.1173667901976314 5.57697760264498
5.57697760264498 -0.145577113750551 0 0.145577113750551 5.57697760264498
5.576977602644984 -0.1780189866059468 0 0.1780189866059468 5.576977602644984
5.576977602644982 -0.2153271374679268 0 0.2153271374679268 5.576977602644982
5.576977602644983 -0.258231510798401 0 0.258231510798401 5.576977602644983
5.57697760264498 -0.3075715410916322 0 0.3075715410916322 5.57697760264498
5.576977602644984 -0.3643125782992794 0 0.3643125782992794 5.576977602644984
5.576977602644982 -0.4295647692010885 0 0.4295647692010885 5.576977602644982
5.576977602644982 -0.5046047929113492 0 0.5046047929113492 5.576977602644982
5.576977602644982 -0.5909008216826922 0 0.5909008216826922 5.576977602644982
5.576977602644982 -0.6901412498245958 0 0.6901412498245958 5.576977602644982
5.576977602644982 -0.804267744117877 0 0.804267744117877 5.576977602644982
5.576977602644981 -0.9355132130495339 0 0.9355132130495339 5.576977602644981
5.576977602644983 -1.086445506436939 0 1.086445506436939 5.576977602644983
5.576977602644982 -1.260017643287147 0 1.260017643287147 5.576977602644982
5.576977602644983 -1.459625602034227 0 1.459625602034227 5.576977602644983
5.576977602644982 -1.689174754414443 0 1.689174754414443 5.576977602644982
5.576977602644981 -1.953156277765152 0 1.953156277765152 5.576977602644981
5.576977602644981 -2.25673503129446 0 2.25673503129446 5.576977602644981
5.576977602644982 -2.605850602708735 0 2.605850602708735 5.576977602644982
5.576977602644982 -3.00733351012119 0 3.00733351012119 5.576977602644982
5.576977602644983 -3.469038851573069 0 3.469038851573069 5.576977602644983
6.043188488966522 -0.01060530838403634 0 0.01060530838403634 6.043188488966522
6.043188488966524 -0.02280140920586773 0 0.02280140920586773 6.043188488966524
6.043188488966524 -0.0368269240017934 0 0.0368269240017934 6.043188488966524
6.04318848896652 -0.05295626878124064 0 0.05295626878124064 6.04318848896652
6.043188488966522 -0.07150501493205969 0 0.07150501493205969 6.043188488966522
6.04318848896652 -0.09283607307595167 0 0.09283607307595167 6.04318848896652
6.043188488966521 -0.1173667901976314 0 0.1173667901976314 6.043188488966521
6.043188488966522 -0.145577113750551 0 0.145577113750551 6.043188488966522
6.043188488966522 -0.1780189866059468 0 0.1780189866059468 6.043188488966522
6.04318848896652 -0.2153271374679268 0 0.2153271374679268 6.04318848896652
6.043188488966521 -0.258231510798401 0 0.258231510798401 6.043188488966521
6.043188488966522 -0.3075715410916322 0 0.3075715410916322 6.043188488966522
6.043188488966521 -0.3643125782992794 0 0.3643125782992794 6.043188488966521
6.043188488966522 -0.4295647692010885 0 0.4295647692010885 6.043188488966522
6.043188488966522 -0.5046047929113492 0 0.5046047929113492 6.043188488966522
6.043188488966522 -0.5909008216826922 0 0.5909008216826922 6.043188488966522
6.043188488966521 -0.6901412498245958 0 0.6901412498245958 6.043188488966521
6.043188488966521 -0.804267744117877 0 0.804267744117877 6.043188488966521
6.043188488966521 -0.9355132130495339 0 0.9355132130495339 6.043188488966521
6.043188488966521 -1.086445506436939 0 1.086445506436939 6.043188488966521
6.04318848896652 -1.260017643287147 0 1.260017643287147 6.04318848896652
6.043188488966521 -1.459625602034227 0 1.459625602034227 6.043188488966521
6.043188488966521 -1.689174754414443 0 1.689174754414443 6.043188488966521
6.043188488966521 -1.953156277765152 0 1.953156277765152 6.043188488966521
6.043188488966521 -2.25673503129446 0 2.25673503129446 6.043188488966521
6.043188488966521 -2.605850602708735 0 2.605850602708735 6.043188488966521
6.043188488966521 -3.00733351012119 0 3.00733351012119 6.043188488966521
6.043188488966522 -3.469038851573069 0 3.469038851573069 6.043188488966522
6.556020470449819 -0.01060530838403634 0 0.01060530838403634 6.556020470449819
6.556020470449817 -0.02280140920586773 0 0.02280140920586773 6.556020470449817
6.556020470449819 -0.0368269240017934 0 0.0368269240017934 6.556020470449819
6.556020470449821 -0.05295626878124064 0 0.05295626878124064 6.556020470449821
6.556020470449817 -0.07150501493205969 0 0.07150501493205969 6.556020470449817
6.556020470449822 -0.09283607307595167 0 0.09283607307595167 6.556020470449822
6.55602047044982 -0.1173667901976314 0 0.1173667901976314 6.55602047044982
6.556020470449819 -0.145577113750551 0 0.145577113750551 6.556020470449819
6.556020470449819 -0.1780189866059468 0 0.1780189866059468 6.556020470449819
6.556020470449822 -0.2153271374679268 0 0.2153271374679268 6.556020470449822
6.55602047044982 -0.258231510798401 0 0.258231510798401 6.55602047044982
6.55602047044982 -0.3075715410916322 0 0.3075715410916322 6.55602047044982
6.55602047044982 -0.3643125782992794 0 0.3643125782992794 6.55602047044982
6.556020470449821 -0.4295647692010885 0 0.4295647692010885 6.556020470449821
6.55602047044982 -0.5046047929113492 0 0.5046047929113492 6.55602047044982
6.556020470449819 -0.5909008216826922 0 0.5909008216826922 6.556020470449819
6.556020470449817 -0.6901412498245958 0 0.6901412498245958 6.556020470449817
6.556020470449819 -0.804267744117877 0 0.804267744117877 6.556020470449819
6.556020470449819 -0.9355132130495341 0 0.9355132130495341 6.556020470449819
6.556020470449819 -1.086445506436939 0 1.086445506436939 6.556020470449819
6.556020470449819 -1.260017643287147 0 1.260017643287147 6.556020470449819
6.55602047044982 -1.459625602034227 0 1.459625602034227 6.55602047044982
6.55602047044982 -1.689174754414443 0 1.689174754414443 6.55602047044982
6.556020470449819 -1.953156277765152 0 1.953156277765152 6.556020470449819
6.55602047044982 -2.25673503129446 0 2.25673503129446 6.55602047044982
6.55602047044982 -2.605850602708735 0 2.605850602708735 6.55602047044982
6.55602047044982 -3.00733351012119 0 3.00733351012119 6.55602047044982
6.55602047044982 -3.469038851573069 0 3.469038851573069 6.55602047044982
7.120135645041903 -0.01060530838403634 0 0.01060530838403634 7.120135645041903
7.120135645041905 -0.02280140920586773 0 0.02280140920586773 7.120135645041905
7.120135645041902 -0.0368269240017934 0 0.0368269240017934 7.120135645041902
7.120135645041902 -0.05295626878124064 0 0.05295626878124064 7.120135645041902
7.120135645041905 -0.07150501493205969 0 0.07150501493205969 7.120135645041905
7.120135645041902 -0.09283607307595168 0 0.09283607307595168 7.120135645041902
7.120135645041905 -0.1173667901976314 0 0.1173667901976314 7.120135645041905
7.120135645041904 -0.145577113750551 0 0.145577113750551 7.120135645041904
7.120135645041903 -0.1780189866059468 0 0.1780189866059468 7.120135645041903
7.120135645041904 -0.2153271374679268 0 0.2153271374679268 7.120135645041904
7.120135645041902 -0.258231510798401 0 0.258231510798401 7.120135645041902
7.120135645041903 -0.3075715410916322 0 0.3075715410916322 7.120135645041903
7.120135645041905 -0.3643125782992794 0 0.3643125782992794 7.120135645041905
7.120135645041903 -0.4295647692010885 0 0.4295647692010885 7.120135645041903
7.120135645041904 -0.5046047929113492 0 0.5046047929113492 7.120135645041904
7.120135645041905 -0.5909008216826922 0 0.5909008216826922 7.120135645041905
7.120135645041904 -0.6901412498245958 0 0.6901412498245958 7.120135645041904
7.120135645041903 -0.8042677441178769 0 0.8042677441178769 7.120135645041903
7.120135645041902 -0.9355132130495339 0 0.9355132130495339 7.120135645041902
7.120135645041902 -1.086445506436939 0 1.086445506436939 7.120135645041902
7.120135645041906 -1.260017643287147 0 1.260017643287147 7.120135645041906
7.120135645041903 -1.459625602034227 0 1.459625602034227 7.120135645041903
7.120135645041905 -1.689174754414443 0 1.689174754414443 7.120135645041905
7.120135645041905 -1.953156277765152 0 1.953156277765152 7.120135645041905
7.120135645041902 -2.25673503129446 0 2.25673503129446 7.120135645041902
7.120135645041905 -2.605850602708735 0 2.605850602708735 7.120135645041905
7.120135645041903 -3.00733351012119 0 3.00733351012119 7.120135645041903
7.120135645041905 -3.469038851573069 0 3.469038851573069 7.120135645041905
7.740662332232513 -0.01060530838403634 0 0.01060530838403634 7.740662332232513
7.740662332232516 -0.02280140920586773 0 0.02280140920586773 7.740662332232516
7.740662332232516 -0.0368269240017934 0 0.0368269240017934 7.740662332232516
7.740662332232517 -0.05295626878124064 0 0.05295626878124064 7.740662332232517
7.740662332232514 -0.07150501493205969 0 0.07150501493205969 7.740662332232514
7.740662332232515 -0.09283607307595167 0 0.09283607307595167 7.740662332232515
7.740662332232516 -0.1173667901976314 0 0.1173667901976314 7.740662332232516
7.740662332232516 -0.145577113750551 0 0.145577113750551 7.740662332232516
7.740662332232516 -0.1780189866059468 0 0.1780189866059468 7.740662332232516
7.740662332232515 -0.2153271374679268 0 0.2153271374679268 7.740662332232515
7.740662332232514 -0.258231510798401 0 0.258231510798401 7.740662332232514
7.740662332232515 -0.3075715410916322 0 0.3075715410916322 7.740662332232515
7.740662332232515 -0.3643125782992794 0 0.3643125782992794 7.740662332232515
7.740662332232517 -0.4295647692010885 0 0.4295647692010885 7.740662332232517
7.740662332232517 -0.5046047929113492 0 0.5046047929113492 7.740662332232517
7.740662332232517 -0.5909008216826922 0 0.5909008216826922 7.740662332232517
7.740662332232515 -0.6901412498245958 0 0.6901412498245958 7.740662332232515
7.740662332232515 -0.8042677441178772 0 0.8042677441178772 7.740662332232515
7.740662332232517 -0.9355132130495339 0 0.9355132130495339 7.740662332232517
7.740662332232516 -1.086445506436939 0 1.086445506436939 7.740662332232516
7.740662332232515 -1.260017643287147 0 1.260017643287147 7.740662332232515
7.740662332232516 -1.459625602034227 0 1.459625602034227 7.740662332232516
7.740662332232516 -1.689174754414443 0 1.689174754414443 7.740662332232516
7.740662332232516 -1.953156277765152 0 1.953156277765152 7.740662332232516
7.740662332232516 -2.25673503129446 0 2.25673503129446 7.740662332232516
7.740662332232516 -2.605850602708735 0 2.605850602708735 7.740662332232516
7.740662332232515 -3.00733351012119 0 3.00733351012119 7.740662332232515
7.740662332232515 -3.469038851573069 0 3.469038851573069 7.740662332232515
8.423241686998491 -0.01060530838403634 0 0.01060530838403634 8.423241686998491
8.423241686998495 -0.02280140920586773 0 0.02280140920586773 8.423241686998495
8.423241686998493 -0.0368269240017934 0 0.0368269240017934 8.423241686998493
8.423241686998495 -0.05295626878124064 0 0.05295626878124064 8.423241686998495
8.423241686998495 -0.07150501493205969 0 0.07150501493205969 8.423241686998495
8.423241686998495 -0.09283607307595167 0 0.09283607307595167 8.423241686998495
8.423241686998493 -0.1173667901976314 0 0.1173667901976314 8.423241686998493
8.423241686998493 -0.145577113750551 0 0.145577113750551 8.423241686998493
8.423241686998493 -0.1780189866059468 0 0.1780189866059468 8.423241686998493
8.423241686998495 -0.2153271374679268 0 0.2153271374679268 8.423241686998495
8.423241686998495 -0.258231510798401 0 0.258231510798401 8.423241686998495
8.423241686998495 -0.3075715410916322 0 0.3075715410916322 8.423241686998495
8.423241686998495 -0.3643125782992794 0 0.3643125782992794 8.423241686998495
8.423241686998493 -0.4295647692010885 0 0.4295647692010885 8.423241686998493
8.423241686998495 -0.5046047929113492 0 0.5046047929113492 8.423241686998495
8.423241686998495 -0.5909008216826922 0 0.5909008216826922 8.423241686998495
8.423241686998495 -0.6901412498245958 0 0.6901412498245958 8.423241686998495
8.423241686998495 -0.8042677441178772 0 0.8042677441178772 8.423241686998495
8.423241686998493 -0.9355132130495341 0 0.9355132130495341 8.423241686998493
8.423241686998493 -1.086445506436939 0 1.086445506436939 8.423241686998493
8.423241686998496 -1.260017643287147 0 1.260017643287147 8.423241686998496
8.423241686998493 -1.459625602034227 0 1.459625602034227 8.423241686998493
8.423241686998495 -1.689174754414443 0 1.689174754414443 8.423241686998495
8.423241686998495 -1.953156277765152 0 1.953156277765152 8.423241686998495
8.423241686998493 -2.25673503129446 0 2.25673503129446 8.423241686998493
8.423241686998493 -2.605850602708735 0 2.605850602708735 8.423241686998493
8.423241686998495 -3.00733351012119 0 3.00733351012119 8.423241686998495
8.423241686998495 -3.469038851573069 0 3.469038851573069 8.423241686998495
9.174078978730575 -0.01060530838403634 0 0.01060530838403634 9.174078978730575
9.17407897873057 -0.02280140920586773 0 0.02280140920586773 9.17407897873057
9.174078978730574 -0.0368269240017934 0 0.0368269240017934 9.174078978730574
9.174078978730574 -0.05295626878124064 0 0.05295626878124064 9.174078978730574
9.174078978730575 -0.07150501493205969 0 0.07150501493205969 9.174078978730575
9.174078978730574 -0.09283607307595167 0 0.09283607307595167 9.174078978730574
9.174078978730577 -0.1173667901976314 0 0.1173667901976314 9.174078978730577
9.174078978730574 -0.145577113750551 0 0.145577113750551 9.174078978730574
9.174078978730575 -0.1780189866059468 0 0.1780189866059468 9.174078978730575
9.174078978730574 -0.2153271374679268 0 0.2153271374679268 9.174078978730574
9.174078978730575 -0.258231510798401 0 0.258231510798401 9.174078978730575
9.174078978730572 -0.3075715410916322 0 0.3075715410916322 9.174078978730572
9.174078978730574 -0.3643125782992794 0 0.3643125782992794 9.174078978730574
9.174078978730577 -0.4295647692010885 0 0.4295647692010885 9.174078978730577
9.174078978730577 -0.5046047929113492 0 0.5046047929113492 9.174078978730577
9.174078978730575 -0.5909008216826922 0 0.5909008216826922 9.174078978730575
9.174078978730575 -0.6901412498245958 0 0.6901412498245958 9.174078978730575
9.174078978730574 -0.804267744117877 0 0.804267744117877 9.174078978730574
9.174078978730575 -0.9355132130495338 0 0.9355132130495338 9.174078978730575
9.174078978730574 -1.086445506436939 0 1.086445506436939 9.174078978730574
9.174078978730575 -1.260017643287147 0 1.260017643287147 9.174078978730575
9.174078978730574 -1.459625602034227 0 1.459625602034227 9.174078978730574
9.174078978730574 -1.689174754414443 0 1.689174754414443 9.174078978730574
9.174078978730575 -1.953156277765152 0 1.953156277765152 9.174078978730575
9.174078978730574 -2.25673503129446 0 2.25673503129446 9.174078978730574
9.174078978730575 -2.605850602708735 0 2.605850602708735 9.174078978730575
9.174078978730575 -3.00733351012119 0 3.00733351012119 9.174078978730575
9.174078978730574 -3.469038851573069 0 3.469038851573069 9.174078978730574
2 5 1 2184
6577
6578
6579
6580
6581
6582
6583
6584
6585
6586
6587
6588
6589
6590
6591
6592
6593
6594
6595
6596
6597
6598
6599
6600
6601
6602
6603
6604
6605
6606
6607
6608
6609
6610
6611
6612
6613
6614
6615
6616
6617
6618
6619
6620
6621
6622
6623
6624
6625
6626
6627
6628
6629
6630
6631
6632
6633
6634
6635
6636
6637
6638
6639
6640
6641
6642
6643
6644
6645
6646
6647
6648
6649
6650
6651
6652
6653
6654
6655
6656
6657
6658
6659
6660
6661
6662
6663
6664
6665
6666
6667
6668
6669
6670
6671
6672
6673
6674
6675
6676
6677
6678
6679
6680
6681
6682
6683
6684
6685
6686
6687
6688
6689
6690
6691
6692
6693
6694
6695
6696
6697
6698
6699
6700
6701
6702
6703
6704
6705
6706
6707
6708
6709
6710
6711
6712
6713
6714
6715
6716
6717
6718
6719
6720
6721
6722
6723
6724
6725
6726
6727
6728
6729
6730
6731
6732
6733
6734
6735
6736
6737
6738
6739
6740
6741
6742
6743
6744
6745
6746
6747
6748
6749
6750
6751
6752
6753
6754
6755
6756
6757
6758
6759
6760
6761
6762
6763
6764
6765
6766
6767
6768
6769
6770
6771
6772
6773
6774
6775
6776
6777
6778
6779
6780
6781
6782
6783
6784
6785
6786
6787
6788
6789
6790
6791
6792
6793
6794
6795
6796
6797
6798
6799
6800
6801
6802
6803
6804
6805
6806
6807
6808
6809
6810
6811
6812
6813
6814
6815
6816
6817
6818
6819
6820
6821
6822
6823
6824
6825
6826
6827
6828
6829
6830
6831
6832
6833
6834
6835
6836
6837
6838
6839
6840
6841
6842
6843
6844
6845
6846
6847
6848
6849
6850
6851
6852
6853
6854
6855
6856
6857
6858
6859
6860
6861
6862
6863
6864
6865
6866
6867
6868
6869
6870
6871
6872
6873
6874
6875
6876
6877
6878
6879
6880
6881
6882
6883
6884
6885
6886
6887
6888
6889
6890
6891
6892
6893
6894
6895
6896
6897
6898
6899
6900
6901
6902
6903
6904
6905
6906
6907
6908
6909
6910
6911
6912
6913
6914
6915
6916
6917
6918
6919
6920
6921
6922
6923
6924
6925
6926
6927
6928
6929
6930
6931
6932
6933
6934
6935
6936
6937
6938
6939
6940
6941
6942
6943
6944
6945
6946
6947
6948
6949
6950
6951
6952
6953
6954
6955
6956
6957
6958
6959
6960
6961
6962
6963
6964
6965
6966
6967
6968
6969
6970
6971
6972
6973
6974
6975
6976
6977
6978
6979
6980
6981
6982
6983
6984
6985
6986
6987
6988
6989
6990
6991
6992
6993
6994
6995
6996
6997
6998
6999
7000
7001
7002
7003
7004
7005
7006
7007
7008
7009
7010
7011
7012
7013
7014
7015
7016
7017
7018
7019
7020
7021
7022
7023
7024
7025
7026
7027
7028
7029
7030
7031
7032
7033
7034
7035
7036
7037
7038
7039
7040
7041
7042
7043
7044
7045
7046
7047
7048
7049
7050
7051
7052
7053
7054
7055
7056
7057
7058
7059
7060
7061
7062
7063
7064
7065
7066
7067
7068
7069
7070
7071
7072
7073
7074
7075
7076
7077
7078
7079
7080
7081
7082
7083
7084
7085
7086
7087
7088
7089
7090
7091
7092
7093
7094
7095
7096
7097
7098
7099
7100
7101
7102
7103
7104
7105
7106
7107
7108
7109
7110
7111
7112
7113
7114
7115
7116
7117
7118
7119
7120
7121
7122
7123
7124
7125
7126
7127
7128
7129
7130
7131
7132
7133
7134
7135
7136
7137
7138
7139
7140
7141
7142
7143
7144
7145
7146
7147
7148
7149
7150
7151
7152
7153
7154
7155
7156
7157
7158
7159
7160
7161
7162
7163
7164
7165
7166
7167
7168
7169
7170
7171
7172
7173
7174
7175
7176
7177
7178
7179
7180
7181
7182
7183
7184
7185
7186
7187
7188
7189
7190
7191
7192
7193
7194
7195
7196
7197
7198
7199
7200
7201
7202
7203
7204
7205
7206
7207
7208
7209
7210
7211
7212
7213
7214
7215
7216
7217
7218
7219
7220
7221
7222
7223
7224
7225
7226
7227
7228
7229
7230
7231
7232
7233
7234
7235
7236
7237
7238
7239
7240
7241
7242
7243
7244
7245
7246
7247
7248
7249
7250
7251
7252
7253
7254
7255
7256
7257
7258
7259
7260
7261
7262
7263
7264
7265
7266
7267
7268
7269
7270
7271
7272
7273
7274
7275
7276
7277
7278
7279
7280
7281
7282
7283
7284
7285
7286
7287
7288
7289
7290
7291
7292
7293
7294
7295
7296
7297
7298
7299
7300
7301
7302
7303
7304
7305
7306
7307
7308
7309
7310
7311
7312
7313
7314
7315
7316
7317
7318
7319
7320
7321
7322
7323
7324
7325
7326
7327
7328
7329
7330
7331
7332
7333
7334
7335
7336
7337
7338
7339
7340
7341
7342
7343
7344
7345
7346
7347
7348
7349
7350
7351
7352
7353
7354
7355
7356
7357
7358
7359
7360
7361
7362
7363
7364
7365
7366
7367
7368
7369
7370
7371
7372
7373
7374
7375
7376
7377
7378
7379
7380
7381
7382
7383
7384
7385
7386
7387
7388
7389
7390
7391
7392
7393
7394
7395
7396
7397
7398
7399
7400
7401
7402
7403
7404
7405
7406
7407
7408
7409
7410
7411
7412
7413
7414
7415
7416
7417
7418
7419
7420
7421
7422
7423
7424
7425
7426
7427
7428
7429
7430
7431
7432
7433
7434
7435
7436
7437
7438
7439
7440
7441
7442
7443
7444
7445
7446
7447
7448
7449
7450
7451
7452
7453
7454
7455
7456
7457
7458
7459
7460
7461
7462
7463
7464
7465
7466
7467
7468
7469
7470
7471
7472
7473
7474
7475
7476
7477
7478
7479
7480
7481
7482
7483
7484
7485
7486
7487
7488
7489
7490
7491
7492
7493
7494
7495
7496
7497
7498
7499
7500
7501
7502
7503
7504
7505
7506
7507
7508
7509
7510
7511
7512
7513
7514
7515
7516
7517
7518
7519
7520
7521
7522
7523
7524
7525
7526
7527
7528
7529
7530
7531
7532
7533
7534
7535
7536
7537
7538
7539
7540
7541
7542
7543
7544
7545
7546
7547
7548
7549
7550
7551
7552
7553
7554
7555
7556
7557
7558
7559
7560
7561
7562
7563
7564
7565
7566
7567
7568
7569
7570
7571
7572
7573
7574
7575
7576
7577
7578
7579
7580
7581
7582
7583
7584
7585
7586
7587
7588
7589
7590
7591
7592
7593
7594
7595
7596
7597
7598
7599
7600
7601
7602
7603
7604
7605
7606
7607
7608
7609
7610
7611
7612
7613
7614
7615
7616
7617
7618
7619
7620
7621
7622
7623
7624
7625
7626
7627
7628
7629
7630
7631
7632
7633
7634
7635
7636
7637
7638
7639
7640
7641
7642
7643
7644
7645
7646
7647
7648
7649
7650
7651
7652
7653
7654
7655
7656
7657
7658
7659
7660
7661
7662
7663
7664
7665
7666
7667
7668
7669
7670
7671
7672
7673
7674
7675
7676
7677
7678
7679
7680
7681
7682
7683
7684
7685
7686
7687
7688
7689
7690
7691
7692
7693
7694
7695
7696
7697
7698
7699
7700
7701
7702
7703
7704
7705
7706
7707
7708
7709
7710
7711
7712
7713
7714
7715
7716
7717
7718
7719
7720
7721
7722
7723
7724
7725
7726
7727
7728
7729
7730
7731
7732
7733
7734
7735
7736
7737
7738
7739
7740
7741
7742
7743
7744
7745
7746
7747
7748
7749
7750
7751
7752
7753
7754
7755
7756
7757
7758
7759
7760
7761
7762
7763
7764
7765
7766
7767
7768
7769
7770
7771
7772
7773
7774
7775
7776
7777
7778
7779
7780
7781
7782
7783
7784
7785
7786
7787
7788
7789
7790
7791
7792
7793
7794
7795
7796
7797
7798
7799
7800
7801
7802
7803
7804
7805
7806
7807
7808
7809
7810
7811
7812
7813
7814
7815
7816
7817
7818
7819
7820
7821
7822
7823
7824
7825
7826
7827
7828
7829
7830
7831
7832
7833
7834
7835
7836
7837
7838
7839
7840
7841
7842
7843
7844
7845
7846
7847
7848
7849
7850
7851
7852
7853
7854
7855
7856
7857
7858
7859
7860
7861
7862
7863
7864
7865
7866
7867
7868
7869
7870
7871
7872
7873
7874
7875
7876
7877
7878
7879
7880
7881
7882
7883
7884
7885
7886
7887
7888
7889
7890
7891
7892
7893
7894
7895
7896
7897
7898
7899
7900
7901
7902
7903
7904
7905
7906
7907
7908
7909
7910
7911
7912
7913
7914
7915
7916
7917
7918
7919
7920
7921
7922
7923
7924
7925
7926
7927
7928
7929
7930
7931
7932
7933
7934
7935
7936
7937
7938
7939
7940
7941
7942
7943
7944
7945
7946
7947
7948
7949
7950
7951
7952
7953
7954
7955
7956
7957
7958
7959
7960
7961
7962
7963
7964
7965
7966
7967
7968
7969
7970
7971
7972
7973
7974
7975
7976
7977
7978
7979
7980
7981
7982
7983
7984
7985
7986
7987
7988
7989
7990
7991
7992
7993
7994
7995
7996
7997
7998
7999
8000
8001
8002
8003
8004
8005
8006
8007
8008
8009
8010
8011
8012
8013
8014
8015
8016
8017
8018
8019
8020
8021
8022
8023
8024
8025
8026
8027
8028
8029
8030
8031
8032
8033
8034
8035
8036
8037
8038
8039
8040
8041
8042
8043
8044
8045
8046
8047
8048
8049
8050
8051
8052
8053
8054
8055
8056
8057
8058
8059
8060
8061
8062
8063
8064
8065
8066
8067
8068
8069
8070
8071
8072
8073
8074
8075
8076
8077
8078
8079
8080
8081
8082
8083
8084
8085
8086
8087
8088
8089
8090
8091
8092
8093
8094
8095
8096
8097
8098
8099
8100
8101
8102
8103
8104
8105
8106
8107
8108
8109
8110
8111
8112
8113
8114
8115
8116
8117
8118
8119
8120
8121
8122
8123
8124
8125
8126
8127
8128
8129
8130
8131
8132
8133
8134
8135
8136
8137
8138
8139
8140
8141
8142
8143
8144
8145
8146
8147
8148
8149
8150
8151
8152
8153
8154
8155
8156
8157
8158
8159
8160
8161
8162
8163
8164
8165
8166
8167
8168
8169
8170
8171
8172
8173
8174
8175
8176
8177
8178
8179
8180
8181
8182
8183
8184
8185
8186
8187
8188
8189
8190
8191
8192
8193
8194
8195
8196
8197
8198
8199
8200
8201
8202
8203
8204
8205
8206
8207
8208
8209
8210
8211
8212
8213
8214
8215
8216
8217
8218
8219
8220
8221
8222
8223
8224
8225
8226
8227
8228
8229
8230
8231
8232
8233
8234
8235
8236
8237
8238
8239
8240
8241
8242
8243
8244
8245
8246
8247
8248
8249
8250
8251
8252
8253
8254
8255
8256
8257
8258
8259
8260
8261
8262
8263
8264
8265
8266
8267
8268
8269
8270
8271
8272
8273
8274
8275
8276
8277
8278
8279
8280
8281
8282
8283
8284
8285
8286
8287
8288
8289
8290
8291
8292
8293
8294
8295
8296
8297
8298
8299
8300
8301
8302
8303
8304
8305
8306
8307
8308
8309
8310
8311
8312
8313
8314
8315
8316
8317
8318
8319
8320
8321
8322
8323
8324
8325
8326
8327
8328
8329
8330
8331
8332
8333
8334
8335
8336
8337
8338
8339
8340
8341
8342
8343
8344
8345
8346
8347
8348
8349
8350
8351
8352
8353
8354
8355
8356
8357
8358
8359
8360
8361
8362
8363
8364
8365
8366
8367
8368
8369
8370
8371
8372
8373
8374
8375
8376
8377
8378
8379
8380
8381
8382
8383
8384
8385
8386
8387
8388
8389
8390
8391
8392
8393
8394
8395
8396
8397
8398
8399
8400
8401
8402
8403
8404
8405
8406
8407
8408
8409
8410
8411
8412
8413
8414
8415
8416
8417
8418
8419
8420
8421
8422
8423
8424
8425
8426
8427
8428
8429
8430
8431
8432
8433
8434
8435
8436
8437
8438
8439
8440
8441
8442
8443
8444
8445
8446
8447
8448
8449
8450
8451
8452
8453
8454
8455
8456
8457
8458
8459
8460
8461
8462
8463
8464
8465
8466
8467
8468
8469
8470
8471
8472
8473
8474
8475
8476
8477
8478
8479
8480
8481
8482
8483
8484
8485
8486
8487
8488
8489
8490
8491
8492
8493
8494
8495
8496
8497
8498
8499
8500
8501
8502
8503
8504
8505
8506
8507
8508
8509
8510
8511
8512
8513
8514
8515
8516
8517
8518
8519
8520
8521
8522
8523
8524
8525
8526
8527
8528
8529
8530
8531
8532
8533
8534
8535
8536
8537
8538
8539
8540
8541
8542
8543
8544
8545
8546
8547
8548
8549
8550
8551
8552
8553
8554
8555
8556
8557
8558
8559
8560
8561
8562
8563
8564
8565
8566
8567
8568
8569
8570
8571
8572
8573
8574
8575
8576
8577
8578
8579
8580
8581
8582
8583
8584
8585
8586
8587
8588
8589
8590
8591
8592
8593
8594
8595
8596
8597
8598
8599
8600
8601
8602
8603
8604
8605
8606
8607
8608
8609
8610
8611
8612
8613
8614
8615
8616
8617
8618
8619
8620
8621
8622
8623
8624
8625
8626
8627
8628
8629
8630
8631
8632
8633
8634
8635
8636
8637
8638
8639
8640
8641
8642
8643
8644
8645
8646
8647
8648
8649
8650
8651
8652
8653
8654
8655
8656
8657
8658
8659
8660
8661
8662
8663
8664
8665
8666
8667
8668
8669
8670
8671
8672
8673
8674
8675
8676
8677
8678
8679
8680
8681
8682
8683
8684
8685
8686
8687
8688
8689
8690
8691
8692
8693
8694
8695
8696
8697
8698
8699
8700
8701
8702
8703
8704
8705
8706
8707
8708
8709
8710
8711
8712
8713
8714
8715
8716
8717
8718
8719
8720
8721
8722
8723
8724
8725
8726
8727
8728
8729
8730
8731
8732
8733
8734
8735
8736
8737
8738
8739
8740
8741
8742
8743
8744
8745
8746
8747
8748
8749
8750
8751
8752
8753
8754
8755
8756
8757
8758
8759
8760
0.9879043551257524 -0.01153517718216867 0 0.01153517718216867 0.9879043551257524
0.9776052333174802 -0.01231815268699282 0 0.01231815268699282 0.9776052333174802
0.9678720792706853 -0.01305127550175295 0 0.01305127550175295 0.9678720792706853
0.9586921326549802 -0.01373866799867984 0 0.01373866799867984 0.9586921326549802
0.9465941918301211 -0.01463916475497169 0 0.01463916475497169 0.9465941918301211
0.9379492108832044 -0.01527480441336957 0 0.01527480441336957 0.9379492108832044
0.9258503949483985 -0.01616361094912759 0 0.01616361094912759 0.9258503949483985
0.9177190629763162 -0.01675316578045621 0 0.01675316578045621 0.9177190629763162
0.9056193817375903 -0.01762959504171488 0 0.01762959504171488 0.9056193817375903
0.8935191126207591 -0.01849768105955717 0 0.01849768105955717 0.8935191126207591
0.8814185226545124 -0.01936184288199099 0 0.01936184288199099 0.8814185226545124
0.874236508558589 -0.01986909878843656 0 0.01986909878843656 0.874236508558589
0.862135203015863 -0.02072271060651526 0 0.02072271060651526 0.862135203015863
0.8519933849593397 -0.02143894428546342 0 0.02143894428546342 0.8519933849593397
0.8432811202899368 -0.02204425692293806 0 0.02204425692293806 0.8432811202899368
0.8311790760370084 -0.02288769191395286 0 0.02288769191395286 0.8311790760370084
0.8190767450761572 -0.02372644350061601 0 0.02372644350061601 0.8190767450761572
0.8069740874394651 -0.0245604890994605 0 0.0245604890994605 0.8069740874394651
0.7948711145430385 -0.025390261605114 0 0.025390261605114 0.7948711145430385
0.7827678552073177 -0.02621562700291408 0 0.02621562700291408 0.7827678552073177
0.7706643226044727 -0.02703701621585208 0 0.02703701621585208 0.7706643226044727
0.7585604992050604 -0.02785423534242064 0 0.02785423534242064 0.7585604992050604
0.7464564419071001 -0.02866779973501211 0 0.02866779973501211 0.7464564419071001
0.7343521033446407 -0.02947739945331101 0 0.02947739945331101 0.7343521033446407
0.7222474527605747 -0.03028204434173683 0 0.03028204434173683 0.7222474527605747
0.7101424856742382 -0.03108220694656601 0 0.03108220694656601 0.7101424856742382
0.6980372162787021 -0.03187773123112767 0 0.03187773123112767 0.6980372162787021
0.6859316003877545 -0.0326680465725495 0 0.0326680465725495 0.6859316003877545
0.6738257046623616 -0.03345406339375313 0 0.03345406339375313 0.6738257046623616
0.6617194700258637 -0.03423474030517455 0 0.03423474030517455 0.6617194700258637
0.6496127770683803 -0.03500846347624079 0 0.03500846347624079 0.6496127770683803
0.6375057084679273 -0.03577615778677509 0 0.03577615778677509 0.6375057084679273
0.6253982106783913 -0.03653719422109634 0 0.03653719422109634 0.6253982106783913
0.6132901933592915 -0.03728995425094579 0 0.03728995425094579 0.6132901933592915
0.6011817257086849 -0.038035360269741 0 0.038035360269741 0.6011817257086849
0.5890727623759204 -0.03877283958151104 0 0.03877283958151104 0.5890727623759204
0.5769631824479466 -0.03950012714842942 0 0.03950012714842942 0.5769631824479466
0.5648530169386139 -0.04021751617030039 0 0.04021751617030039 0.5648530169386139
0.5527422755853939 -0.0409252957022843 0 0.0409252957022843 0.5527422755853939
0.5406308090349251 -0.04162058426386331 0 0.04162058426386331 0.5406308090349251
0.5285183440533274 -0.04229845841053377 0 0.04229845841053377 0.5285183440533274
0.5164050523542588 -0.04296161287506782 0 0.04296161287506782 0.5164050523542588
0.5042913912582414 -0.04361876289087471 0 0.04361876289087471 0.5042913912582414
0.4996685160582583 -0.04387331086085169 0 0.04387331086085169 0.4996685160582583
0.4875528693797387 -0.04449200333617034 0 0.04449200333617034 0.4875528693797387
0.4754371317007127 -0.04510953115745539 0 0.04510953115745539 0.4754371317007127
0.4633206707946786 -0.04571263390824923 0 0.04571263390824923 0.4633206707946786
0.451202890666472 -0.04628766740244265 0 0.04628766740244265 0.451202890666472
0.4390840842654919 -0.04684118624387254 0 0.04684118624387254 0.4390840842654919
0.4269642911380075 -0.04737271724140495 0 0.04737271724140495 0.4269642911380075
0.4148434446664506 -0.04787949592978537 0 0.04787949592978537 0.4148434446664506
0.4027214636467409 -0.04835880691324303 0 0.04835880691324303 0.4027214636467409
0.3905987047366478 -0.04881812312540065 0 0.04881812312540065 0.3905987047366478
0.3784755006170804 -0.04926598021730248 0 0.04926598021730248 0.3784755006170804
0.3663519070003902 -0.04970217047025835 0 0.04970217047025835 0.3663519070003902
0.3542277031909566 -0.05012209141491629 0 0.05012209141491629 0.3542277031909566
0.3421028614863116 -0.05052203241833848 0 0.05052203241833848 0.3421028614863116
0.3299774125806534 -0.05090410670942266 0 0.05090410670942266 0.3299774125806534
0.3178512916402939 -0.05126415411636282 0 0.05126415411636282 0.3178512916402939
0.3057243308952277 -0.05159481451139382 0 0.05159481451139382 0.3057243308952277
0.293596641300006 -0.05189771585892401 0 0.05189771585892401 0.293596641300006
0.2814681929731912 -0.05216850372932004 0 0.05216850372932004 0.2814681929731912
0.2693389107905686 -0.05239907131642738 0 0.05239907131642738 0.2693389107905686
0.257208947510379 -0.05259075856745526 0 0.05259075856745526 0.257208947510379
0.2450783527989311 -0.05273691311973082 0 0.05273691311973082 0.2450783527989311
0.2329472178074414 -0.05282908135115448 0 0.05282908135115448 0.2329472178074414
0.2208158101625326 -0.05286746266509093 0 0.05286746266509093 0.2208158101625326
0.2086843697063782 -0.05284202193444886 0 0.05284202193444886 0.2086843697063782
0.1965532715675065 -0.05274602923658876 0 0.05274602923658876 0.1965532715675065
0.1844230060867501 -0.05257489486859532 0 0.05257489486859532 0.1844230060867501
0.1722943588217616 -0.05231431617334037 0 0.05231431617334037 0.1722943588217616
0.1601681366439339 -0.05195877937073431 0 0.05195877937073431 0.1601681366439339
0.1480456670143065 -0.05149386617785429 0 0.05149386617785429 0.1480456670143065
0.1359284998561352 -0.05090667264343009 0 0.05090667264343009 0.1359284998561352
0.123818869978585 -0.05018131940153405 0 0.05018131940153405 0.123818869978585
0.1117200449975383 -0.04929485564740025 0 0.04929485564740025 0.1117200449975383
0.09963617151599651 -0.0482250512175324 0 0.0482250512175324 0.09963617151599651
0.08757923058711845 -0.04688877889978504 0 0.04688877889978504 0.08757923058711845
0.9878832863078679 -0.02372843527363585 0 0.02372843527363585 0.9878832863078679
0.9775576034759657 -0.02450901712008364 0 0.02450901712008364 0.9775576034759657
0.9677961581681458 -0.02523989868265377 0 0.02523989868265377 0.9677961581681458
0.9585862290640168 -0.02592518973094652 0 0.02592518973094652 0.9585862290640168
0.946467226440294 -0.0268229335510438 0 0.0268229335510438 0.946467226440294
0.937790627545006 -0.02745662997599608 0 0.02745662997599608 0.937790627545006
0.9256707524866618 -0.02834271931409113 0 0.02834271931409113 0.9256707524866618
0.9175062322741787 -0.02893047179931112 0 0.02893047179931112 0.9175062322741787
0.905385494557262 -0.02980422170185217 0 0.02980422170185217 0.905385494557262
0.8932641707594602 -0.03066965386736209 0 0.03066965386736209 0.8932641707594602
0.881142527093121 -0.03153117383424164 0 0.03153117383424164 0.881142527093121
0.8739244225680126 -0.03203687899314361 0 0.03203687899314361 0.8739244225680126
0.8618020655128055 -0.0328878812084098 0 0.0328878812084098 0.8618020655128055
0.8516332055345299 -0.03360192526746349 0 0.03360192526746349 0.8516332055345299
0.8428895286118865 -0.0342053873851581 0 0.0342053873851581 0.8428895286118865
0.8307664351048101 -0.03504624388525043 0 0.03504624388525043 0.8307664351048101
0.8186430557663148 -0.03588243129877014 0 0.03588243129877014 0.8186430557663148
0.8065193507506687 -0.03671392711129082 0 0.03671392711129082 0.8065193507506687
0.7943953314390787 -0.03754116289402473 0 0.03754116289402473 0.7943953314390787
0.7822710265638768 -0.03836400504200976 0 0.03836400504200976 0.7822710265638768
0.770146449256964 -0.03918288316084936 0 0.03918288316084936 0.770146449256964
0.7580215820424872 -0.03999760394181839 0 0.03999760394181839 0.7580215820424872
0.7458964816445206 -0.04080868116180965 0 0.04080868116180965 0.7458964816445206
0.7337711008419174 -0.04161580582803565 0 0.04161580582803565 0.7337711008419174
0.7216454089715986 -0.04241799081195092 0 0.04241799081195092 0.7216454089715986
0.7095194015665975 -0.04321570721519611 0 0.04321570721519611 0.7095194015665975
0.6973930927765958 -0.0440087994781249 0 0.0440087994781249 0.6973930927765958
0.6852664385504642 -0.04479669872233365 0 0.04479669872233365 0.6852664385504642
0.6731395053453781 -0.04558031258746215 0 0.04558031258746215 0.6731395053453781
0.6610122342652822 -0.04635860286761033 0 0.04635860286761033 0.6610122342652822
0.6488845062653483 -0.04712996066589618 0 0.04712996066589618 0.6488845062653483
0.6367564037708343 -0.04789530803466444 0 0.04789530803466444 0.6367564037708343
0.6246278733993242 -0.04865401788121716 0 0.04865401788121716 0.6246278733993242
0.6124988250865201 -0.04940447662534794 0 0.04940447662534794 0.6124988250865201
0.6003693278189314 -0.05014760384059716 0 0.05014760384059716 0.6003693278189314
0.5882393363845501 -0.05088282858180028 0 0.05088282858180028 0.5882393363845501
0.576108730239972 -0.05160789273564738 0 0.05160789273564738 0.576108730239972
0.5639775403042326 -0.05232308860559263 0 0.05232308860559263 0.5639775403042326
0.5518457762850373 -0.05302870436311696 0 0.05302870436311696 0.5518457762850373
0.5397132892856152 -0.053721867336765 0 0.053721867336765 0.5397132892856152
0.5275798069073995 -0.05439766913364621 0 0.05439766913364621 0.5275798069073995
0.5154455003390956 -0.05505879624838256 0 0.05505879624838256 0.5154455003390956
0.5033108255031378 -0.05571393727077605 0 0.05571393727077605 0.5033108255031378
0.4986440362519904 -0.05596770705438588 0 0.05596770705438588 0.4986440362519904
0.4865073819037153 -0.05658450810601724 0 0.05658450810601724 0.4865073819037153
0.4743706368331347 -0.05720014806411455 0 0.05720014806411455 0.4743706368331347
0.4622331707465452 -0.05780140705104592 0 0.05780140705104592 0.4622331707465452
0.450094389470818 -0.05837468259276177 0 0.05837468259276177 0.450094389470818
0.4379545850597671 -0.05892650925481872 0 0.05892650925481872 0.4379545850597671
0.4258137969387638 -0.05945641529268987 0 0.05945641529268987 0.4258137969387638
0.4136719586938982 -0.05996164469245224 0 0.05996164469245224 0.4136719586938982
0.4015289893693422 -0.06043949035965472 0 0.06043949035965472 0.4015289893693422
0.3893852445325151 -0.06089740238218552 0 0.06089740238218552 0.3893852445325151
0.3772410558472772 -0.06134389031648838 0 0.06134389031648838 0.3772410558472772
0.3650964788556601 -0.06177874707889633 0 0.06177874707889633 0.3650964788556601
0.3529512935367386 -0.06219738427040754 0 0.06219738427040754 0.3529512935367386
0.3408054722727349 -0.06259610260197394 0 0.06259610260197394 0.3408054722727349
0.3286590456640106 -0.06297700884207637 0 0.06297700884207637 0.3286590456640106
0.3165119490750828 -0.06333595553709764 0 0.06333595553709764 0.3165119490750828
0.304364015248841 -0.06366560506014488 0 0.06366560506014488 0.304364015248841
0.2922153548006341 -0.06396758039872644 0 0.06396758039872644 0.2922153548006341
0.2800659379403756 -0.06423754043526941 0 0.06423754043526941 0.2800659379403756
0.2679156897735155 -0.06446740314718483 0 0.06446740314718483 0.2679156897735155
0.2557647625912925 -0.06465850438528827 0 0.06465850438528827 0.2557647625912925
0.2436132059081792 -0.06480421212404872 0 0.06480421212404872 0.2436132059081792
0.2314611105967308 -0.06489609858519396 0 0.06489609858519396 0.2314611105967308
0.2193087434654004 -0.0649343625624865 0 0.0649343625624865 0.2193087434654004
0.2071563436231327 -0.06490899960752974 0 0.06490899960752974 0.2071563436231327
0.195004285051639 -0.06481330037193699 0 0.06481330037193699 0.195004285051639
0.1828530565927159 -0.06464268918411446 0 0.06464268918411446 0.1828530565927159
0.1707034414024637 -0.06438290711202561 0 0.06438290711202561 0.1707034414024637
0.1585562438855639 -0.06402845723192696 0 0.06402845723192696 0.1585562438855639
0.1464127874448343 -0.06356496533947045 0 0.06356496533947045 0.1464127874448343
0.1342746172652129 -0.06297956693245095 0 0.06297956693245095 0.1342746172652129
0.1221439613237607 -0.06225643119023718 0 0.06225643119023718 0.1221439613237607
0.1100240772468318 -0.06137267747167213 0 0.06137267747167213 0.1100240772468318
0.09791909896072012 -0.06030614357377394 0 0.06030614357377394 0.09791909896072012
0.08584097089093984 -0.05897395641514596 0 0.05897395641514596 0.08584097089093984
0.9878590571692848 -0.03775068092991681 0 0.03775068092991681 0.9878590571692848
0.9775028291627105 -0.03852851006946321 0 0.03852851006946321 0.9775028291627105
0.9677088489073759 -0.03925681419223184 0 0.03925681419223184 0.9677088489073759
0.9584644399443838 -0.03993968857479901 0 0.03993968857479901 0.9584644399443838
0.9463212162539517 -0.04083426651853819 0 0.04083426651853819 0.9463212162539517
0.9376082567210144 -0.04146572822521673 0 0.04146572822521673 0.9376082567210144
0.9254641636725848 -0.04234869278626167 0 0.04234869278626167 0.9254641636725848
0.9172614769867674 -0.04293437257363204 0 0.04293437257363204 0.9172614769867674
0.9051165243219141 -0.04380504121390656 0 0.04380504121390656 0.9051165243219141
0.892970987642978 -0.04466742144949058 0 0.04466742144949058 0.892970987642978
0.8808251322235163 -0.04552590328273792 0 0.04552590328273792 0.8808251322235163
0.8735655237082446 -0.04602982508211616 0 0.04602982508211616 0.8735655237082446
0.861418957415666 -0.04687782625440011 0 0.04687782625440011 0.861418957415666
0.8512189992299233 -0.04758935225078736 0 0.04758935225078736 0.8512189992299233
0.8424391982190121 -0.0481906862709149 0 0.0481906862709149 0.8424391982190121
0.8302918980716479 -0.04902857750669561 0 0.04902857750669561 0.8302918980716479
0.818144313100844 -0.04986181612134825 0 0.04986181612134825 0.818144313100844
0.8059964036013836 -0.0506903796798431 0 0.0506903796798431 0.8059964036013836
0.7938481809143378 -0.05151469823146479 0 0.05151469823146479 0.7938481809143378
0.781699673670715 -0.05233463864240651 0 0.05233463864240651 0.781699673670715
0.7695508949561057 -0.05315062900327582 0 0.05315062900327582 0.7695508949561057
0.7574018273562871 -0.0539624766870471 0 0.0539624766870471 0.7574018273562871
0.745252527395295 -0.05477069365878871 0 0.05477069365878871 0.745252527395295
0.7331029480185083 -0.05557497201537039 0 0.05557497201537039 0.7331029480185083
0.7209530586709797 -0.05637432810933656 0 0.05637432810933656 0.7209530586709797
0.7088028549014967 -0.05716923138099697 0 0.05716923138099697 0.7088028549014967
0.696652350809841 -0.05795952681928339 0 0.05795952681928339 0.696652350809841
0.6845015025002296 -0.05874464755193101 0 0.05874464755193101 0.6845015025002296
0.6723503761954774 -0.05952549801780579 0 0.05952549801780579 0.6723503761954774
0.6601989132072252 -0.06030104367222092 0 0.06030104367222092 0.6601989132072252
0.6480469949104539 -0.06106968129203848 0 0.06106968129203848 0.6480469949104539
0.6358947034397509 -0.06183232967800324 0 0.06183232967800324 0.6358947034397509
0.6237419856009517 -0.06258836394884766 0 0.06258836394884766 0.6237419856009517
0.6115887516473686 -0.06333617621462506 0 0.06333617621462506 0.6115887516473686
0.5994350703222313 -0.06407668280601739 0 0.06407668280601739 0.5994350703222313
0.587280896572971 -0.06480931479128726 0 0.06480931479128726 0.587280896572971
0.5751261102812776 -0.06553182202031818 0 0.06553182202031818 0.5751261102812776
0.562970742257152 -0.06624449576576177 0 0.06624449576576177 0.562970742257152
0.550814802174064 -0.06694762318286776 0 0.06694762318286776 0.550814802174064
0.5386581416603256 -0.06763834173060174 0 0.06763834173060174 0.5386581416603256
0.5265004892779779 -0.06831176032542687 0 0.06831176032542687 0.5265004892779779
0.5143420156120333 -0.06897055598809315 0 0.06897055598809315 0.5143420156120333
0.5021831749771231 -0.06962338666825679 0 0.06962338666825679 0.5021831749771231
0.4974658845712734 -0.06987626153762255 0 0.06987626153762255 0.4974658845712734
0.4853050714047586 -0.07049088745219803 0 0.07049088745219803 0.4853050714047586
0.4731441678358685 -0.07110435636781362 0 0.07110435636781362 0.4731441678358685
0.4609825457936187 -0.07170349502648315 0 0.07170349502648315 0.4609825457936187
0.4488196132002206 -0.07227474892302174 0 0.07227474892302174 0.4488196132002206
0.4366556610795659 -0.07282462957896553 0 0.07282462957896553 0.4366556610795659
0.4244907287179933 -0.07335266691338567 0 0.07335266691338567 0.4244907287179933
0.4123247499358001 -0.07385611463138954 0 0.07385611463138954 0.4123247499358001
0.4001576440626473 -0.07433227518504289 0 0.07433227518504289 0.4001576440626473
0.3879897654120523 -0.07478857238964148 0 0.07478857238964148 0.3879897654120523
0.37582144447827 -0.07523348579284081 0 0.07523348579284081 0.37582144447827
0.3636527366074633 -0.07566680904125062 0 0.07566680904125062 0.3636527366074633
0.3514834225546068 -0.07608396991677036 0 0.07608396991677036 0.3514834225546068
0.3393134747993163 -0.0764812821758241 0 0.0764812821758241 0.3393134747993163
0.3271429238340418 -0.07686084515741393 0 0.07686084515741393 0.3271429238340418
0.314971705251236 -0.0772185260338385 0 0.0772185260338385 0.314971705251236
0.302799652383618 -0.07754701305420589 0 0.07754701305420589 0.302799652383618
0.2906268754564528 -0.07784792348259015 0 0.07784792348259015 0.2906268754564528
0.2784533447847092 -0.07811693151028633 0 0.07811693151028633 0.2784533447847092
0.2662789857379504 -0.07834598361580379 0 0.07834598361580379 0.2662789857379504
0.2541039500703636 -0.07853641093910566 0 0.07853641093910566 0.2541039500703636
0.2419282871218094 -0.07868160484237222 0 0.07868160484237222 0.2419282871218094
0.2297520874443825 -0.07877316726773012 0 0.07877316726773012 0.2297520874443825
0.2175756169056412 -0.07881129630789949 0 0.07881129630789949 0.2175756169056412
0.2053991137713172 -0.07878602279497987 0 0.07878602279497987 0.2053991137713172
0.1932229507042822 -0.07869066104097325 0 0.07869066104097325 0.1932229507042822
0.1810476148224419 -0.07852065151030432 0 0.07852065151030432 0.1810476148224419
0.1688738865201112 -0.07826178555478774 0 0.07826178555478774 0.1688738865201112
0.1567025673652541 -0.07790858563547653 0 0.07790858563547653 0.1567025673652541
0.1445349760937337 -0.07744672823837953 0 0.07744672823837953 0.1445349760937337
0.1323726524414226 -0.0768633942277126 0 0.0768633942277126 0.1323726524414226
0.1202178165284636 -0.07614280860993089 0 0.07614280860993089 0.1202178165284636
0.1080737144932535 -0.07526217143202096 0 0.07526217143202096 0.1080737144932535
0.09594446568387424 -0.07419939864558607 0 0.07419939864558607 0.09594446568387424
0.08384197240405175 -0.07287190941956688 0 0.07287190941956688 0.08384197240405175
0.9878311936551381 -0.05387626619813551 0 0.05387626619813551 0.9878311936551381
0.9774398386916699 -0.05465092972420963 0 0.05465092972420963 0.9774398386916699
0.9676084432402806 -0.05537626979070518 0 0.05537626979070518 0.9676084432402806
0.9583243824327994 -0.05605636500721819 0 0.05605636500721819 0.9583243824327994
0.9461533045108768 -0.05694730219252881 0 0.05694730219252881 0.9461533045108768
0.9373985302374759 -0.0575761939727585 0 0.0575761939727585 0.9373985302374759
0.9252265864956741 -0.05845556503958715 0 0.05845556503958715 0.9252265864956741
0.9169800083579992 -0.05903886122402826 0 0.05903886122402826 0.9169800083579992
0.9048072084982457 -0.05990598641209622 0 0.05990598641209622 0.9048072084982457
0.8926338270012332 -0.06076485692767116 0 0.06076485692767116 0.8926338270012332
0.8804601280609065 -0.06161984490664987 0 0.06161984490664987 0.8804601280609065
0.8731527899487669 -0.06212171584223039 0 0.06212171584223039 0.8731527899487669
0.8609783830284391 -0.06296626581450057 0 0.06296626581450057 0.8609783830284391
0.8507426618979786 -0.06367489603833185 0 0.06367489603833185 0.8507426618979786
0.8419213181784391 -0.06427378274584425 0 0.06427378274584425 0.8419213181784391
0.8297461803899725 -0.0651082639270894 0 0.0651082639270894 0.8297461803899725
0.8175707589372423 -0.06593811142247095 0 0.06593811142247095 0.8175707589372423
0.8053950142766241 -0.06676330288826537 0 0.06676330288826537 0.8053950142766241
0.7932189577030334 -0.06758426662354024 0 0.06758426662354024 0.7932189577030334
0.7810426177309556 -0.06840087003631752 0 0.06840087003631752 0.7810426177309556
0.7688660073927257 -0.06921353947495905 0 0.06921353947495905 0.7688660073927257
0.7566891093449923 -0.07002208309639391 0 0.07002208309639391 0.7566891093449923
0.7445119798817511 -0.0708270107820919 0 0.0708270107820919 0.7445119798817511
0.7323345721398832 -0.07162801588202886 0 0.07162801588202886 0.7323345721398832
0.7201568556887943 -0.07242411875200322 0 0.07242411875200322 0.7201568556887943
0.7079788260953866 -0.0732157869217939 0 0.0732157869217939 0.7079788260953866
0.6958004974020597 -0.07400286601119757 0 0.07400286601119757 0.6958004974020597
0.6836218258916771 -0.07478479145500951 0 0.07478479145500951 0.6836218258916771
0.6714428775175399 -0.07556246401120507 0 0.07556246401120507 0.6714428775175399
0.6592635938301395 -0.07633485334549348 0 0.07633485334549348 0.6592635938301395
0.647083856687237 -0.07710036275954357 0 0.07710036275954357 0.647083856687237
0.6349037478891484 -0.07785990731475959 0 0.07785990731475959 0.6349037478891484
0.6227232144581986 -0.07861286467301935 0 0.07861286467301935 0.6227232144581986
0.6105421670129522 -0.07935763348817605 0 0.07935763348817605 0.6105421670129522
0.5983606740168669 -0.08009512636162365 0 0.08009512636162365 0.5983606740168669
0.5861786906007292 -0.08082477667706647 0 0.08082477667706647 0.5861786906007292
0.5739960971350868 -0.08154434344206206 0 0.08154434344206206 0.5739960971350868
0.5618129243045504 -0.08225411674383888 0 0.08225411674383888 0.5618129243045504
0.5496291817432207 -0.08295438256898056 0 0.08295438256898056 0.5496291817432207
0.5374447216832536 -0.0836422900264388 0 0.0836422900264388 0.5374447216832536
0.5252592737913903 -0.08431296793843696 0 0.08431296793843696 0.5252592737913903
0.5130730079583943 -0.08496908243077039 0 0.08496908243077039 0.5130730079583943
0.5008863766499254 -0.08561925621692165 0 0.08561925621692165 0.5008863766499254
0.4961110099062139 -0.08587110193473577 0 0.08587110193473577 0.4961110099062139
0.483922414093961 -0.08648322644127551 0 0.08648322644127551 0.483922414093961
0.4717337282472528 -0.0870941986576164 0 0.0870941986576164 0.4717337282472528
0.4595443268512321 -0.08769089893837416 0 0.08769089893837416 0.4595443268512321
0.4473536202377517 -0.08825982794256773 0 0.08825982794256773 0.4473536202377517
0.4351618982462929 -0.08880747069110506 0 0.08880747069110506 0.4351618982462929
0.4229692000033059 -0.08933335901619542 0 0.08933335901619542 0.4229692000033059
0.4107754595984274 -0.08983475779983313 0 0.08983475779983313 0.4107754595984274
0.3985805966896303 -0.09030898047258012 0 0.09030898047258012 0.3985805966896303
0.3863849641484457 -0.09076342063624558 0 0.09076342063624558 0.3863849641484457
0.3741888911240799 -0.09120652332837281 0 0.09120652332837281 0.3741888911240799
0.3619924327374484 -0.0916380830353897 0 0.0916380830353897 0.3619924327374484
0.3497953706358105 -0.09205354614723552 0 0.09205354614723552 0.3497953706358105
0.3375976774107841 -0.09244924142262977 0 0.09244924142262977 0.3375976774107841
0.3253993834307216 -0.09282725965667259 0 0.09282725965667259 0.3253993834307216
0.3132004245502013 -0.09318348484146871 0 0.09318348484146871 0.3132004245502013
0.3010006347802459 -0.09351063498353243 0 0.09351063498353243 0.3010006347802459
0.2888001238975253 -0.09381032076498708 0 0.09381032076498708 0.2888001238975253
0.27659886233782 -0.09407823398232917 0 0.09407823398232917 0.27659886233782
0.2643967757744253 -0.09430635389033644 0 0.09430635389033644 0.2643967757744253
0.2521940153439177 -0.09449600621149087 0 0.09449600621149087 0.2521940153439177
0.2399906301853545 -0.09464060920384534 0 0.09464060920384534 0.2399906301853545
0.2277867104823009 -0.09473179898799119 0 0.09473179898799119 0.2277867104823009
0.2155825210202859 -0.0947697728504497 0 0.0947697728504497 0.2155825210202859
0.2033782990953458 -0.09474460219589756 0 0.09474460219589756 0.2033782990953458
0.1911744158536871 -0.09464962854578877 0 0.09464962854578877 0.1911744158536871
0.1789713564307397 -0.09448031092097228 0 0.09448031092097228 0.1789713564307397
0.1667698980447657 -0.0942224984997016 0 0.0942224984997016 0.1667698980447657
0.1545708390015028 -0.09387073603554963 0 0.09387073603554963 0.1545708390015028
0.1423754926698154 -0.0934107583084454 0 0.0934107583084454 0.1423754926698154
0.13018539251915 -0.09282979835399813 0 0.09282979835399813 0.13018539251915
0.1180027496341917 -0.0921121453798231 0 0.0921121453798231 0.1180027496341917
0.1058307969421844 -0.09123509222428805 0 0.09123509222428805 0.1058307969421844
0.09367363702626319 -0.09017664471678458 0 0.09017664471678458 0.09367363702626319
0.08154312375008935 -0.08885455811419865 0 0.08885455811419865 0.08154312375008935
0.9877991506144653 -0.07242068891113058 0 0.07242068891113058 0.9877991506144653
0.9773673996513201 -0.07319171198178716 0 0.07319171198178716 0.9773673996513201
0.9674929767252685 -0.07391364338363982 0 0.07391364338363982 0.9674929767252685
0.9581633162974728 -0.07459054255925759 0 0.07459054255925759 0.9581633162974728
0.9459602060099315 -0.07547729287246166 0 0.07547729287246166 0.9459602060099315
0.9371573447858923 -0.07610322923733753 0 0.07610322923733753 0.9371573447858923
0.9249533727473076 -0.07697846778590275 0 0.07697846778590275 0.9249533727473076
0.9166563194409356 -0.07755902282703353 0 0.07755902282703353 0.9166563194409356
0.9044514953076419 -0.07842207304514806 0 0.07842207304514806 0.9044514953076419
0.8922460922704371 -0.07927690738279608 0 0.07927690738279608 0.8922460922704371
0.8800403732817116 -0.08012787742944902 0 0.08012787742944902 0.8800403732817116
0.8726781461341938 -0.08062738987171307 0 0.08062738987171307 0.8726781461341938
0.8604717224925508 -0.08146797096404958 0 0.08146797096404958 0.8604717224925508
0.8501948739764298 -0.08217327104951136 0 0.08217327104951136 0.8501948739764298
0.8413257561428558 -0.08276934334757616 0 0.08276934334757616 0.8413257561428558
0.8291186050677167 -0.08359990296618676 0 0.08359990296618676 0.8291186050677167
0.8169111716613663 -0.08442585067448748 0 0.08442585067448748 0.8169111716613663
0.8047034165660122 -0.08524716423375693 0 0.08524716423375693 0.8047034165660122
0.7924953510234898 -0.08606426993031313 0 0.08606426993031313 0.7924953510234898
0.7802870034142833 -0.08687703579528103 0 0.08687703579528103 0.7802870034142833
0.7680783867094848 -0.08768588617344007 0 0.08768588617344007 0.7680783867094848
0.7558694836472454 -0.08849063012326702 0 0.08849063012326702 0.7558694836472454
0.7436603502570124 -0.0892917751300937 0 0.0892917751300937 0.7436603502570124
0.7314509398958958 -0.09008901598496759 0 0.09008901598496759 0.7314509398958958
0.719241222276307 -0.09088137764742937 0 0.09088137764742937 0.719241222276307
0.7070311929859817 -0.09166932545014748 0 0.09166932545014748 0.7070311929859817
0.694820866001328 -0.09245270573841319 0 0.09245270573841319 0.694820866001328
0.6826101978106535 -0.09323095660014082 0 0.09323095660014082 0.6826101978106535
0.6703992540573185 -0.09400497456028167 0 0.09400497456028167 0.6703992540573185
0.6581879765664922 -0.09477373412650024 0 0.09477373412650024 0.6581879765664922
0.6459762477511338 -0.09553564610399307 0 0.09553564610399307 0.6459762477511338
0.6337641490271462 -0.09629162125392278 0 0.09629162125392278 0.6337641490271462
0.6215516276658183 -0.09704104016278439 0 0.09704104016278439 0.6215516276658183
0.6093385947057535 -0.09778230900980073 0 0.09778230900980073 0.6093385947057535
0.5971251182886723 -0.09851633610768476 0 0.09851633610768476 0.5971251182886723
0.5849111537562202 -0.09924255750289869 0 0.09924255750289869 0.5849111537562202
0.5726965820411315 -0.09995874273432494 0 0.09995874273432494 0.5726965820411315
0.5604814336838171 -0.1006651805259554 0 0.1006651805259554 0.5604814336838171
0.5482657182731039 -0.1013621555204078 0 0.1013621555204078 0.5482657182731039
0.536049288735568 -0.1020468302241174 0 0.1020468302241174 0.536049288735568
0.5238318760083556 -0.1027143563509315 0 0.1027143563509315 0.5238318760083556
0.511613649183845 -0.103367387497448 0 0.103367387497448 0.511613649183845
0.4993950586013782 -0.1040145058555501 0 0.1040145058555501 0.4993950586013782
0.4945529040703677 -0.1042651680491083 0 0.1042651680491083 0.4945529040703677
0.4823323582161101 -0.1048744159364688 0 0.1048744159364688 0.4823323582161101
0.4701117227505054 -0.1054825169487056 0 0.1054825169487056 0.4701117227505054
0.4578903750982422 -0.1060764130949254 0 0.1060764130949254 0.4578903750982422
0.445667728362261 -0.1066426684729802 0 0.1066426684729802 0.445667728362261
0.4334440710199707 -0.1071877376280563 0 0.1071877376280563 0.4334440710199707
0.4212194420139515 -0.1077111545924719 0 0.1077111545924719 0.4212194420139515
0.4089937757435781 -0.1082101971016406 0 0.1082101971016406 0.4089937757435781
0.3967669922443839 -0.1086821912113952 0 0.1086821912113952 0.3967669922443839
0.3845394427296142 -0.1091344957780356 0 0.1091344957780356 0.3845394427296142
0.372311454801671 -0.109575516152477 0 0.109575516152477 0.372311454801671
0.3600830833224344 -0.1100050477869382 0 0.1100050477869382 0.3600830833224344
0.3478541109652909 -0.1104185584706037 0 0.1104185584706037 0.3478541109652909
0.3356245104506619 -0.1108123942148325 0 0.1108123942148325 0.3356245104506619
0.323394312004186 -0.1111886359892376 0 0.1111886359892376 0.323394312004186
0.3111634517818872 -0.1115431871287005 0 0.1115431871287005 0.3111634517818872
0.2989317645748369 -0.111868799860752 0 0.111868799860752 0.2989317645748369
0.2866993596438204 -0.1121670772982722 0 0.1121670772982722 0.2866993596438204
0.2744662075635523 -0.1124337314837388 0 0.1124337314837388 0.2744662075635523
0.262232234356619 -0.1126607793646376 0 0.1126607793646376 0.262232234356619
0.2499975904493455 -0.1128495404333475 0 0.1128495404333475 0.2499975904493455
0.2377623247498646 -0.1129934638781741 0 0.1129934638781741 0.2377623247498646
0.225526527017933 -0.1130842251249425 0 0.1130842251249425 0.225526527017933
0.2132904607947458 -0.113122020533045 0 0.113122020533045 0.2132904607947458
0.20105436226119 -0.1130969681656217 0 0.1130969681656217 0.20105436226119
0.1888186008193065 -0.1130024408349954 0 0.1130024408349954 0.1888186008193065
0.1765836593246789 -0.1128339189019029 0 0.1128339189019029 0.1765836593246789
0.1643503113431077 -0.1125773180450008 0 0.1125773180450008 0.1643503113431077
0.1521193514287714 -0.1122272086542595 0 0.1122272086542595 0.1521193514287714
0.1398920867784854 -0.1117693925476151 0 0.1117693925476151 0.1398920867784854
0.1276700436553066 -0.1111911627577779 0 0.1111911627577779 0.1276700436553066
0.1154554227531435 -0.1104768823236962 0 0.1104768823236962 0.1154554227531435
0.1032514418064149 -0.1096039507938239 0 0.1096039507938239 0.1032514418064149
0.09106218411856733 -0.1085504773570072 0 0.1085504773570072 0.09106218411856733
0.0788994478471885 -0.1072346037712623 0 0.1072346037712623 0.0788994478471885
0.9877623011175685 -0.09374677510151805 0 0.09374677510151805 0.9877623011175685
0.97728409475464 -0.09451361164843959 0 0.09451361164843959 0.97728409475464
0.9673601902325615 -0.09523162308594883 0 0.09523162308594883 0.9673601902325615
0.9579780902412297 -0.09590484681453353 0 0.09590484681453353 0.9579780902412297
0.9457381427331043 -0.09678678222480863 0 0.09678678222480863 0.9457381427331043
0.9368799815156461 -0.09740931986202499 0 0.09740931986202499 0.9368799815156461
0.9246391769356385 -0.09827980601458104 0 0.09827980601458104 0.9246391769356385
0.9162840771850711 -0.09885720874090277 0 0.09885720874090277 0.9162840771850711
0.9040424251370834 -0.09971557274356498 0 0.09971557274356498 0.9040424251370834
0.8918001973285341 -0.1005657654765912 0 0.1005657654765912 0.8918001973285341
0.8795576552840272 -0.1014121149010637 0 0.1014121149010637 0.8795576552840272
0.872132305745615 -0.1019089150760129 0 0.1019089150760129 0.872132305745615
0.8598890628743354 -0.1027449319564201 0 0.1027449319564201 0.8598890628743354
0.8495649178645475 -0.1034464023827532 0 0.1034464023827532 0.8495649178645475
0.8406408597996511 -0.1040392381099512 0 0.1040392381099512 0.8406408597996511
0.8283968934447155 -0.1048652879315266 0 0.1048652879315266 0.8283968934447155
0.8161526462915792 -0.1056867508846791 0 0.1056867508846791 0.8161526462915792
0.8039080791961553 -0.1065036048514396 0 0.1065036048514396 0.8039080791961553
0.7916632033392389 -0.1073162738034642 0 0.1073162738034642 0.7916632033392389
0.7794180469472118 -0.1081246264884463 0 0.1081246264884463 0.7794180469472118
0.7671726229207361 -0.1089290849470455 0 0.1089290849470455 0.7671726229207361
0.7549269140916917 -0.1097294592745185 0 0.1097294592745185 0.7549269140916917
0.7426809761852954 -0.1105262542006382 0 0.1105262542006382 0.7426809761852954
0.7304347628119204 -0.1113191661736848 0 0.1113191661736848 0.7304347628119204
0.718188243848434 -0.1121072254475024 0 0.1121072254475024 0.718188243848434
0.7059414149065302 -0.1128908948280824 0 0.1128908948280824 0.7059414149065302
0.6936942898867272 -0.113670021495035 0 0.113670021495035 0.6936942898867272
0.6814468255135939 -0.1144440465873612 0 0.1144440465873612 0.6814468255135939
0.6691990870740591 -0.1152138617620348 0 0.1152138617620348 0.6691990870740591
0.6569510167091704 -0.1159784470949688 0 0.1159784470949688 0.6569510167091704
0.6447024974703646 -0.1167362220204166 0 0.1167362220204166 0.6447024974703646
0.6324536103314705 -0.1174880923542631 0 0.1174880923542631 0.6324536103314705
0.6202043028500849 -0.1182334420463129 0 0.1182334420463129 0.6202043028500849
0.6079544865478562 -0.1189706859299641 0 0.1189706859299641 0.6079544865478562
0.5957042291965075 -0.1197007273859464 0 0.1197007273859464 0.5957042291965075
0.5834534863801706 -0.1204230055228935 0 0.1204230055228935 0.5834534863801706
0.5712021396780954 -0.1211353019907117 0 0.1211353019907117 0.5712021396780954
0.5589502194648638 -0.1218379039456707 0 0.1218379039456707 0.5589502194648638
0.5466977352772364 -0.1225310944848273 0 0.1225310944848273 0.5466977352772364
0.534444540840374 -0.1232120515217234 0 0.1232120515217234 0.534444540840374
0.5221903685523877 -0.1238759530955734 0 0.1238759530955734 0.5221903685523877
0.5099353865875127 -0.1245254383943981 0 0.1245254383943981 0.5099353865875127
0.497680042839825 -0.1251690430102418 0 0.1251690430102418 0.497680042839825
0.4927610823531657 -0.1254183441509083 0 0.1254183441509083 0.4927610823531657
0.4805037939504799 -0.1260242839262113 0 0.1260242839262113 0.4805037939504799
0.4682464164230212 -0.1266290830537271 0 0.1266290830537271 0.4682464164230212
0.4559883305759562 -0.127219754445227 0 0.127219754445227 0.4559883305759562
0.4437289526989765 -0.1277829351532218 0 0.1277829351532218 0.4437289526989765
0.431468569703108 -0.1283250446758174 0 0.1283250446758174 0.431468569703108
0.4192072203194785 -0.1288456195754569 0 0.1288456195754569 0.4192072203194785
0.4069448393036637 -0.129341952368987 0 0.129341952368987 0.4069448393036637
0.39468134712539 -0.1298113836313013 0 0.1298113836313013 0.39468134712539
0.3824170930908749 -0.1302612322613644 0 0.1302612322613644 0.3824170930908749
0.3701524030236952 -0.1306998579704688 0 0.1306998579704688 0.3701524030236952
0.3578873314878402 -0.1311270573214927 0 0.1311270573214927 0.3578873314878402
0.3456216623367429 -0.131538322712753 0 0.131538322712753 0.3456216623367429
0.3333553684389481 -0.1319300199961441 0 0.1319300199961441 0.3333553684389481
0.3210884798559744 -0.1323042188419687 0 0.1323042188419687 0.3210884798559744
0.3088209330905079 -0.1326568448293016 0 0.1326568448293016 0.3088209330905079
0.2965525638306761 -0.1329806895398427 0 0.1329806895398427 0.2965525638306761
0.2842834807439967 -0.1332773473818425 0 0.1332773473818425 0.2842834807439967
0.2720136545649589 -0.133542553680657 0 0.133542553680657 0.2720136545649589
0.2597430117178336 -0.1337683687303867 0 0.1337683687303867 0.2597430117178336
0.2474717018121568 -0.1339561048587915 0 0.1339561048587915 0.2474717018121568
0.2351997734904983 -0.1340992468239681 0 0.1340992468239681 0.2351997734904983
0.2229273160252346 -0.1341895152527602 0 0.1341895152527602 0.2229273160252346
0.2106545915265771 -0.1342271054383624 0 0.1342271054383624 0.2106545915265771
0.1983818348929907 -0.1342021891011473 0 0.1342021891011473 0.1983818348929907
0.1861094135207262 -0.1341081750379372 0 0.1341081750379372 0.1861094135207262
0.1738378076435439 -0.1339405681503397 0 0.1339405681503397 0.1738378076435439
0.1615677866269138 -0.1336853605924758 0 0.1336853605924758 0.1615677866269138
0.1493001407107204 -0.1333371522361726 0 0.1333371522361726 0.1493001407107204
0.1370361699939234 -0.1328818219930749 0 0.1328818219930749 0.1370361699939234
0.1247773924522314 -0.1323067318925593 0 0.1323067318925593 0.1247773924522314
0.1125259968301603 -0.1315963298796074 0 0.1315963298796074 0.1125259968301603
0.1002851833903791 -0.1307281382192726 0 0.1307281382192726 0.1002851833903791
0.08805901326469279 -0.1296803849637745 0 0.1296803849637745 0.08805901326469279
0.0758592205487046 -0.1283716563474301 0 0.1283716563474301 0.0758592205487046
0.9877199241956987 -0.1182717744765805 0 0.1182717744765805 0.9877199241956987
0.9771882941224656 -0.1190337965211307 0 0.1190337965211307 0.9771882941224656
0.9672074857643662 -0.1197472999995726 0 0.1197472999995726 0.9672074857643662
0.9577650802743418 -0.1204162969640004 0 0.1204162969640004 0.9577650802743418
0.9454827699621059 -0.121292695235822 0 0.121292695235822 0.9454827699621059
0.936561013751557 -0.1219113243361647 0 0.1219113243361647 0.936561013751557
0.9242778517484745 -0.1227763452332258 0 0.1227763452332258 0.9242778517484745
0.91585599858639 -0.1233501227974554 0 0.1233501227974554 0.91585599858639
0.9035719944360658 -0.1242030976522637 0 0.1242030976522637 0.9035719944360658
0.8912874181400322 -0.1250479525398917 0 0.1250479525398917 0.8912874181400322
0.8790025295809381 -0.1258889882487739 0 0.1258889882487739 0.8790025295809381
0.8715045892922438 -0.1263826693162555 0 0.1263826693162555 0.8715045892922438
0.8592190043064443 -0.1272134373528618 0 0.1272134373528618 0.8592190043064443
0.8488404683283751 -0.1279105036711253 0 0.1279105036711253 0.8488404683283751
0.8398532289968028 -0.128499617341763 0 0.128499617341763 0.8398532289968028
0.8275669250696629 -0.1293204808966665 0 0.1293204808966665 0.8275669250696629
0.8152803421072842 -0.1301367863813173 0 0.1301367863813173 0.8152803421072842
0.8029934412113421 -0.1309485118166117 0 0.1309485118166117 0.8029934412113421
0.790706233492434 -0.1317560785123442 0 0.1317560785123442 0.790706233492434
0.7784187469997256 -0.1325593560402622 0 0.1325593560402622 0.7784187469997256
0.7661309945528829 -0.1333587637912875 0 0.1333587637912875 0.7661309945528829
0.7538429590915742 -0.1341541130529735 0 0.1341541130529735 0.7538429590915742
0.741554695991152 -0.1349459053862007 0 0.1349459053862007 0.741554695991152
0.7292661591532411 -0.1357338391450666 0 0.1357338391450666 0.7292661591532411
0.7169773186438347 -0.1365169506718644 0 0.1365169506718644 0.7169773186438347
0.7046881701021773 -0.1372956998669067 0 0.1372956998669067 0.7046881701021773
0.6923987273415148 -0.1380699348692707 0 0.1380699348692707 0.6923987273415148
0.6801089473581162 -0.1388391003267072 0 0.1388391003267072 0.6801089473581162
0.6678188950290128 -0.1396040822980156 0 0.1396040822980156 0.6678188950290128
0.6555285128585141 -0.1403638672625948 0 0.1403638672625948 0.6555285128585141
0.643237684632306 -0.1411168845781139 0 0.1411168845781139 0.643237684632306
0.6309464908158315 -0.1418640343733878 0 0.1418640343733878 0.6309464908158315
0.6186548792959414 -0.1426047044660278 0 0.1426047044660278 0.6186548792959414
0.6063627621497865 -0.1433373196417334 0 0.1433373196417334 0.6063627621497865
0.5940702067235919 -0.1440627776094534 0 0.1440627776094534 0.5940702067235919
0.5817771688803501 -0.144780520999319 0 0.144780520999319 0.5817771688803501
0.5694835309428026 -0.1454883453889138 0 0.1454883453889138 0.5694835309428026
0.5571893230948288 -0.1461865361316272 0 0.1461865361316272 0.5571893230948288
0.5448945548133122 -0.1468753745471209 0 0.1468753745471209 0.5448945548133122
0.5325990807417862 -0.1475520562671093 0 0.1475520562671093 0.5325990807417862
0.520302634958472 -0.1482117896049797 0 0.1482117896049797 0.520302634958472
0.5080053845817403 -0.1488571971788889 0 0.1488571971788889 0.5080053845817403
0.4957077746936113 -0.1494967609910656 0 0.1494967609910656 0.4957077746936113
0.4907004873570385 -0.1497444969208696 0 0.1497444969208696 0.4907004873570385
0.4784009450232228 -0.1503466323672393 0 0.1503466323672393 0.4784009450232228
0.4661013141241949 -0.1509476343272589 0 0.1509476343272589 0.4661013141241949
0.4538009793526706 -0.1515345972507648 0 0.1515345972507648 0.4538009793526706
0.4414993606631054 -0.152094242088126 0 0.152094242088126 0.4414993606631054
0.429196743165184 -0.1526329480333059 0 0.1526329480333059 0.429196743165184
0.4168931653468657 -0.1531502545583916 0 0.1531502545583916 0.4168931653468657
0.4045885623733563 -0.1536434711788773 0 0.1536434711788773 0.4045885623733563
0.3922828552137043 -0.154109955166577 0 0.154109955166577 0.3922828552137043
0.379976390981045 -0.1545569794695193 0 0.1545569794695193 0.379976390981045
0.3676694934533062 -0.1549928513134298 0 0.1549928513134298 0.3676694934533062
0.3553622168519031 -0.1554173685384453 0 0.1554173685384453 0.3553622168519031
0.3430543463873219 -0.1558260518433851 0 0.1558260518433851 0.3430543463873219
0.3307458550984497 -0.1562152898967597 0 0.1562152898967597 0.3307458550984497
0.3184367728580668 -0.1565871393746647 0 0.1565871393746647 0.3184367728580668
0.3061270365675204 -0.1569375514369975 0 0.1569375514369975 0.3061270365675204
0.2938164829465531 -0.1572593629227529 0 0.1572593629227529 0.2938164829465531
0.2815052199804248 -0.1575541582298573 0 0.1575541582298573 0.2815052199804248
0.2691932185873652 -0.1578176994589772 0 0.1578176994589772 0.2691932185873652
0.2568804056535828 -0.1580420967528199 0 0.1580420967528199 0.2568804056535828
0.2445669298493056 -0.158228654199834 0 0.158228654199834 0.2445669298493056
0.2322528395117063 -0.158370897463376 0 0.158370897463376 0.2322528395117063
0.2199382233526742 -0.1584605991514621 0 0.1584605991514621 0.2199382233526742
0.2076233418367894 -0.1584979533311588 0 0.1584979533311588 0.2076233418367894
0.1953084283877313 -0.1584731934286571 0 0.1584731934286571 0.1953084283877313
0.1829938480950923 -0.1583797696229543 0 0.1583797696229543 0.1829938480950923
0.1706800781775355 -0.1582132150376595 0 0.1582132150376595 0.1706800781775355
0.1583678831701509 -0.1579596097736785 0 0.1579596097736785 0.1583678831701509
0.1460580483513851 -0.1576135876069743 0 0.1576135876069743 0.1460580483513851
0.1337518656576635 -0.1571611161069574 0 0.1571611161069574 0.1337518656576635
0.1214508435342441 -0.1565896366491717 0 0.1565896366491717 0.1214508435342441
0.1091571569838408 -0.1558836948205378 0 0.1558836948205378 0.1091571569838408
0.09687398617661061 -0.1550209540102003 0 0.1550209540102003 0.09687398617661061
0.08460536674697045 -0.1539797789632592 0 0.1539797789632592 0.08460536674697045
0.07236295911924011 -0.1526792670617832 0 0.1526792670617832 0.07236295911924011
0.9876711907374986 -0.1464755226212503 0 0.1464755226212503 0.9876711907374986
0.9770781233998767 -0.147232007988386 0 0.147232007988386 0.9770781233998767
0.967031875632976 -0.1479403273141971 0 0.1479403273141971 0.967031875632976
0.9575201188222355 -0.1486044635001263 0 0.1486044635001263 0.9575201188222355
0.9451890912872225 -0.1494744940630781 0 0.1494744940630781 0.9451890912872225
0.9361942008375511 -0.1500886283462817 0 0.1500886283462817 0.9361942008375511
0.9238623277998821 -0.1509473641998718 0 0.1509473641998718 0.9238623277998821
0.9153637082176307 -0.1515169728279464 0 0.1515169728279464 0.9153637082176307
0.9030309991515691 -0.1523637501630676 0 0.1523637501630676 0.9030309991515691
0.8906977220968778 -0.15320246652883 0 0.15320246652883 0.8906977220968778
0.878364135047958 -0.1540373914651245 0 0.1540373914651245 0.878364135047958
0.8707827153997871 -0.1545274855592428 0 0.1545274855592428 0.8707827153997871
0.8584484369842383 -0.1553522174258165 0 0.1553522174258165 0.8584484369842383
0.8480073513951522 -0.1560442190200929 0 0.1560442190200929 0.8480073513951522
0.8389474536098154 -0.1566290523259435 0 0.1566290523259435 0.8389474536098154
0.8266124614765897 -0.1574439516745097 0 0.1574439516745097 0.8266124614765897
0.8142771923355315 -0.1582543260707175 0 0.1582543260707175 0.8142771923355315
0.8019416075709419 -0.1590601536951585 0 0.1590601536951585 0.8019416075709419
0.7896057182126915 -0.1598618527964867 0 0.1598618527964867 0.7896057182126915
0.7772695521061481 -0.1606592938941112 0 0.1606592938941112 0.7772695521061481
0.7649331219778318 -0.1614528933317554 0 0.1614528933317554 0.7649331219778318
0.7525964108913682 -0.1622424637681145 0 0.1622424637681145 0.7525964108913682
0.7402594738197648 -0.1630285031198421 0 0.1630285031198421 0.7402594738197648
0.727922264999586 -0.1638107119327258 0 0.1638107119327258 0.727922264999586
0.7155847547143195 -0.164588133550775 0 0.164588133550775 0.7155847547143195
0.703246938634894 -0.1653612245327723 0 0.1653612245327723 0.703246938634894
0.6909088304741908 -0.1661298341211811 0 0.1661298341211811 0.6909088304741908
0.6785703875409351 -0.1668934109988147 0 0.1668934109988147 0.6785703875409351
0.6662316742407759 -0.1676528347865721 0 0.1676528347865721 0.6662316742407759
0.6538926334957733 -0.1684070993278607 0 0.1684070993278607 0.6538926334957733
0.6415531499360003 -0.1691546453922772 0 0.1691546453922772 0.6415531499360003
0.6292133034422556 -0.1698963665685068 0 0.1698963665685068 0.6292133034422556
0.6168730422800329 -0.1706316551221374 0 0.1706316551221374 0.6168730422800329
0.6045322791653102 -0.171358947284015 0 0.171358947284015 0.6045322791653102
0.59219108095499 -0.1720791342405409 0 0.1720791342405409 0.59219108095499
0.5798494038327543 -0.172791662671568 0 0.172791662671568 0.5798494038327543
0.5675071309763604 -0.1734943441715083 0 0.1734943441715083 0.5675071309763604
0.5551642923503789 -0.1741874620204387 0 0.1741874620204387 0.5551642923503789
0.5428208973628369 -0.1748712954940169 0 0.1748712954940169 0.5428208973628369
0.5304768017133943 -0.1755430605998547 0 0.1755430605998547 0.5304768017133943
0.5181317414123989 -0.1761980004666368 0 0.1761980004666368 0.5181317414123989
0.5057858823639783 -0.1768387186571772 0 0.1768387186571772 0.5057858823639783
0.493439666416287 -0.1774736355454195 0 0.1774736355454195 0.493439666416287
0.4883308032063892 -0.1777195714828763 0 0.1777195714828763 0.4883308032063892
0.4759826688537191 -0.1783173319512444 0 0.1783173319512444 0.4759826688537191
0.4636344465793315 -0.1789139671689143 0 0.1789139671689143 0.4636344465793315
0.4512855255466239 -0.1794966653544942 0 0.1794966653544942 0.4512855255466239
0.4389353299245295 -0.1800522439408861 0 0.1800522439408861 0.4389353299245295
0.4265841427511923 -0.180587035772291 0 0.180587035772291 0.4265841427511923
0.4142320022349258 -0.1811005836668863 0 0.1811005836668863 0.4142320022349258
0.4018788440120108 -0.1815902166886106 0 0.1815902166886106 0.4018788440120108
0.389524589625717 -0.1820533113107354 0 0.1820533113107354 0.389524589625717
0.3771695836671349 -0.182497087637715 0 0.182497087637715 0.3771695836671349
0.3648141475616963 -0.1829297925368755 0 0.1829297925368755 0.3648141475616963
0.3524583351368555 -0.1833512253172012 0 0.1833512253172012 0.3524583351368555
0.340101933163711 -0.1837569392230875 0 0.1837569392230875 0.340101933163711
0.327744914877042 -0.1841433491621524 0 0.1841433491621524 0.327744914877042
0.3153873099325807 -0.1845124968671541 0 0.1845124968671541 0.3153873099325807
0.3030290556901348 -0.1848603629159348 0 0.1848603629159348 0.3030290556901348
0.2906699900558033 -0.1851798361933764 0 0.1851798361933764 0.2906699900558033
0.2783102202302508 -0.1854724895855328 0 0.1854724895855328 0.2783102202302508
0.2659497173430074 -0.1857341159846764 0 0.1857341159846764 0.2659497173430074
0.2535884088115105 -0.1859568828594104 0 0.1859568828594104 0.2535884088115105
0.2412264422257839 -0.1861420848229755 0 0.1861420848229755 0.2412264422257839
0.2288638655717935 -0.1862832945797752 0 0.1862832945797752 0.2288638655717935
0.2165007669168684 -0.1863723445161711 0 0.1863723445161711 0.2165007669168684
0.2041374048331127 -0.1864094272891831 0 0.1864094272891831 0.2041374048331127
0.1917740110482029 -0.1863848472866904 0 0.1863848472866904 0.1917740110482029
0.179410947999074 -0.1862921022771894 0 0.1862921022771894 0.179410947999074
0.1670486894370276 -0.1861267578395898 0 0.1861267578395898 0.1670486894370276
0.1546879943422167 -0.1858749952135959 0 0.1858749952135959 0.1546879943422167
0.1423296422874348 -0.1855314871649253 0 0.1855314871649253 0.1423296422874348
0.1299749158221929 -0.185082303219415 0 0.185082303219415 0.1299749158221929
0.1176253124317316 -0.1845149760006976 0 0.1845149760006976 0.1176253124317316
0.1052829913156931 -0.1838141633839192 0 0.1838141633839192 0.1052829913156931
0.09295110953784655 -0.1829576910509223 0 0.1829576910509223 0.09295110953784655
0.08063367341061348 -0.1819240809436137 0 0.1819240809436137 0.08063367341061348
0.06834225863634154 -0.1806330182639526 0 0.1806330182639526 0.06834225863634154
0.9876151472592531 -0.1789098337568845 0 0.1789098337568845 0.9876151472592531
0.9769514270659228 -0.1796599519447535 0 0.1796599519447535 0.9769514270659228
0.9668299239771302 -0.1803623094948102 0 0.1803623094948102 0.9668299239771302
0.9572384131456896 -0.1810208557852478 0 0.1810208557852478 0.9572384131456896
0.9448513608031677 -0.1818835634827307 0 0.1818835634827307 0.9448513608031677
0.9357723659765259 -0.1824925287260175 0 0.1824925287260175 0.9357723659765259
0.923384475247767 -0.1833440367793498 0 0.1833440367793498 0.923384475247767
0.9147975742802461 -0.1839088511306497 0 0.1839088511306497 0.9147975742802461
0.9024088545597713 -0.1847485013178668 0 0.1847485013178668 0.9024088545597713
0.8900195716313083 -0.1855801583832217 0 0.1855801583832217 0.8900195716313083
0.8776299813177736 -0.1864080559307792 0 0.1864080559307792 0.8776299813177736
0.8699525604039444 -0.1868940250053519 0 0.1868940250053519 0.8699525604039444
0.8575622845428696 -0.1877118152761285 0 0.1877118152761285 0.8575622845428696
0.8470492668994227 -0.1883979924375931 0 0.1883979924375931 0.8470492668994227
0.8379058118902897 -0.1889779033237374 0 0.1889779033237374 0.8379058118902897
0.8255148283187508 -0.1897859438347582 0 0.1897859438347582 0.8255148283187508
0.813123570070896 -0.190589497479 0 0.190589497479 0.813123570070896
0.8007319988560476 -0.1913885426207039 0 0.1913885426207039 0.8007319988560476
0.7883401256112398 -0.1921834939882123 0 0.1921834939882123 0.7883401256112398
0.7759479779474709 -0.1929742231907454 0 0.1929742231907454 0.7759479779474709
0.7635555684841457 -0.1937611430677483 0 0.1937611430677483 0.7635555684841457
0.7511628804274394 -0.1945440678547289 0 0.1945440678547289 0.7511628804274394
0.7387699682876624 -0.1953234912774802 0 0.1953234912774802 0.7387699682876624
0.7263767866865618 -0.1960991164022335 0 0.1960991164022335 0.7263767866865618
0.7139833061577416 -0.1968699946249721 0 0.1968699946249721 0.7139833061577416
0.7015895224085684 -0.1976365786617183 0 0.1976365786617183 0.7015895224085684
0.6891954490365048 -0.1983987190238305 0 0.1983987190238305 0.6891954490365048
0.6768010437095993 -0.1991558690344434 0 0.1991558690344434 0.6768010437095993
0.6644063702914118 -0.1999089009108708 0 0.1999089009108708 0.6644063702914118
0.6520113721844162 -0.20065681696513 0 0.20065681696513 0.6520113721844162
0.639615934989729 -0.2013980710905344 0 0.2013980710905344 0.639615934989729
0.6272201379158103 -0.20213354935462 0 0.20213354935462 0.6272201379158103
0.6148239296635912 -0.2028626491381483 0 0.2028626491381483 0.6148239296635912
0.6024272236837016 -0.2035838198338838 0 0.2035838198338838 0.6024272236837016
0.5900300862703232 -0.2042979451272978 0 0.2042979451272978 0.5900300862703232
0.5776324739759312 -0.2050044763554236 0 0.2050044763554236 0.5776324739759312
0.5652342709615513 -0.205701243532026 0 0.205701243532026 0.5652342709615513
0.5528355069395476 -0.2063885275528728 0 0.2063885275528728 0.5528355069395476
0.540436191238763 -0.2070666053430167 0 0.2070666053430167 0.540436191238763
0.5280361807734035 -0.2077327163423523 0 0.2077327163423523 0.5280361807734035
0.5156352137757624 -0.2083821437171573 0 0.2083821437171573 0.5156352137757624
0.5032334547535862 -0.209017469116601 0 0.209017469116601 0.5032334547535862
0.4908313418360862 -0.2096470420420968 0 0.2096470420420968 0.4908313418360862
0.4856056663691122 -0.2098909079882333 0 0.2098909079882333 0.4856056663691122
0.4732016511934475 -0.210483637231685 0 0.210483637231685 0.4732016511934475
0.4607975488360841 -0.2110752506954389 0 0.2110752506954389 0.4607975488360841
0.4483927536017035 -0.2116530444321927 0 0.2116530444321927 0.4483927536017035
0.4359866945058892 -0.2122039468297638 0 0.2122039468297638 0.4359866945058892
0.4235796522045115 -0.2127342374301257 0 0.2127342374301257 0.4235796522045115
0.4111716645842933 -0.2132434628994596 0 0.2132434628994596 0.4111716645842933
0.3987626678232511 -0.2137289747824155 0 0.2137289747824155 0.3987626678232511
0.3863525841250084 -0.2141881716339418 0 0.2141881716339418 0.3863525841250084
0.3739417551803043 -0.2146282127883805 0 0.2146282127883805 0.3739417551803043
0.3615304997091999 -0.2150572757008971 0 0.2150572757008971 0.3615304997091999
0.3491188710860955 -0.2154751613696501 0 0.2154751613696501 0.3491188710860955
0.336706657876792 -0.2158774604664487 0 0.2158774604664487 0.336706657876792
0.3242938335413466 -0.2162606180738852 0 0.2162606180738852 0.3242938335413466
0.3118804274858851 -0.2166266587398793 0 0.2166266587398793 0.3118804274858851
0.2994663775974444 -0.2169715968729105 0 0.2169715968729105 0.2994663775974444
0.2870515231464344 -0.2172883812106322 0 0.2172883812106322 0.2870515231464344
0.2746359704312336 -0.2175785714004447 0 0.2175785714004447 0.2746359704312336
0.2622196908243697 -0.2178379957449681 0 0.2178379957449681 0.2622196908243697
0.2498026123541913 -0.2180588876375875 0 0.2180588876375875 0.2498026123541913
0.2373848813684884 -0.2182425307950538 0 0.2182425307950538 0.2373848813684884
0.2249665454493391 -0.218382552018976 0 0.218382552018976 0.2249665454493391
0.212547691922828 -0.2184708524408151 0 0.2184708524408151 0.212547691922828
0.2001285771847116 -0.2185076230960369 0 0.2185076230960369 0.2001285771847116
0.1877094310122632 -0.2184832499784639 0 0.2184832499784639 0.1877094310122632
0.1752906127918617 -0.2183912855845178 0 0.2183912855845178 0.1752906127918617
0.1628725922873427 -0.2182273328167051 0 0.2182273328167051 0.1628725922873427
0.150456122090682 -0.2179776892243508 0 0.2179776892243508 0.150456122090682
0.1380419752131714 -0.2176370724113917 0 0.2176370724113917 0.1380419752131714
0.1256314234093704 -0.2171916691535578 0 0.2171916691535578 0.1256314234093704
0.1132259515604991 -0.216629117009786 0 0.216629117009786 0.1132259515604991
0.1008277006926667 -0.2159342029866851 0 0.2159342029866851 0.1008277006926667
0.08843980129729589 -0.2150849394027048 0 0.2150849394027048 0.08843980129729589
0.07606622596651277 -0.2140600289760833 0 0.2140600289760833 0.07606622596651277
0.06371845297239458 -0.2127798329016702 0 0.2127798329016702 0.06371845297239458
0.9875506972643076 -0.2162092886418932 0 0.2162092886418932 0.9875506972643076
0.9768057262932643 -0.2169520845742479 0 0.2169520845742479 0.9768057262932643
0.9665976795910617 -0.2176475860827921 0 0.2176475860827921 0.9665976795910617
0.9569144516429869 -0.218299703993984 0 0.218299703993984 0.9569144516429869
0.9444629707768649 -0.2191539903969108 0 0.2191539903969108 0.9444629707768649
0.9352872559242691 -0.2197570112448241 0 0.2197570112448241 0.9352872559242691
0.9228349448557921 -0.2206002073285843 0 0.2206002073285843 0.9228349448557921
0.9141465203031487 -0.2211595082620892 0 0.2211595082620892 0.9141465203031487
0.9016933883351326 -0.221990962229932 0 0.221990962229932 0.9016933883351326
0.8892396986568661 -0.2228145011005273 0 0.2228145011005273 0.8892396986568661
0.8767857045940577 -0.2236343171517433 0 0.2236343171517433 0.8767857045940577
0.8689978822333542 -0.2241155424542723 0 0.2241155424542723 0.8689978822333542
0.8565432093149572 -0.2249253498905809 0 0.2249253498905809 0.8565432093149572
0.8459474698154618 -0.2256048289549052 0 0.2256048289549052 0.8459474698154618
0.8367079240064765 -0.2261790790588959 0 0.2261790790588959 0.8367079240064765
0.8242525502859094 -0.2269792319074306 0 0.2269792319074306 0.8242525502859094
0.8117969045702709 -0.2277749416875994 0 0.2277749416875994 0.8117969045702709
0.7993409489426564 -0.22856618697484 0 0.22856618697484 0.7993409489426564
0.7868846942333387 -0.2293533784491368 0 0.2293533784491368 0.7868846942333387
0.7744281677837924 -0.2301363889729926 0 0.2301363889729926 0.7744281677837924
0.7619713820902382 -0.230915627355933 0 0.230915627355933 0.7619713820902382
0.7495143205227832 -0.2316909096468003 0 0.2316909096468003 0.7495143205227832
0.7370570370596378 -0.2324627247518983 0 0.2324627247518983 0.7370570370596378
0.7245994867655077 -0.2332307786359681 0 0.2332307786359681 0.7245994867655077
0.7121416404616316 -0.2339941319547622 0 0.2339941319547622 0.7121416404616316
0.6996834938972784 -0.2347532330051291 0 0.2347532330051291 0.6996834938972784
0.6872250605371796 -0.2355079337576562 0 0.2355079337576562 0.6872250605371796
0.6747662984626062 -0.2362576928718478 0 0.2362576928718478 0.6747662984626062
0.6623072709137161 -0.2370033740508947 0 0.2370033740508947 0.6623072709137161
0.6498479218454574 -0.2377439893457154 0 0.2377439893457154 0.6498479218454574
0.6373881379756483 -0.2384780077418962 0 0.2384780077418962 0.6373881379756483
0.6249279977395577 -0.2392063066576518 0 0.2392063066576518 0.6249279977395577
0.6124674503388712 -0.2399282893561932 0 0.2399282893561932 0.6124674503388712
0.6000064100690674 -0.24064242036649 0 0.24064242036649 0.6000064100690674
0.5875449425771998 -0.2413495747479448 0 0.2413495747479448 0.5875449425771998
0.5750830048398551 -0.2420492091933477 0 0.2420492091933477 0.5750830048398551
0.5626204821488178 -0.2427391748987178 0 0.2427391748987178 0.5626204821488178
0.5501574039264155 -0.2434197500178674 0 0.2434197500178674 0.5501574039264155
0.5376937794104275 -0.2440912087726538 0 0.2440912087726538 0.5376937794104275
0.5252294669117884 -0.2447508175500946 0 0.2447508175500946 0.5252294669117884
0.5127642072180293 -0.2453939055596959 0 0.2453939055596959 0.5127642072180293
0.5002981632310581 -0.2460230292499375 0 0.2460230292499375 0.5002981632310581
0.4878317688033021 -0.24664645661883 0 0.24664645661883 0.4878317688033021
0.482471759251196 -0.2468879420751903 0 0.2468879420751903 0.482471759251196
0.47000348113411 -0.247474885410515 0 0.247474885410515 0.47000348113411
0.4575351166863468 -0.2480607238577913 0 0.2480607238577913 0.4575351166863468
0.4450660661250641 -0.2486328774789103 0 0.2486328774789103 0.4450660661250641
0.4325957640394924 -0.2491784022598323 0 0.2491784022598323 0.4325957640394924
0.4201244883458886 -0.2497035164449738 0 0.2497035164449738 0.4201244883458886
0.407652276561145 -0.2502077711257201 0 0.2502077711257201 0.407652276561145
0.3951790654862746 -0.2506885436995372 0 0.2506885436995372 0.3951790654862746
0.3827047780843081 -0.2511432581152998 0 0.2511432581152998 0.3827047780843081
0.3702297527105811 -0.2515790038217267 0 0.2515790038217267 0.3702297527105811
0.3577543049739779 -0.2520038784500045 0 0.2520038784500045 0.3577543049739779
0.3452784877278866 -0.2524176849408421 0 0.2524176849408421 0.3452784877278866
0.3328020916020165 -0.2528160570075713 0 0.2528160570075713 0.3328020916020165
0.3203250903154936 -0.2531954744340017 0 0.2531954744340017 0.3203250903154936
0.3078475129873969 -0.2535579420054905 0 0.2535579420054905 0.3078475129873969
0.295369298111077 -0.2538995130357473 0 0.2538995130357473 0.295369298111077
0.2828902865259006 -0.2542132050931072 0 0.2542132050931072 0.2828902865259006
0.2704105834926181 -0.25450056260052 0 0.25450056260052 0.2704105834926181
0.2579301606632031 -0.2547574545825023 0 0.2547574545825023 0.2579301606632031
0.2454489467685535 -0.2549761902459324 0 0.2549761902459324 0.2454489467685535
0.2329670867278898 -0.2551580407765994 0 0.2551580407765994 0.2329670867278898
0.2204846276588189 -0.2552966951878938 0 0.2552966951878938 0.2204846276588189
0.2080016560349947 -0.255384133668134 0 0.255384133668134 0.2080016560349947
0.1955184257493744 -0.2554205453879992 0 0.2554205453879992 0.1955184257493744
0.1830351643362674 -0.2553964101881393 0 0.2553964101881393 0.1830351643362674
0.1705522276739133 -0.2553053435020852 0 0.2553053435020852 0.1705522276739133
0.1580700809405625 -0.2551429911544761 0 0.2551429911544761 0.1580700809405625
0.1455894693817872 -0.2548957844506909 0 0.2548957844506909 0.1455894693817872
0.1331111584631532 -0.2545584925586138 0 0.2545584925586138 0.1331111584631532
0.1206364075250267 -0.2541174370913416 0 0.2541174370913416 0.1206364075250267
0.1081666869540048 -0.2535603762834019 0 0.2535603762834019 0.1081666869540048
0.09570411687663632 -0.2528722456425734 0 0.2528722456425734 0.09570411687663632
0.08325179722614717 -0.2520312721193876 0 0.2520312721193876 0.08325179722614717
0.07081366181632695 -0.2510163663248476 0 0.2510163663248476 0.07081366181632695
0.05840107687445082 -0.2497486668455663 0 0.2497486668455663 0.05840107687445082
0.987476579770395 -0.2591036615989061 0 0.2591036615989061 0.987476579770395
0.9766381704053295 -0.2598380369374675 0 0.2598380369374675 0.9766381704053295
0.9663305985480761 -0.2605256539983182 0 0.2605256539983182 0.9663305985480761
0.9565418959162644 -0.2611703792734216 0 0.2611703792734216 0.9565418959162644
0.944016322248277 -0.2620149811876629 0 0.2620149811876629 0.944016322248277
0.9347293793662484 -0.2626111659809381 0 0.2626111659809381 0.9347293793662484
0.9222029849073702 -0.2634448032997441 0 0.2634448032997441 0.9222029849073702
0.9133978082322707 -0.263997763802824 0 0.263997763802824 0.9133978082322707
0.9008706021798575 -0.2648197921184396 0 0.2648197921184396 0.9008706021798575
0.8883428447395918 -0.2656339950651143 0 0.2656339950651143 0.8883428447395918
0.8758147863653937 -0.2664445173955904 0 0.2664445173955904 0.8758147863653937
0.8679000023412572 -0.2669202873603044 0 0.2669202873603044 0.8679000023412572
0.8553712728072148 -0.267720914537027 0 0.267720914537027 0.8553712728072148
0.8446804031736173 -0.2683926907896856 0 0.2683926907896856 0.8446804031736173
0.8353303529452132 -0.2689604309942402 0 0.2689604309942402 0.8353303529452132
0.822800930553539 -0.2697515130309679 0 0.2697515130309679 0.822800930553539
0.8102712392502238 -0.2705382023675041 0 0.2705382023675041 0.8102712392502238
0.7977412415482038 -0.2713204778221633 0 0.2713204778221633 0.7977412415482038
0.7852109481549744 -0.2720987454193181 0 0.2720987454193181 0.7852109481549744
0.7726803861020589 -0.2728728794627462 0 0.2728728794627462 0.7726803861020589
0.7601495677440161 -0.2736432841275658 0 0.2736432841275658 0.7601495677440161
0.7476184766394757 -0.2744097775479534 0 0.2744097775479534 0.7476184766394757
0.7350871661547316 -0.2751728430878008 0 0.2751728430878008 0.7350871661547316
0.722555591863892 -0.275932190045135 0 0.275932190045135 0.722555591863892
0.7100237249189761 -0.2766868897244431 0 0.2766868897244431 0.7100237249189761
0.6974915611174413 -0.277437385340524 0 0.277437385340524 0.6974915611174413
0.6849591137713774 -0.2781835305420782 0 0.2781835305420782 0.6849591137713774
0.6724263414372608 -0.2789247901254349 0 0.2789247901254349 0.6724263414372608
0.6598933066383372 -0.279662018002544 0 0.279662018002544 0.6598933066383372
0.6473599539649005 -0.2803942374240596 0 0.2803942374240596 0.6473599539649005
0.6348261714189761 -0.2811199347316822 0 0.2811199347316822 0.6348261714189761
0.6222920365466624 -0.2818399773969071 0 0.2818399773969071 0.6222920365466624
0.6097574991255134 -0.2825537754477622 0 0.2825537754477622 0.6097574991255134
0.5972224744225832 -0.2832598108198529 0 0.2832598108198529 0.5972224744225832
0.5846870273407279 -0.2839589486526025 0 0.2839589486526025 0.5846870273407279
0.5721511153442623 -0.2846506517979216 0 0.2846506517979216 0.5721511153442623
0.5596146250253433 -0.2853327958114217 0 0.2853327958114217 0.5596146250253433
0.5470775854727571 -0.2860056556936664 0 0.2860056556936664 0.5470775854727571
0.5345400058195601 -0.2866695025578379 0 0.2866695025578379 0.5345400058195601
0.5220017459829246 -0.2873216337801457 0 0.2873216337801457 0.5220017459829246
0.5094625496889041 -0.2879574315198081 0 0.2879574315198081 0.5094625496889041
0.4969225779926937 -0.2885794232445117 0 0.2885794232445117 0.4969225779926937
0.4843822598284172 -0.2891957832233547 0 0.2891957832233547 0.4843822598284172
0.4788677660789848 -0.2894345311164964 0 0.2894345311164964 0.4788677660789848
0.4663255855795386 -0.2900148206575178 0 0.2900148206575178 0.4663255855795386
0.4537833197280899 -0.2905940178358877 0 0.2905940178358877 0.4537833197280899
0.4412403755411445 -0.2911596853240689 0 0.2911596853240689 0.4412403755411445
0.428696194017626 -0.2916990258458856 0 0.2916990258458856 0.428696194017626
0.4161510499232363 -0.2922181871535636 0 0.2922181871535636 0.4161510499232363
0.4036049803495629 -0.2927167254274736 0 0.2927167254274736 0.4036049803495629
0.3910579228140647 -0.2931920477958194 0 0.2931920477958194 0.3910579228140647
0.3785098011530902 -0.2936416074104911 0 0.2936416074104911 0.3785098011530902
0.3659609498862605 -0.2940724133517407 0 0.2940724133517407 0.3659609498862605
0.3534116810446082 -0.2944924714531798 0 0.2944924714531798 0.3534116810446082
0.3408620468823561 -0.2949015868894503 0 0.2949015868894503 0.3408620468823561
0.3283118404027086 -0.2952954428716343 0 0.2952954428716343 0.3283118404027086
0.3157610356227208 -0.2956705590899419 0 0.2956705590899419 0.3157610356227208
0.3032096613313675 -0.2960289176027832 0 0.2960289176027832 0.3032096613313675
0.2906576567192604 -0.2963666164648817 0 0.2963666164648817 0.2906576567192604
0.2781048644300668 -0.2966767523998566 0 0.2966767523998566 0.2781048644300668
0.2655513885312641 -0.29696085232254 0 0.29696085232254 0.2655513885312641
0.2529972009961893 -0.297214832087629 0 0.297214832087629 0.2529972009961893
0.2404422313636719 -0.2974310880875188 0 0.2974310880875188 0.2404422313636719
0.2278866229100771 -0.2976108770973921 0 0.2976108770973921 0.2278866229100771
0.2153304222188703 -0.2977479596741883 0 0.2977479596741883 0.2153304222188703
0.20277371478341 -0.2978344069216116 0 0.2978344069216116 0.20277371478341
0.1902167516184339 -0.2978704058658361 0 0.2978704058658361 0.1902167516184339
0.1776597576788433 -0.2978465442713633 0 0.2978465442713633 0.1776597576788433
0.1651030848085175 -0.2977565099493992 0 0.2977565099493992 0.1651030848085175
0.1525471929122841 -0.2975959980850356 0 0.2975959980850356 0.1525471929122841
0.139992818787351 -0.2973515938031123 0 0.2973515938031123 0.139992818787351
0.1274407192216991 -0.2970181255700532 0 0.2970181255700532 0.1274407192216991
0.1148921392793723 -0.2965820700619263 0 0.2965820700619263 0.1148921392793723
0.1023485326781518 -0.2960313242901879 0 0.2960313242901879 0.1023485326781518
0.08981199551009142 -0.2953509945389616 0 0.2953509945389616 0.08981199551009142
0.07728559256649137 -0.2945195545856717 0 0.2945195545856717 0.07728559256649137
0.06477321306605424 -0.2935161541180007 0 0.2935161541180007 0.06477321306605424
0.05228609438453326 -0.2922628257230852 0 0.2922628257230852 0.05228609438453326
0.9873913446507104 -0.3084321914625844 0 0.3084321914625844 0.9873913446507104
0.9764454811303979 -0.3091568831182388 0 0.3091568831182388 0.9764454811303979
0.9660234553425773 -0.309835433064206 0 0.309835433064206 0.9660234553425773
0.9561134568220748 -0.3104716568077803 0 0.3104716568077803 0.9561134568220748
0.9435026764302579 -0.3113051215599684 0 0.3113051215599684 0.9435026764302579
0.9340878213118589 -0.3118934448903924 0 0.3118934448903924 0.9340878213118589
0.9214762309523346 -0.3127160896294391 0 0.3127160896294391 0.9214762309523346
0.9125367893337637 -0.3132617586375215 0 0.3132617586375215 0.9125367893337637
0.8999243980826089 -0.3140729474530167 0 0.3140729474530167 0.8999243980826089
0.8873114627143599 -0.3148764140871258 0 0.3148764140871258 0.8873114627143599
0.8746982303803793 -0.315676248638695 0 0.315676248638695 0.8746982303803793
0.8666374404404179 -0.3161457449649281 0 0.3161457449649281 0.8666374404404179
0.8540235457966986 -0.3169358148430736 0 0.3169358148430736 0.8540235457966986
0.8432232765067246 -0.3175987328622869 0 0.3175987328622869 0.8432232765067246
0.8337461461934829 -0.3181589866824797 0 0.3181589866824797 0.8337461461934829
0.8211315678283506 -0.3189396372855784 0 0.3189396372855784 0.8211315678283506
0.8085167240975243 -0.3197159531118877 0 0.3197159531118877 0.8085167240975243
0.795901578008253 -0.3204879132590297 0 0.3204879132590297 0.795901578008253
0.7832861401268421 -0.3212559183974235 0 0.3212559183974235 0.7832861401268421
0.7706704371283687 -0.3220198444883133 0 0.3220198444883133 0.7706704371283687
0.7580544812044805 -0.3227800903772484 0 0.3227800903772484 0.7580544812044805
0.7454382561306075 -0.3235364765965401 0 0.3235364765965401 0.7454382561306075
0.7328218145693419 -0.3242894801363054 0 0.3242894801363054 0.7328218145693419
0.7202051126806027 -0.3250388141278512 0 0.3250388141278512 0.7202051126806027
0.7075881219968084 -0.3257835621217088 0 0.3257835621217088 0.7075881219968084
0.694970838370831 -0.3265241614883207 0 0.3265241614883207 0.694970838370831
0.6823532749392237 -0.3272604678062169 0 0.3272604678062169 0.6823532749392237
0.6697353908049496 -0.3279919529290753 0 0.3279919529290753 0.6697353908049496
0.6571172476668047 -0.3287194595089189 0 0.3287194595089189 0.6571172476668047
0.6444987908457308 -0.3294420236760979 0 0.3294420236760979 0.6444987908457308
0.6318799098205907 -0.3301581517318448 0 0.3301581517318448 0.6318799098205907
0.6192606811149383 -0.3308686997089271 0 0.3308686997089271 0.6192606811149383
0.6066410551685743 -0.331573085414912 0 0.331573085414912 0.6066410551685743
0.5940209483658666 -0.3322698108030366 0 0.3322698108030366 0.5940209483658666
0.581400424753843 -0.3329597296047482 0 0.3329597296047482 0.581400424753843
0.5687794423577059 -0.333642311754946 0 0.333642311754946 0.5687794423577059
0.5561578892650413 -0.3343154608227728 0 0.3343154608227728 0.5561578892650413
0.5435357941810612 -0.3349794481825564 0 0.3349794481825564 0.5435357941810612
0.5309131661183923 -0.335634541372503 0 0.335634541372503 0.5309131661183923
0.5182898668413789 -0.3362780734063931 0 0.3362780734063931 0.5182898668413789
0.5056656434553766 -0.3369054873356148 0 0.3369054873356148 0.5056656434553766
0.4930406548918596 -0.3375192772999429 0 0.3375192772999429 0.4930406548918596
0.4804153244289038 -0.3381275097802232 0 0.3381275097802232 0.4804153244289038
0.4747231738490479 -0.3383631094757184 0 0.3383631094757184 0.4747231738490479
0.4620960056082071 -0.3389357471532949 0 0.3389357471532949 0.4620960056082071
0.4494687531408393 -0.3395073068724263 0 0.3395073068724263 0.4494687531408393
0.4368408312827009 -0.3400655153077367 0 0.3400655153077367 0.4368408312827009
0.4242116884038639 -0.3405977439315964 0 0.3405977439315964 0.4242116884038639
0.4115815956468905 -0.3411100594302112 0 0.3411100594302112 0.4115815956468905
0.3989505896142683 -0.3416020238362841 0 0.3416020238362841 0.3989505896142683
0.3863186086473687 -0.3420710784683688 0 0.3420710784683688 0.3863186086473687
0.3736855775868556 -0.3425147100618234 0 0.3425147100618234 0.3736855775868556
0.3610518265412794 -0.3429398352731618 0 0.3429398352731618 0.3610518265412794
0.3484176634271414 -0.3433543543687817 0 0.3433543543687817 0.3484176634271414
0.3357831398096257 -0.343758075092348 0 0.343758075092348 0.3357831398096257
0.3231480514214555 -0.3441467375773573 0 0.3441467375773573 0.3231480514214555
0.3105123726223047 -0.3445169074063804 0 0.3445169074063804 0.3105123726223047
0.2978761318215283 -0.3448705405018382 0 0.3448705405018382 0.2978761318215283
0.2852392690115879 -0.3452037863706212 0 0.3452037863706212 0.2852392690115879
0.2726016289110966 -0.3455098327649273 0 0.3455098327649273 0.2726016289110966
0.2599633142152681 -0.3457901864652521 0 0.3457901864652521 0.2599633142152681
0.2473242972670071 -0.3460408171810019 0 0.3460408171810019 0.2473242972670071
0.2346845085342641 -0.3462542215679183 0 0.3462542215679183 0.2346845085342641
0.2220440894041214 -0.3464316398289869 0 0.3464316398289869 0.2220440894041214
0.2094030858457815 -0.3465669147962284 0 0.3465669147962284 0.2094030858457815
0.1967615822252627 -0.3466522221260437 0 0.3466522221260437 0.1967615822252627
0.1841198262473508 -0.3466877463784264 0 0.3466877463784264 0.1841198262473508
0.1714780399006271 -0.3466641994303087 0 0.3466641994303087 0.1714780399006271
0.1588365703894571 -0.3465753523272254 0 0.3465753523272254 0.1588365703894571
0.1461958715542315 -0.3464169570187898 0 0.3464169570187898 0.1461958715542315
0.1335566704765396 -0.3461757755222249 0 0.3461757755222249 0.1335566704765396
0.1209197139651389 -0.3458467044972771 0 0.3458467044972771 0.1209197139651389
0.1082862306663028 -0.3454163989424341 0 0.3454163989424341 0.1082862306663028
0.09565765512867377 -0.3448729154626238 0 0.3448729154626238 0.09565765512867377
0.08303605580463561 -0.3442015567347704 0 0.3442015567347704 0.08303605580463561
0.07042445707227329 -0.3433810803872304 0 0.3433810803872304 0.07042445707227329
0.05782669686593842 -0.3423909110458727 0 0.3423909110458727 0.05782669686593842
0.04525386438213093 -0.3411541093984563 0 0.3411541093984563 0.04525386438213093
0.9872933242590152 -0.3651600031754333 0 0.3651600031754333 0.9872933242590152
0.9762238884550465 -0.365873558595034 0 0.365873558595034 0.9762238884550465
0.9656702406416159 -0.3665416813582091 0 0.3665416813582091 0.9656702406416159
0.9556207518433345 -0.3671681283398803 0 0.3671681283398803 0.9556207518433345
0.9429119837150565 -0.3679887853549121 0 0.3679887853549121 0.9429119837150565
0.9333500295187298 -0.3685680680024477 0 0.3685680680024477 0.9333500295187298
0.9206404638694063 -0.369378071273983 0 0.369378071273983 0.9206404638694063
0.9115466175594372 -0.3699153550622405 0 0.3699153550622405 0.9115466175594372
0.8988362633256742 -0.3707140784518164 0 0.3707140784518164 0.8988362633256742
0.8861253733361889 -0.3715051983256989 0 0.3715051983256989 0.8861253733361889
0.8734141909444035 -0.3722927419307516 0 0.3722927419307516 0.8734141909444035
0.8651854941942747 -0.3727550235722107 0 0.3727550235722107 0.8651854941942747
0.8524736596703726 -0.3735329525562251 0 0.3735329525562251 0.8524736596703726
0.8415475807703501 -0.3741856836063065 0 0.3741856836063065 0.8415475807703501
0.8319243083534831 -0.3747373280838917 0 0.3747373280838917 0.8319243083534831
0.8192118006148206 -0.3755059825375552 0 0.3755059825375552 0.8192118006148206
0.8064990315883012 -0.3762703688263448 0 0.3762703688263448 0.8064990315883012
0.7937859648496379 -0.3770304663690862 0 0.3770304663690862 0.7937859648496379
0.7810726108027644 -0.3777866696791514 0 0.3777866696791514 0.7810726108027644
0.7683589957128448 -0.3785388566238713 0 0.3785388566238713 0.7683589957128448
0.7556451315841811 -0.3792874199197906 0 0.3792874199197906 0.7556451315841811
0.7429310024415232 -0.3800321828570761 0 0.3800321828570761 0.7429310024415232
0.7302166601382041 -0.3807736150960033 0 0.3807736150960033 0.7302166601382041
0.7175020615078278 -0.3815114341761506 0 0.3815114341761506 0.7175020615078278
0.7047871785202701 -0.3822447377310019 0 0.3822447377310019 0.7047871785202701
0.692072007092131 -0.3829739564099882 0 0.3829739564099882 0.692072007092131
0.6793565601580972 -0.3836989480109443 0 0.3836989480109443 0.6793565601580972
0.6666407974495895 -0.3844191925035 0 0.3844191925035 0.6666407974495895
0.6539247797172872 -0.3851355195907606 0 0.3851355195907606 0.6539247797172872
0.6412084531223787 -0.3858469802147284 0 0.3858469802147284 0.6412084531223787
0.6284917088420893 -0.3865521036300976 0 0.3865521036300976 0.6284917088420893
0.6157746222240452 -0.3872517327150992 0 0.3872517327150992 0.6157746222240452
0.6030571444696334 -0.3879452942237708 0 0.3879452942237708 0.6030571444696334
0.5903391932481304 -0.3886313131296265 0 0.3886313131296265 0.5903391932481304
0.5776208316223626 -0.3893106300449409 0 0.3893106300449409 0.5776208316223626
0.5649020182625535 -0.3899827230500502 0 0.3899827230500502 0.5649020182625535
0.552182642976031 -0.39064552792966 0 0.39064552792966 0.552182642976031
0.5394627340268993 -0.3912993118879265 0 0.3912993118879265 0.5394627340268993
0.526742300289288 -0.3919443383518332 0 0.3919443383518332 0.526742300289288
0.5140212056517911 -0.3925779813183687 0 0.3925779813183687 0.5140212056517911
0.5012992011059618 -0.3931957538649204 0 0.3931957538649204 0.5012992011059618
0.4885764431409947 -0.3938001118041617 0 0.3938001118041617 0.4885764431409947
0.4758533485305098 -0.3943989976604437 0 0.3943989976604437 0.4758533485305098
0.4699568925871832 -0.3946309769282957 0 0.3946309769282957 0.4699568925871832
0.4572319884396919 -0.3951948149622819 0 0.3951948149622819 0.4572319884396919
0.4445070013599713 -0.3957575916026613 0 0.3957575916026613 0.4445070013599713
0.4317813551759152 -0.3963072221265506 0 0.3963072221265506 0.4317813551759152
0.4190545067344167 -0.3968312720671573 0 0.3968312720671573 0.4190545067344167
0.4063267230114277 -0.3973357148847595 0 0.3973357148847595 0.4063267230114277
0.3935980400469703 -0.3978201193422428 0 0.3978201193422428 0.3935980400469703
0.3808683971299159 -0.3982819660770649 0 0.3982819660770649 0.3808683971299159
0.3681377202558912 -0.3987187804455739 0 0.3987187804455739 0.3681377202558912
0.3554063344607141 -0.3991373728169799 0 0.3991373728169799 0.3554063344607141
0.3426745429291757 -0.3995455220553802 0 0.3995455220553802 0.3426745429291757
0.3299423964340653 -0.3999430388588162 0 0.3999430388588162 0.3299423964340653
0.3172096938470529 -0.4003257288215634 0 0.4003257288215634 0.3172096938470529
0.3044764099218237 -0.4006902103024103 0 0.4006902103024103 0.3044764099218237
0.2917425726311704 -0.4010384091673884 0 0.4010384091673884 0.2917425726311704
0.2790081228896814 -0.4013665340933832 0 0.4013665340933832 0.2790081228896814
0.2662729078021579 -0.4016678775154618 0 0.4016678775154618 0.2662729078021579
0.2535370284857106 -0.4019439230596326 0 0.4019439230596326 0.2535370284857106
0.2408004577082468 -0.4021907023682199 0 0.4021907023682199 0.2408004577082468
0.2280631270062062 -0.4024008273998178 0 0.4024008273998178 0.2280631270062062
0.2153251755939956 -0.4025755192993845 0 0.4025755192993845 0.2153251755939956
0.2025866487344149 -0.4027087155152895 0 0.4027087155152895 0.2025866487344149
0.1898476294970417 -0.4027927119395386 0 0.4027927119395386 0.1898476294970417
0.1771083617802165 -0.4028276902960178 0 0.4028276902960178 0.1771083617802165
0.1643690641612529 -0.4028045051909613 0 0.4028045051909613 0.1643690641612529
0.151630078509075 -0.4027170233893851 0 0.4027170233893851 0.151630078509075
0.1388918516899708 -0.4025610621201052 0 0.4025610621201052 0.1388918516899708
0.1261550996125674 -0.4023235868265943 0 0.4023235868265943 0.1261550996125674
0.1134205576095157 -0.4019995725909221 0 0.4019995725909221 0.1134205576095157
0.1006894354466517 -0.4015758794823684 0 0.4015758794823684 0.1006894354466517
0.08796314562810725 -0.4010407476383604 0 0.4010407476383604 0.08796314562810725
0.07524372482064476 -0.4003797055875521 0 0.4003797055875521 0.07524372482064476
0.06253415092714959 -0.3995718373868863 0 0.3995718373868863 0.06253415092714959
0.04983820290496711 -0.3985968838411591 0 0.3985968838411591 0.04983820290496711
0.03716679954444916 -0.3973790879538951 0 0.3973790879538951 0.03716679954444916
0.9871806008117995 -0.4303969847588432 0 0.4303969847588432 0.9871806008117995
0.9759690568857082 -0.4310977335075213 0 0.4310977335075213 0.9759690568857082
0.9652640437471756 -0.4317538650109977 0 0.4317538650109977 0.9652640437471756
0.9550541411340582 -0.4323690687169682 0 0.4323690687169682 0.9550541411340582
0.9422326871120834 -0.4331749968348752 0 0.4331749968348752 0.9422326871120834
0.9325015689810017 -0.4337438826975493 0 0.4337438826975493 0.9325015689810017
0.9196793317516417 -0.4345393482820459 0 0.4345393482820459 0.9196793317516417
0.9104079200516692 -0.43506698906794 0 0.43506698906794 0.9104079200516692
0.8975849083911389 -0.4358513772183023 0 0.4358513772183023 0.8975849083911389
0.8847613705904643 -0.4366282983185142 0 0.4366282983185142 0.8847613705904643
0.8719375456354352 -0.4374017073356601 0 0.4374017073356601 0.8719375456354352
0.8635157560591663 -0.4378556920900207 0 0.4378556920900207 0.8635157560591663
0.8506912906762857 -0.438619659046367 0 0.438619659046367 0.8506912906762857
0.8396205307288634 -0.4392606750824533 0 0.4392606750824533 0.8396205307288634
0.8298291948976576 -0.439802418816486 0 0.439802418816486 0.8298291948976576
0.8170040683826664 -0.4405572776988775 0 0.4405572776988775 0.8170040683826664
0.8041786852693317 -0.4413079450200953 0 0.4413079450200953 0.8041786852693317
0.7913530097870987 -0.4420544005683495 0 0.4420544005683495 0.7913530097870987
0.7785270521531735 -0.4427970317764086 0 0.4427970317764086 0.7785270521531735
0.7657008381613229 -0.4435357187036027 0 0.4435357187036027 0.7657008381613229
0.7528743796003976 -0.4442708470181218 0 0.4442708470181218 0.7528743796003976
0.7400476607818675 -0.4450022431816657 0 0.4450022431816657 0.7400476607818675
0.7272207326284172 -0.4457303684251929 0 0.4457303684251929 0.7272207326284172
0.714393552748389 -0.4464549453577944 0 0.4464549453577944 0.714393552748389
0.7015660936147334 -0.4471750878083481 0 0.4471750878083481 0.7015660936147334
0.688738351217339 -0.4478912186971228 0 0.4478912186971228 0.688738351217339
0.675910338258744 -0.4486031983741534 0 0.4486031983741534 0.675910338258744
0.6630820151930972 -0.4493105161424139 0 0.4493105161424139 0.6630820151930972
0.6502534416807443 -0.4500139868137554 0 0.4500139868137554 0.6502534416807443
0.6374245648491553 -0.4507126783635786 0 0.4507126783635786 0.6374245648491553
0.6245952778286731 -0.4514051464430591 0 0.4514051464430591 0.6245952778286731
0.6117656546146086 -0.4520922188027102 0 0.4520922188027102 0.6117656546146086
0.5989356472841699 -0.4527733324850105 0 0.4527733324850105 0.5989356472841699
0.5861051749842808 -0.4534470389367924 0 0.4534470389367924 0.5861051749842808
0.5732742996459357 -0.4541141636832823 0 0.4541141636832823 0.5732742996459357
0.5604429806811316 -0.4547741941720677 0 0.4547741941720677 0.5604429806811316
0.547611109874901 -0.4554251032357515 0 0.4554251032357515 0.547611109874901
0.534778714984072 -0.456067153282792 0 0.456067153282792 0.534778714984072
0.5219458047235046 -0.4567006030122671 0 0.4567006030122671 0.5219458047235046
0.5091122454246791 -0.4573228735518534 0 0.4573228735518534 0.5091122454246791
0.4962777925482749 -0.4579295585088344 0 0.4579295585088344 0.4962777925482749
0.483442599774866 -0.4585230696197192 0 0.4585230696197192 0.483442599774866
0.470607076397949 -0.4591112068588933 0 0.4591112068588933 0.470607076397949
0.4644756692933903 -0.4593390226352128 0 0.4593390226352128 0.4644756692933903
0.4516383688564761 -0.4598927410795421 0 0.4598927410795421 0.4516383688564761
0.4388009869757744 -0.4604454171798285 0 0.4604454171798285 0.4388009869757744
0.4259629578201377 -0.4609851831060486 0 0.4609851831060486 0.4259629578201377
0.4131237479848027 -0.4614998275613659 0 0.4614998275613659 0.4131237479848027
0.4002836196541192 -0.4619952167962448 0 0.4619952167962448 0.4002836196541192
0.3874426082212747 -0.4624709273132813 0 0.4624709273132813 0.3874426082212747
0.3746006540647644 -0.462924484966671 0 0.462924484966671 0.3746006540647644
0.3617576845084235 -0.463353459526899 0 0.463353459526899 0.3617576845084235
0.3489140187544271 -0.4637645391327799 0 0.4637645391327799 0.3489140187544271
0.3360699545460999 -0.4641653630357694 0 0.4641653630357694 0.3360699545460999
0.3232255417449769 -0.4645557453314417 0 0.4645557453314417 0.3232255417449769
0.3103805828325169 -0.4649315668939661 0 0.4649315668939661 0.3103805828325169
0.2975350530155183 -0.4652895067747794 0 0.4652895067747794 0.2975350530155183
0.2846889797647263 -0.4656314562750667 0 0.4656314562750667 0.2846889797647263
0.271842305055177 -0.4659536921172054 0 0.4659536921172054 0.271842305055177
0.2589948787357864 -0.466249627121559 0 0.466249627121559 0.2589948787357864
0.2461468001088467 -0.4665207182864762 0 0.4665207182864762 0.2461468001088467
0.2332980424310185 -0.4667630684771344 0 0.4667630684771344 0.2332980424310185
0.2204485384675044 -0.4669694222504055 0 0.4669694222504055 0.2204485384675044
0.2075984249341339 -0.4671409788345164 0 0.4671409788345164 0.2075984249341339
0.1947477462813444 -0.4672717844866338 0 0.4672717844866338 0.1947477462813444
0.1818965840878065 -0.467354273369706 0 0.467354273369706 0.1818965840878065
0.1690451778744487 -0.4673886239460949 0 0.4673886239460949 0.1690451778744487
0.1561937422956268 -0.4673658549607275 0 0.4673658549607275 0.1561937422956268
0.1433426130845073 -0.4672799432560198 0 0.4672799432560198 0.1433426130845073
0.1304922290871608 -0.4671267811318689 0 0.4671267811318689 0.1304922290871608
0.1176432933633083 -0.466893567971928 0 0.466893567971928 0.1176432933633083
0.1047965280480779 -0.4665753690439361 0 0.4665753690439361 0.1047965280480779
0.09195312119480357 -0.4661592802485765 0 0.4661592802485765 0.09195312119480357
0.07911445995643085 -0.4656337527856449 0 0.4656337527856449 0.07911445995643085
0.06628254444625822 -0.4649845749132776 0 0.4649845749132776 0.06628254444625822
0.05346029912069325 -0.4641912060812803 0 0.4641912060812803 0.05346029912069325
0.0406514351135261 -0.4632337507002046 0 0.4632337507002046 0.0406514351135261
0.02786667524804378 -0.4620378114366667 0 0.4620378114366667 0.02786667524804378
0.9870509688402533 -0.5054195177522544 0 0.5054195177522544 0.9870509688402533
0.975676000564588 -0.5061055388288184 0 0.5061055388288184 0.975676000564588
0.9647969172924622 -0.5067478803831353 0 0.5067478803831353 0.9647969172924622
0.9544025387819778 -0.5073501543215865 0 0.5073501543215865 0.9544025387819778
0.9414514959750053 -0.5081391442071403 0 0.5081391442071403 0.9414514959750053
0.9315258393080895 -0.50869607376681 0 0.50869607376681 0.9315258393080895
0.9185740297544424 -0.5094748210105647 0 0.5094748210105647 0.9185740297544424
0.9090984178445612 -0.5099913723433709 0 0.5099913723433709 0.9090984178445612
0.896145850136004 -0.510759274968003 0 0.510759274968003 0.896145850136004
0.8831927673452169 -0.5115198674778677 0 0.5115198674778677 0.8831927673452169
0.8702394034352139 -0.5122770217183 0 0.5122770217183 0.8702394034352139
0.8615955570964843 -0.5127214650522038 0 0.5127214650522038 0.8615955570964843
0.8486415662185351 -0.5134693756761213 0 0.5134693756761213 0.8486415662185351
0.8374044230573062 -0.5140969194456292 0 0.5140969194456292 0.8374044230573062
0.8274198142888152 -0.5146272773241948 0 0.5146272773241948 0.8274198142888152
0.8144651761738035 -0.5153662712990238 0 0.5153662712990238 0.8144651761738035
0.8015102868533894 -0.5161011618069389 0 0.5161011618069389 0.8015102868533894
0.7885551113088094 -0.5168319290609427 0 0.5168319290609427 0.7885551113088094
0.7755996595425341 -0.5175589523511093 0 0.5175589523511093 0.7755996595425341
0.7626439568062209 -0.5182821142575676 0 0.5182821142575676 0.7626439568062209
0.7496880146409544 -0.5190017923428998 0 0.5190017923428998 0.7496880146409544
0.7367318176879302 -0.5197178167160684 0 0.5197178167160684 0.7367318176879302
0.7237754157995895 -0.5204306389143175 0 0.5204306389143175 0.7237754157995895
0.710818767475221 -0.5211399873766767 0 0.5211399873766767 0.710818767475221
0.6978618457663135 -0.5218449945567292 0 0.5218449945567292 0.6978618457663135
0.6849046467470357 -0.5225460744862056 0 0.5225460744862056 0.6849046467470357
0.6719471828529562 -0.5232430904501727 0 0.5232430904501727 0.6719471828529562
0.6589894153693616 -0.5239355424849493 0 0.5239355424849493 0.6589894153693616
0.6460314027027119 -0.5246242282774439 0 0.5246242282774439 0.6460314027027119
0.6330730930917022 -0.5253082353914668 0 0.5253082353914668 0.6330730930917022
0.6201143819127609 -0.5259861498341483 0 0.5259861498341483 0.6201143819127609
0.6071553416060353 -0.5266587819591263 0 0.5266587819591263 0.6071553416060353
0.5941959252559297 -0.5273255806405861 0 0.5273255806405861 0.5941959252559297
0.5812360537086609 -0.5279851277696788 0 0.5279851277696788 0.5812360537086609
0.5682757875936162 -0.5286382315215226 0 0.5286382315215226 0.5682757875936162
0.5553150871758329 -0.5292843901160471 0 0.5292843901160471 0.5553150871758329
0.5423538465147032 -0.5299216189909378 0 0.5299216189909378 0.5423538465147032
0.5293920927836885 -0.530550175039601 0 0.530550175039601 0.5293920927836885
0.5164298345144881 -0.5311703115240222 0 0.5311703115240222 0.5164298345144881
0.5034669408479022 -0.5317795037721721 0 0.5317795037721721 0.5034669408479022
0.4905031723841053 -0.5323734380007207 0 0.5323734380007207 0.4905031723841053
0.4775386795737582 -0.5329544752585845 0 0.5329544752585845 0.4775386795737582
0.464573863108214 -0.5335302515876802 0 0.5335302515876802 0.464573863108214
0.458172262153156 -0.5337532793486861 0 0.5337532793486861 0.458172262153156
0.4452057059761775 -0.534295360264546 0 0.534295360264546 0.4452057059761775
0.4322390700671198 -0.5348364207433622 0 0.5348364207433622 0.4322390700671198
0.419271800486938 -0.5353648423819152 0 0.5353648423819152 0.419271800486938
0.4063033750414649 -0.5358686705288312 0 0.5358686705288312 0.4063033750414649
0.3933340504047081 -0.5363536481432827 0 0.5363536481432827 0.3933340504047081
0.3803638612259944 -0.5368193606285326 0 0.5368193606285326 0.3803638612259944
0.3673927491368877 -0.5372633858380279 0 0.5372633858380279 0.3673927491368877
0.3544206429886614 -0.5376833446185149 0 0.5376833446185149 0.3544206429886614
0.3414478552748021 -0.538085784543845 0 0.538085784543845 0.3414478552748021
0.3284746774809478 -0.5384781843109272 0 0.5384781843109272 0.3284746774809478
0.3155011584206904 -0.5388603619224982 0 0.5388603619224982 0.3155011584206904
0.3025271047267465 -0.5392282848246108 0 0.5392282848246108 0.3025271047267465
0.2895524921269946 -0.5395787018652511 0 0.5395787018652511 0.2895524921269946
0.2765773475148259 -0.5399134645960275 0 0.5399134645960275 0.2765773475148259
0.2636016140847897 -0.5402289279916388 0 0.5402289279916388 0.2636016140847897
0.2506251448415356 -0.5405186433155466 0 0.5405186433155466 0.2506251448415356
0.2376480370003143 -0.540784036944289 0 0.540784036944289 0.2376480370003143
0.2246702643798525 -0.54102129364933 0 0.54102129364933 0.2246702643798525
0.2116917611584299 -0.5412233104755683 0 0.5412233104755683 0.2116917611584299
0.1987126611785126 -0.5413912614469882 0 0.5413912614469882 0.1987126611785126
0.1857330079563206 -0.5415193179508813 0 0.5415193179508813 0.1857330079563206
0.1727528813559812 -0.5416000731617883 0 0.5416000731617883 0.1727528813559812
0.1597725158643994 -0.5416337017913175 0 0.5416337017913175 0.1597725158643994
0.1467921216245289 -0.5416114113439039 0 0.5416114113439039 0.1467921216245289
0.1338120273134149 -0.5415273052509809 0 0.5415273052509809 0.1338120273134149
0.120832662553877 -0.5413773621441927 0 0.5413773621441927 0.120832662553877
0.1078547156293933 -0.5411490504384153 0 0.5411490504384153 0.1078547156293933
0.09487889349794057 -0.5408375391149133 0 0.5408375391149133 0.09487889349794057
0.08190635924347349 -0.5404301952804992 0 0.5404301952804992 0.08190635924347349
0.06893847086507168 -0.5399157128567061 0 0.5399157128567061 0.06893847086507168
0.05597718643954802 -0.5392801787905916 0 0.5392801787905916 0.05597718643954802
0.04302536895985699 -0.5385034842337774 0 0.5385034842337774 0.04302536895985699
0.03008665156269608 -0.537566151743458 0 0.537566151743458 0.03008665156269608
0.01717153170921504 -0.5363953475988913 0 0.5363953475988913 0.01717153170921504
0.9869018920704462 -0.591695432198366 0 0.591695432198366 0.9869018920704462
0.9753389857895736 -0.5923645164512288 0 0.5923645164512288 0.9753389857895736
0.9642597218604055 -0.5929909995632706 0 0.5929909995632706 0.9642597218604055
0.9536531960643326 -0.5935784042683586 0 0.5935784042683586 0.9536531960643326
0.9405531261520854 -0.5943479151858632 0 0.5943479151858632 0.9405531261520854
0.9304037501651443 -0.5948910949963897 0 0.5948910949963897 0.9304037501651443
0.9173029324360398 -0.5956506161474522 0 0.5956506161474522 0.9173029324360398
0.9075924902807557 -0.596154414608545 0 0.596154414608545 0.9075924902807557
0.8944909331144411 -0.5969033588777533 0 0.5969033588777533 0.8944909331144411
0.8813888735824988 -0.5976451735078877 0 0.5976451735078877 0.8813888735824988
0.8682865398717495 -0.5983836347542693 0 0.5983836347542693 0.8682865398717495
0.859387328251828 -0.598817105454032 0 0.598817105454032 0.859387328251828
0.846284383052024 -0.5995465512948306 0 0.5995465512948306 0.846284383052024
0.8348558991916604 -0.6001586019570309 0 0.6001586019570309 0.8348558991916604
0.8246490265415002 -0.6006758661011318 0 0.6006758661011318 0.8246490265415002
0.8115454500839391 -0.6013966154314416 0 0.6013966154314416 0.8115454500839391
0.7984416286228585 -0.6021133626032382 0 0.6021133626032382 0.7984416286228585
0.7853375280040533 -0.6028260883180359 0 0.6028260883180359 0.7853375280040533
0.7722331579830503 -0.6035351625018093 0 0.6035351625018093 0.7722331579830503
0.7591285431880805 -0.6042404706336064 0 0.6042404706336064 0.7591285431880805
0.7460236948752961 -0.6049423809545594 0 0.6049423809545594 0.7460236948752961
0.7329185980650798 -0.6056407277679844 0 0.6056407277679844 0.7329185980650798
0.7198133013790898 -0.6063359514633526 0 0.6063359514633526 0.7198133013790898
0.7067077643412057 -0.6070277871841242 0 0.6070277871841242 0.7067077643412057
0.6936019606682338 -0.6077153888022924 0 0.6077153888022924 0.6936019606682338
0.6804958865312659 -0.6083991601277703 0 0.6083991601277703 0.6804958865312659
0.6673895540588547 -0.6090789678209098 0 0.6090789678209098 0.6673895540588547
0.6542829254920953 -0.6097543242613778 0 0.6097543242613778 0.6542829254920953
0.6411760577954806 -0.6104260074423979 0 0.6104260074423979 0.6411760577954806
0.6280689004856134 -0.6110931274544524 0 0.6110931274544524 0.6280689004856134
0.6149613515219201 -0.6117543052140187 0 0.6117543052140187 0.6149613515219201
0.601853481556111 -0.6124103310683283 0 0.6124103310683283 0.601853481556111
0.5887452448308642 -0.6130606674980306 0 0.6130606674980306 0.5887452448308642
0.575636564146585 -0.6137039314052418 0 0.6137039314052418 0.575636564146585
0.5625274986358128 -0.6143409110124578 0 0.6143409110124578 0.5625274986358128
0.5494180095445809 -0.6149711169277999 0 0.6149711169277999 0.5494180095445809
0.5363079935477943 -0.6155926135847997 0 0.6155926135847997 0.5363079935477943
0.5231974771480435 -0.6162056515345532 0 0.6162056515345532 0.5231974771480435
0.5100864686663931 -0.6168104777863909 0 0.6168104777863909 0.5100864686663931
0.4969748404743604 -0.6174046299986224 0 0.6174046299986224 0.4969748404743604
0.4838623590825407 -0.6179839008887135 0 0.6179839008887135 0.4838623590825407
0.4707491712271928 -0.6185505932148482 0 0.6185505932148482 0.4707491712271928
0.4576356677072063 -0.619112154496601 0 0.619112154496601 0.4576356677072063
0.4509233438187565 -0.6193296760395163 0 0.6193296760395163 0.4509233438187565
0.4378081435381832 -0.6198583737968982 0 0.6198583737968982 0.4378081435381832
0.4246928654939955 -0.620386076310286 0 0.620386076310286 0.4246928654939955
0.411576969423067 -0.6209014520172886 0 0.6209014520172886 0.411576969423067
0.3984599460234153 -0.6213928414088215 0 0.6213928414088215 0.3984599460234153
0.385342045632155 -0.6218658456590671 0 0.6218658456590671 0.385342045632155
0.372223302043173 -0.6223200604070566 0 0.6223200604070566 0.372223302043173
0.3591036583290615 -0.6227531233053771 0 0.6227531233053771 0.3591036583290615
0.345983045097649 -0.6231627139384754 0 0.6231627139384754 0.345983045097649
0.3328617671274298 -0.6235552182304929 0 0.6235552182304929 0.3328617671274298
0.3197401087077012 -0.6239379302406065 0 0.6239379302406065 0.3197401087077012
0.3066181174469218 -0.6243106724647911 0 0.6243106724647911 0.3066181174469218
0.2934956047517543 -0.6246695119067657 0 0.6246695119067657 0.2934956047517543
0.280372546949319 -0.6250112776805495 0 0.6250112776805495 0.280372546949319
0.26724897026905 -0.6253377756257389 0 0.6253377756257389 0.26724897026905
0.2541248193079375 -0.6256454507072015 0 0.6256454507072015 0.2541248193079375
0.2409999506997241 -0.6259280133979653 0 0.6259280133979653 0.2409999506997241
0.227874459259563 -0.6261868548594859 0 0.6261868548594859 0.227874459259563
0.2147483194525567 -0.6264182540554581 0 0.6264182540554581 0.2147483194525567
0.2016214670820241 -0.6266152833920144 0 0.6266152833920144 0.2016214670820241
0.1884940326860626 -0.6267790879082612 0 0.6267790879082612 0.1884940326860626
0.1753660587065428 -0.6269039828911335 0 0.6269039828911335 0.1753660587065428
0.1622376230358671 -0.6269827443785078 0 0.6269827443785078 0.1622376230358671
0.149108954371813 -0.6270155427686266 0 0.6270155427686266 0.149108954371813
0.1359802576692219 -0.6269938026393611 0 0.6269938026393611 0.1359802576692219
0.1228518534905995 -0.6269117729995179 0 0.6269117729995179 0.1228518534905995
0.1097241608520265 -0.6267655317622524 0 0.6267655317622524 0.1097241608520265
0.09659785104430146 -0.6265428567283519 0 0.6265428567283519 0.09659785104430146
0.08347361357167635 -0.6262390361496372 0 0.6262390361496372 0.08347361357167635
0.07035258280331957 -0.6258417490199757 0 0.6258417490199757 0.07035258280331957
0.05723608321136441 -0.6253399683909026 0 0.6253399683909026 0.05723608321136441
0.04412602453066437 -0.6247201247017403 0 0.6247201247017403 0.04412602453066437
0.03102519907120162 -0.6239626055612084 0 0.6239626055612084 0.03102519907120162
0.01793715027301553 -0.6230484143951489 0 0.6230484143951489 0.01793715027301553
0.004872116430793692 -0.6219065156373882 0 0.6219065156373882 0.004872116430793692
0.986730453793665 -0.690912728867736 0 0.690912728867736 0.986730453793665
0.9749514188175211 -0.6915623357746239 0 0.6915623357746239 0.9749514188175211
0.9636419471441739 -0.6921705816792627 0 0.6921705816792627 0.9636419471441739
0.9527914519817773 -0.6927408867671344 0 0.6927408867671344 0.9527914519817773
0.9395200009069576 -0.6934879968728278 0 0.6934879968728278 0.9395200009069576
0.9291133477147521 -0.6940153644729214 0 0.6940153644729214 0.9291133477147521
0.915841170592364 -0.6947527756188197 0 0.6947527756188197 0.915841170592364
0.9058606736682669 -0.6952419082784607 0 0.6952419082784607 0.9058606736682669
0.8925877786340225 -0.6959690504403473 0 0.6959690504403473 0.8925877786340225
0.8793143958582422 -0.6966892705101978 0 0.6966892705101978 0.8793143958582422
0.8660407468851248 -0.6974062348148224 0 0.6974062348148224 0.8660407468851248
0.8568478652064065 -0.6978270869862302 0 0.6978270869862302 0.8568478652064065
0.8435736225449595 -0.6985352983278299 0 0.6985352983278299 0.8435736225449595
0.8319250968915034 -0.6991295319178233 0 0.6991295319178233 0.8319250968915034
0.8214626207901052 -0.6996317382683342 0 0.6996317382683342 0.8214626207901052
0.8081877652471017 -0.7003315062588225 0 0.7003315062588225 0.8081877652471017
0.7949126718327416 -0.7010273885954529 0 0.7010273885954529 0.7949126718327416
0.7816373073870662 -0.701719366541527 0 0.701719366541527 0.7816373073870662
0.7683616813816128 -0.7024077992543067 0 0.7024077992543067 0.7683616813816128
0.7550858177276741 -0.7030925755465964 0 0.7030925755465964 0.7550858177276741
0.7418097273537312 -0.7037740529398619 0 0.7037740529398619 0.7418097273537312
0.7285333957162291 -0.7044520705609246 0 0.7044520705609246 0.7285333957162291
0.7152568700214286 -0.7051270559793187 0 0.7051270559793187 0.7152568700214286
0.7019801109714868 -0.7057987520485973 0 0.7057987520485973 0.7019801109714868
0.6887030930483256 -0.7064663372719265 0 0.7064663372719265 0.6887030930483256
0.6754258125344985 -0.707130203704128 0 0.707130203704128 0.6754258125344985
0.662148281205491 -0.7077902218871318 0 0.7077902218871318 0.662148281205491
0.6488704624015759 -0.7084459183954551 0 0.7084459183954551 0.6488704624015759
0.6355924114289844 -0.709098048574584 0 0.709098048574584 0.6355924114289844
0.6223140792739141 -0.7097457484206717 0 0.7097457484206717 0.6223140792739141
0.6090353668662387 -0.7103876789959455 0 0.7103876789959455 0.6090353668662387
0.595756342800965 -0.7110246076402686 0 0.7110246076402686 0.595756342800965
0.5824769626527885 -0.7116560124817232 0 0.7116560124817232 0.5824769626527885
0.5691971514694283 -0.712280550685034 0 0.712280550685034 0.5691971514694283
0.5559169666620492 -0.7128989875271823 0 0.7128989875271823 0.5559169666620492
0.5426363706048305 -0.7135108478627084 0 0.7135108478627084 0.5426363706048305
0.5293552629805179 -0.7141142524703659 0 0.7141142524703659 0.5293552629805179
0.516073669520199 -0.7147094446075934 0 0.7147094446075934 0.516073669520199
0.5027915983027083 -0.7152966640931677 0 0.7152966640931677 0.5027915983027083
0.4895089254148885 -0.7158735202652849 0 0.7158735202652849 0.4895089254148885
0.4762254241643176 -0.7164359283173207 0 0.7164359283173207 0.4762254241643176
0.4629412370156936 -0.7169861239731198 0 0.7169861239731198 0.4629412370156936
0.449656743391572 -0.7175313379515732 0 0.7175313379515732 0.449656743391572
0.4425870881474622 -0.7177425273442511 0 0.7177425273442511 0.4425870881474622
0.4293009471562265 -0.7182558344704812 0 0.7182558344704812 0.4293009471562265
0.416014730665111 -0.718768175324722 0 0.718768175324722 0.416014730665111
0.4027279141382937 -0.7192685482115205 0 0.7192685482115205 0.4027279141382937
0.3894400030998057 -0.7197456330354057 0 0.7197456330354057 0.3894400030998057
0.3761512405993337 -0.7202048679178323 0 0.7202048679178323 0.3761512405993337
0.3628616594470092 -0.7206458602689617 0 0.7206458602689617 0.3628616594470092
0.3495712043726075 -0.7210663165103903 0 0.7210663165103903 0.3495712043726075
0.3362798080039945 -0.7214639837749168 0 0.7214639837749168 0.3362798080039945
0.3229877662474237 -0.7218450620895257 0 0.7218450620895257 0.3229877662474237
0.3096953551164019 -0.7222166331800119 0 0.7222166331800119 0.3096953551164019
0.2964026208334839 -0.7225785247095741 0 0.7225785247095741 0.2964026208334839
0.28310938029537 -0.7229269181732415 0 0.7229269181732415 0.28310938029537
0.269815610518309 -0.723258734990968 0 0.723258734990968 0.269815610518309
0.256521336968184 -0.7235757284335368 0 0.7235757284335368 0.256521336968184
0.243226505854792 -0.7238744469545064 0 0.7238744469545064 0.243226505854792
0.2299309779853329 -0.7241487841178963 0 0.7241487841178963 0.2299309779853329
0.2166348454148474 -0.724400090587819 0 0.724400090587819 0.2166348454148474
0.2033380833517706 -0.7246247536490292 0 0.7246247536490292 0.2033380833517706
0.1900406294682161 -0.7248160473730696 0 0.7248160473730696 0.1900406294682161
0.1767426105022576 -0.724975083466436 0 0.724975083466436 0.1767426105022576
0.1634440676602637 -0.7250963427006483 0 0.7250963427006483 0.1634440676602637
0.1501450765671535 -0.7251728114064068 0 0.7251728114064068 0.1501450765671535
0.1368458592632082 -0.7252046550215836 0 0.7252046550215836 0.1368458592632082
0.1235466147369406 -0.7251835477584896 0 0.7251835477584896 0.1235466147369406
0.1102476542191356 -0.7251039060399019 0 0.7251039060399019 0.1102476542191356
0.09694938452812553 -0.7249619219527089 0 0.7249619219527089 0.09694938452812553
0.08365245741312828 -0.7247457290914773 0 0.7247457290914773 0.08365245741312828
0.0703575423066133 -0.7244507528691614 0 0.7244507528691614 0.0703575423066133
0.0570657405557464 -0.7240650309497232 0 0.7240650309497232 0.0570657405557464
0.04377833807667442 -0.7235778573841846 0 0.7235778573841846 0.04377833807667442
0.03049718901100038 -0.7229760576279536 0 0.7229760576279536 0.03049718901100038
0.01722500438329239 -0.722240590215383 0 0.722240590215383 0.01722500438329239
0.003965224482438016 -0.7213530115712322 0 0.7213530115712322 0.003965224482438016
-0.009272210438291725 -0.7202443540069794 0 0.7202443540069794 -0.009272210438291725
0.9865332997720255 -0.8050126219672017 0 0.8050126219672017 0.9865332997720255
0.9745057167921096 -0.8056398299258846 0 0.8056398299258846 0.9745057167921096
0.9629315062084703 -0.8062271030416991 0 0.8062271030416991 0.9629315062084703
0.9518004462700494 -0.806777743569483 0 0.806777743569483 0.9518004462700494
0.9383319068549315 -0.8074990927412063 0 0.8074990927412063 0.9383319068549315
0.9276293848716601 -0.8080082762990367 0 0.8080082762990367 0.9276293848716601
0.9141601444436566 -0.808720260938613 0 0.808720260938613 0.9141601444436566
0.903869084530164 -0.8091925279263416 0 0.8091925279263416 0.903869084530164
0.8903991509444612 -0.8098945976644327 0 0.8098945976644327 0.8903991509444612
0.8769287464349285 -0.8105899839895845 0 0.8105899839895845 0.8769287464349285
0.863458084906749 -0.8112822268108179 0 0.8112822268108179 0.863458084906749
0.8539274826546952 -0.811688567674412 0 0.811688567674412 0.8539274826546952
0.8404562479090198 -0.8123723593415683 0 0.8123723593415683 0.8404562479090198
0.8285546741892208 -0.812946103298222 0 0.812946103298222 0.8285546741892208
0.8177982541139202 -0.8134309931858545 0 0.8134309931858545 0.8177982541139202
0.8043264276193189 -0.8141066326351877 0 0.8141066326351877 0.8043264276193189
0.7908543714553504 -0.8147785204110191 0 0.8147785204110191 0.7908543714553504
0.7773820536054358 -0.8154466384227059 0 0.8154466384227059 0.7773820536054358
0.7639094832145272 -0.8161113334434886 0 0.8161113334434886 0.7639094832145272
0.7504366833694377 -0.8167724981199935 0 0.8167724981199935 0.7504366833694377
0.7369636646218245 -0.8174304776460684 0 0.8174304776460684 0.7369636646218245
0.7234904129296071 -0.8180851166955677 0 0.8180851166955677 0.7234904129296071
0.7100169738713373 -0.8187368280950947 0 0.8187368280950947 0.7100169738713373
0.6965433095041921 -0.8193853635648133 0 0.8193853635648133 0.6965433095041921
0.6830693951899771 -0.8200299299337357 0 0.8200299299337357 0.6830693951899771
0.6695952273394258 -0.8206709057383305 0 0.8206709057383305 0.6695952273394258
0.6561208173219956 -0.8213081659843413 0 0.8213081659843413 0.6561208173219956
0.6426461297420153 -0.8219412535703629 0 0.8219412535703629 0.6426461297420153
0.6291712179987144 -0.822570897796985 0 0.822570897796985 0.6291712179987144
0.6156960347683251 -0.8231962644518815 0 0.8231962644518815 0.6156960347683251
0.6022204843967346 -0.8238160607648923 0 0.8238160607648923 0.6022204843967346
0.5887446331137415 -0.8244310276174067 0 0.8244310276174067 0.5887446331137415
0.5752684380258596 -0.8250406611320561 0 0.8250406611320561 0.5752684380258596
0.5617918267652214 -0.8256436647755655 0 0.8256436647755655 0.5617918267652214
0.5483148547634102 -0.8262407774375727 0 0.8262407774375727 0.5483148547634102
0.5348374856919723 -0.8268315403560021 0 0.8268315403560021 0.5348374856919723
0.5213596226926701 -0.8274141391066115 0 0.8274141391066115 0.5213596226926701
0.5078812906093636 -0.8279888085591353 0 0.8279888085591353 0.5078812906093636
0.494402497242323 -0.8285557802632117 0 0.8285557802632117 0.494402497242323
0.4809231229510149 -0.8291127459889099 0 0.8291127459889099 0.4809231229510149
0.4674429488595474 -0.829655761776901 0 0.829655761776901 0.4674429488595474
0.4539621125203232 -0.8301869862615414 0 0.8301869862615414 0.4539621125203232
0.440480980273114 -0.830713400840931 0 0.830713400840931 0.440480980273114
0.4330003939630361 -0.8309173082607494 0 0.8309173082607494 0.4330003939630361
0.4195176711512076 -0.8314129161609026 0 0.8314129161609026 0.4195176711512076
0.4060348754427932 -0.8319075911068742 0 0.8319075911068742 0.4060348754427932
0.3925515003883735 -0.8323907107501939 0 0.8323907107501939 0.3925515003883735
0.3790670685618933 -0.8328513453210546 0 0.8328513453210546 0.3790670685618933
0.3655818146324979 -0.8332947454302687 0 0.8332947454302687 0.3655818146324979
0.3520957702790004 -0.8337205320248003 0 0.8337205320248003 0.3520957702790004
0.3386088821369361 -0.8341264906106058 0 0.8341264906106058 0.3386088821369361
0.3251210851572142 -0.834510446001091 0 0.834510446001091 0.3251210851572142
0.3116326650430114 -0.8348783844415052 0 0.8348783844415052 0.3116326650430114
0.298143888290675 -0.8352371434742522 0 0.8352371434742522 0.298143888290675
0.2846547995289698 -0.8355865567048348 0 0.8355865567048348 0.2846547995289698
0.2711652219681405 -0.8359229372932945 0 0.8359229372932945 0.2711652219681405
0.2576751334169329 -0.8362433128114093 0 0.8362433128114093 0.2576751334169329
0.2441845584631468 -0.8365493760758278 0 0.8365493760758278 0.2441845584631468
0.2306934451713075 -0.8368377945521042 0 0.8368377945521042 0.2306934451713075
0.2172016591480899 -0.8371026723589018 0 0.8371026723589018 0.2172016591480899
0.2037092892744059 -0.8373453135883886 0 0.8373453135883886 0.2037092892744059
0.190216311613523 -0.8375622300945399 0 0.8375622300945399 0.190216311613523
0.1767226659866684 -0.837746927864123 0 0.837746927864123 0.1767226659866684
0.1632284747618891 -0.837900480271133 0 0.837900480271133 0.1632284747618891
0.1497337777247259 -0.8380175583943639 0 0.8380175583943639 0.1497337777247259
0.1362386478924922 -0.8380913904012675 0 0.8380913904012675 0.1362386478924922
0.1227432996493483 -0.8381221360252901 0 0.8381221360252901 0.1227432996493483
0.1092479251225288 -0.8381017565583546 0 0.8381017565583546 0.1092479251225288
0.09575282481134026 -0.8380248609493056 0 0.8380248609493056 0.09575282481134026
0.08225839150670335 -0.8378877725848268 0 0.8378877725848268 0.08225839150670335
0.068765254485018 -0.8376790342223386 0 0.8376790342223386 0.068765254485018
0.05527406009620351 -0.8373942290101017 0 0.8373942290101017 0.05527406009620351
0.04178587171212195 -0.8370218070826938 0 0.8370218070826938 0.04178587171212195
0.02830193090953504 -0.8365514316405523 0 0.8365514316405523 0.02830193090953504
0.01482402789780667 -0.8359703824075918 0 0.8359703824075918 0.01482402789780667
0.001354780223277209 -0.8352602744826547 0 0.8352602744826547 0.001354780223277209
-0.01210249044899234 -0.8344033002392649 0 0.8344033002392649 -0.01210249044899234
-0.02553818661336599 -0.8333328700482415 0 0.8333328700482415 -0.02553818661336599
0.9863065726461996 -0.9362274995264653 0 0.9362274995264653 0.9863065726461996
0.9739931594607744 -0.9368289486951912 0 0.9368289486951912 0.9739931594607744
0.962114499129056 -0.9373921031043317 0 0.9373921031043317 0.962114499129056
0.9506607896968917 -0.9379201293884831 0 0.9379201293884831 0.9506607896968917
0.9369655986894905 -0.9386118534866396 0 0.9386118534866396 0.9369655986894905
0.9259228275951097 -0.9391001253963319 0 0.9391001253963319 0.9259228275951097
0.9122269643647083 -0.9397828695541397 0 0.9397828695541397 0.9122269643647083
0.9015787570119616 -0.9402357410196283 0 0.9402357410196283 0.9015787570119616
0.8878822290911416 -0.9409089774708563 0 0.9409089774708563 0.8878822290911416
0.8741852495868538 -0.941575804990108 0 0.941575804990108 0.8741852495868538
0.8604880236194136 -0.9422396181059455 0 0.9422396181059455 0.8604880236194136
0.8505690427064515 -0.9426292709660062 0 0.9426292709660062 0.8505690427064515
0.8368712670629739 -0.9432849800080573 0 0.9432849800080573 0.8368712670629739
0.8246786880656891 -0.943835160886854 0 0.943835160886854 0.8246786880656891
0.813584232419025 -0.9443001368426465 0 0.9443001368426465 0.813584232419025
0.7998858893291476 -0.9449480284701572 0 0.9449480284701572 0.7998858893291476
0.7861873260021894 -0.9455923225015767 0 0.9455923225015767 0.7861873260021894
0.7724885117364607 -0.9462330015892251 0 0.9462330015892251 0.7724885117364607
0.7587894553013395 -0.9468703982647203 0 0.9468703982647203 0.7587894553013395
0.7450901788354863 -0.9475044095835815 0 0.9475044095835815 0.7450901788354863
0.731390692457214 -0.9481353665628968 0 0.9481353665628968 0.731390692457214
0.7176909827011347 -0.9487631202556069 0 0.9487631202556069 0.7176909827011347
0.7039910932739358 -0.9493880665339479 0 0.9493880665339479 0.7039910932739358
0.6902909877910676 -0.9500099673146826 0 0.9500099673146826 0.6902909877910676
0.6765906426262014 -0.9506280620015489 0 0.9506280620015489 0.6765906426262014
0.6628900543374779 -0.9512427135849074 0 0.9512427135849074 0.6628900543374779
0.6491892338274227 -0.9518538022038894 0 0.9518538022038894 0.6491892338274227
0.6354881471540287 -0.9524608895297778 0 0.9524608895297778 0.6354881471540287
0.6217868455234732 -0.9530646749115301 0 0.9530646749115301 0.6217868455234732
0.6080852835555272 -0.9536643583970713 0 0.9536643583970713 0.6080852835555272
0.5943833695244956 -0.954258700308995 0 0.954258700308995 0.5943833695244956
0.580681166940186 -0.9548484111014464 0 0.9548484111014464 0.580681166940186
0.5669786346707045 -0.9554330075907864 0 0.9554330075907864 0.5669786346707045
0.553275703320258 -0.9560112464910427 0 0.9560112464910427 0.553275703320258
0.5395724260439108 -0.956583836346407 0 0.956583836346407 0.5395724260439108
0.5258687680051821 -0.9571503372356954 0 0.9571503372356954 0.5258687680051821
0.5121646363237037 -0.9577090092512208 0 0.9577090092512208 0.5121646363237037
0.4984600548230231 -0.9582600776168576 0 0.9582600776168576 0.4984600548230231
0.4847550309830617 -0.958803764372736 0 0.958803764372736 0.4847550309830617
0.4710494500768038 -0.9593378560855772 0 0.9593378560855772 0.4710494500768038
0.4573431022173668 -0.9598585707704458 0 0.9598585707704458 0.4573431022173668
0.4436361193080146 -0.9603679784087831 0 0.9603679784087831 0.4436361193080146
0.4299288526433167 -0.9608727736797795 0 0.9608727736797795 0.4299288526433167
0.4219756956054747 -0.961068306831243 0 0.961068306831243 0.4219756956054747
0.4082669036990265 -0.9615435606219447 0 0.9615435606219447 0.4082669036990265
0.3945580418897811 -0.9620179197739416 0 0.9620179197739416 0.3945580418897811
0.3808486245276806 -0.9624811981877984 0 0.9624811981877984 0.3808486245276806
0.3671381937940718 -0.9629229149682218 0 0.9629229149682218 0.3671381937940718
0.3534269747204775 -0.9633481050887862 0 0.9633481050887862 0.3534269747204775
0.3397149976846937 -0.9637564050637767 0 0.9637564050637767 0.3397149976846937
0.3260022115138804 -0.9641456913461661 0 0.9641456913461661 0.3260022115138804
0.3122885538304462 -0.9645138780820572 0 0.9645138780820572 0.3122885538304462
0.2985742986040298 -0.9648667056677044 0 0.9648667056677044 0.2985742986040298
0.2848597013862447 -0.9652107308346082 0 0.9652107308346082 0.2848597013862447
0.271144804972998 -0.9655457940219243 0 0.9655457940219243 0.271144804972998
0.2574294398351091 -0.9658683598044557 0 0.9658683598044557 0.2574294398351091
0.2437135846926963 -0.9661755778285814 0 0.9661755778285814 0.2437135846926963
0.2299972631237638 -0.9664690713886934 0 0.9664690713886934 0.2299972631237638
0.2162804253257734 -0.9667456448141417 0 0.9667456448141417 0.2162804253257734
0.2025629424247974 -0.9669996443614316 0 0.9669996443614316 0.2025629424247974
0.1888448996514989 -0.9672323205649938 0 0.9672323205649938 0.1888448996514989
0.1751262740522029 -0.9674403285334083 0 0.9674403285334083 0.1751262740522029
0.1614070079196172 -0.9676174409559519 0 0.9676174409559519 0.1614070079196172
0.147687218596258 -0.9677646871242425 0 0.9677646871242425 0.147687218596258
0.1339669442337143 -0.967876956970441 0 0.967876956970441 0.1339669442337143
0.1202462548505531 -0.9679477567742658 0 0.9679477567742658 0.1202462548505531
0.1065253560263951 -0.9679772397090731 0 0.9679772397090731 0.1065253560263951
0.09280443199800539 -0.9679576972083381 0 0.9679576972083381 0.09280443199800539
0.07908377092348982 -0.9678839596258875 0 0.9678839596258875 0.07908377092348982
0.0653637494622462 -0.9677525013431681 0 0.9677525013431681 0.0653637494622462
0.05164497104693361 -0.9675523356548852 0 0.9675523356548852 0.05164497104693361
0.03792805548253822 -0.9672792271049016 0 0.9672792271049016 0.03792805548253822
0.024214022469323 -0.9669221001690043 0 0.9669221001690043 0.024214022469323
0.0105040625937564 -0.966471042569462 0 0.966471042569462 0.0105040625937564
-0.003200107456872978 -0.9659138564389728 0 0.9659138564389728 -0.003200107456872978
-0.01689597763618707 -0.9652329119255449 0 0.9652329119255449 -0.01689597763618707
-0.03058036269652598 -0.9644111327437862 0 0.9644111327437862 -0.03058036269652598
-0.04424405929203542 -0.9633846640327657 0 0.9633846640327657 -0.04424405929203542
0.9860458364445492 -1.087124612833527 0 1.087124612833527 0.9860458364445492
0.973403718514 -1.087696439391927 0 1.087696439391927 0.973403718514
0.9611749409626232 -1.08823185728659 0 1.08823185728659 0.9611749409626232
0.9493501846027198 -1.088733877188828 0 1.088733877188828 0.9493501846027198
0.9353943442572451 -1.08939153245032 0 1.08939153245032 0.9353943442572451
0.9239602866746075 -1.089855755962991 0 1.089855755962991 0.9239602866746075
0.9100038072145012 -1.090504873564715 0 1.090504873564715 0.9100038072145012
0.8989448802956054 -1.090935440178031 0 1.090935440178031 0.8989448802956054
0.8849877688824541 -1.09157551834733 0 1.09157551834733 0.8849877688824541
0.8710302281272527 -1.092209503237768 0 1.092209503237768 0.8710302281272527
0.857072453047717 -1.092840622190376 0 1.092840622190376 0.857072453047717
0.8467068366627329 -1.093211083844895 0 1.093211083844895 0.8467068366627329
0.8327485389798379 -1.093834497866061 0 1.093834497866061 0.8327485389798379
0.8202213039044951 -1.094357581203522 0 1.094357581203522 0.8202213039044951
0.8087381073403508 -1.094799656136063 0 1.094799656136063 0.8087381073403508
0.7947792701589617 -1.095415637766476 0 1.095415637766476 0.7947792701589617
0.7808202235876218 -1.096028198989823 0 1.096028198989823 0.7808202235876218
0.7668609384367637 -1.096637323312834 0 1.096637323312834 0.7668609384367637
0.7529014230438544 -1.097243326889259 0 1.097243326889259 0.7529014230438544
0.7389416984571816 -1.097846111844845 0 1.097846111844845 0.7389416984571816
0.7249817742967081 -1.098445992893406 0 1.098445992893406 0.7249817742967081
0.7110216377602454 -1.099042828423833 0 1.099042828423833 0.7110216377602454
0.6970613304018369 -1.099636994810838 0 1.099636994810838 0.6970613304018369
0.6831008176289457 -1.100228265697273 0 1.100228265697273 0.6831008176289457
0.669140076978889 -1.100815917947811 0 1.100815917947811 0.669140076978889
0.6551791051793266 -1.101400296674789 0 1.101400296674789 0.6551791051793266
0.6412179125958117 -1.101981287920733 0 1.101981287920733 0.6412179125958117
0.6272564669580517 -1.10255847494552 0 1.10255847494552 0.6272564669580517
0.6132948169502136 -1.103132522653728 0 1.103132522653728 0.6132948169502136
0.5993329194271383 -1.103702670492571 0 1.103702670492571 0.5993329194271383
0.5853706871808102 -1.104267739841313 0 1.104267739841313 0.5853706871808102
0.571408180593048 -1.104828406162765 0 1.104828406162765 0.571408180593048
0.5574453605577887 -1.105384210071081 0 1.105384210071081 0.5574453605577887
0.5434821610971247 -1.105933969514685 0 1.105933969514685 0.5434821610971247
0.5295186327481238 -1.106478358140507 0 1.106478358140507 0.5295186327481238
0.515554742390074 -1.107016957694388 0 1.107016957694388 0.515554742390074
0.5015904017171565 -1.107548113962683 0 1.107548113962683 0.5015904017171565
0.4876256333795604 -1.108072041076525 0 1.108072041076525 0.4876256333795604
0.4736604444888053 -1.108588950140111 0 1.108588950140111 0.4736604444888053
0.4596947259684204 -1.109096736736316 0 1.109096736736316 0.4596947259684204
0.4457282782688856 -1.109591805150759 0 1.109591805150759 0.4457282782688856
0.4317612267969534 -1.110076123414028 0 1.110076123414028 0.4317612267969534
0.4177939055452116 -1.11055605647856 0 1.11055605647856 0.4177939055452116
0.4092972921558444 -1.11074195922029 0 1.11074195922029 0.4092972921558444
0.3953285207836537 -1.111193805783348 0 1.111193805783348 0.3953285207836537
0.3813596829515226 -1.111644801770502 0 1.111644801770502 0.3813596829515226
0.36739031692866 -1.112085262768719 0 1.112085262768719 0.36739031692866
0.3534199874449256 -1.11250522408841 0 1.11250522408841 0.3534199874449256
0.3394489084485757 -1.11290947272032 0 1.11290947272032 0.3394489084485757
0.3254771088212371 -1.113297663081154 0 1.113297663081154 0.3254771088212371
0.3115045399104376 -1.113667776212955 0 1.113667776212955 0.3115045399104376
0.2975311424108112 -1.114017828994432 0 1.114017828994432 0.2975311424108112
0.2835571767984261 -1.114353279095486 0 1.114353279095486 0.2835571767984261
0.2695828860384527 -1.11468036031507 0 1.11468036031507 0.2695828860384527
0.2556083108190112 -1.114998920951043 0 1.114998920951043 0.2556083108190112
0.2416332899605826 -1.115305599705187 0 1.115305599705187 0.2416332899605826
0.2276578032313633 -1.115597686609673 0 1.115597686609673 0.2276578032313633
0.2136818730480922 -1.115876725008301 0 1.115876725008301 0.2136818730480922
0.199705452061109 -1.116139676623787 0 1.116139676623787 0.199705452061109
0.1857284177437923 -1.116381166171164 0 1.116381166171164 0.1857284177437923
0.1717508511290196 -1.116602382593461 0 1.116602382593461 0.1717508511290196
0.1577727303936315 -1.116800145742059 0 1.116800145742059 0.1577727303936315
0.1437940006725391 -1.11696853501413 0 1.11696853501413 0.1437940006725391
0.1298147735288976 -1.117108529006555 0 1.117108529006555 0.1298147735288976
0.1158350852352518 -1.117215269332876 0 1.117215269332876 0.1158350852352518
0.1018550023616093 -1.117282582101923 0 1.117282582101923 0.1018550023616093
0.0878747203623713 -1.117310612942951 0 1.117310612942951 0.0878747203623713
0.07389441440026195 -1.117292032952231 0 1.117292032952231 0.07389441440026195
0.05991435844100613 -1.117221927099323 0 1.117221927099323 0.05991435844100613
0.04593491059274975 -1.11709694340966 0 1.11709694340966 0.04593491059274975
0.03195664456784901 -1.116906636295837 0 1.116906636295837 0.03195664456784901
0.01798014964461653 -1.116646978906665 0 1.116646978906665 0.01798014964461653
0.004006395300974498 -1.116307441210337 0 1.116307441210337 0.004006395300974498
-0.009963486515447199 -1.115878599129241 0 1.115878599129241 -0.009963486515447199
-0.02392786366774883 -1.115348855566191 0 1.115348855566191 -0.02392786366774883
-0.03788434973451239 -1.114701448975762 0 1.114701448975762 -0.03788434973451239
-0.05182991634809346 -1.113920144114827 0 1.113920144114827 -0.05182991634809346
-0.06575581344639897 -1.112944231106032 0 1.112944231106032 -0.06575581344639897
0.985745989813378 -1.260656292592992 0 1.260656292592992 0.985745989813378
0.9727258614268876 -1.26119405315106 0 1.26119405315106 0.9727258614268876
0.960094449073926 -1.261697574055582 0 1.261697574055582 0.960094449073926
0.9478429887482145 -1.262169686620095 0 1.262169686620095 0.9478429887482145
0.9335874016646817 -1.262788162721073 0 1.262788162721073 0.9335874016646817
0.9217033646217068 -1.263224730578611 0 1.263224730578611 0.9217033646217068
0.9074471764981665 -1.263835177642484 0 1.263835177642484 0.9074471764981665
0.8959159220794221 -1.264240093677214 0 1.264240093677214 0.8959159220794221
0.8816591396508165 -1.264842039823939 0 1.264842039823939 0.8816591396508165
0.8674019534577899 -1.265438255692884 0 1.265438255692884 0.8674019534577899
0.8531445469000705 -1.26603177635942 0 1.26603177635942 0.8531445469000705
0.8422652997236023 -1.266380168128921 0 1.266380168128921 0.8422652997236023
0.8280074016961039 -1.266966442877712 0 1.266966442877712 0.8280074016961039
0.8150953121319651 -1.267458364044163 0 1.267458364044163 0.8150953121319651
0.8031650635138695 -1.267874102801409 0 1.267874102801409 0.8031650635138695
0.7889066581279673 -1.268453387936799 0 1.268453387936799 0.7889066581279673
0.7746480558263147 -1.269029456432502 0 1.269029456432502 0.7746480558263147
0.7603892291582831 -1.269602292777819 0 1.269602292777819 0.7603892291582831
0.7461301859646443 -1.270172194291952 0 1.270172194291952 0.7461301859646443
0.7318709460397537 -1.27073906893141 0 1.27073906893141 0.7318709460397537
0.7176115184304749 -1.271303212661241 0 1.271303212661241 0.7176115184304749
0.7033518910972969 -1.271864492306679 0 1.271864492306679 0.7033518910972969
0.6890921031187225 -1.272423261820282 0 1.272423261820282 0.6890921031187225
0.6748321219630304 -1.272979308329909 0 1.272979308329909 0.6748321219630304
0.6605719265057307 -1.273531951780306 0 1.273531951780306 0.6605719265057307
0.6463115136694292 -1.274081516724081 0 1.274081516724081 0.6463115136694292
0.6320508932021615 -1.274627895992666 0 1.274627895992666 0.6320508932021615
0.6177900347561057 -1.27517069767282 0 1.27517069767282 0.6177900347561057
0.6035289841151177 -1.275710547058085 0 1.275710547058085 0.6035289841151177
0.5892677007043687 -1.276246728904858 0 1.276246728904858 0.5892677007043687
0.5750061025111756 -1.276778134807572 0 1.276778134807572 0.5750061025111756
0.5607442463201681 -1.277305399989007 0 1.277305399989007 0.5607442463201681
0.5464820953549892 -1.277828092430775 0 1.277828092430775 0.5464820953549892
0.5322195875683 -1.278345100500858 0 1.278345100500858 0.5322195875683
0.5179567704864727 -1.278857057714335 0 1.278857057714335 0.5179567704864727
0.503693612961929 -1.279363570734125 0 1.279363570734125 0.503693612961929
0.4894300319495815 -1.279863083894731 0 1.279863083894731 0.4894300319495815
0.4751660487502569 -1.280355798570634 0 1.280355798570634 0.4751660487502569
0.4609016700518139 -1.280841913289707 0 1.280841913289707 0.4609016700518139
0.446636793275908 -1.281319449003401 0 1.281319449003401 0.446636793275908
0.4323712307609851 -1.281785024208475 0 1.281785024208475 0.4323712307609851
0.4181051004428106 -1.282240489692036 0 1.282240489692036 0.4181051004428106
0.4038387164166926 -1.28269183122075 0 1.28269183122075 0.4038387164166926
0.3947171282247337 -1.282866658992483 0 1.282866658992483 0.3947171282247337
0.3804493804676631 -1.283291587245363 0 1.283291587245363 0.3804493804676631
0.3661815702099377 -1.283715715594561 0 1.283715715594561 0.3661815702099377
0.351913263227923 -1.284129936566402 0 1.284129936566402 0.351913263227923
0.3376440501822682 -1.28452487910786 0 1.28452487910786 0.3376440501822682
0.323374132275473 -1.284905045029421 0 1.284905045029421 0.323374132275473
0.30910353666857 -1.285270109335578 0 1.285270109335578 0.30910353666857
0.2948322176075099 -1.285618173345801 0 1.285618173345801 0.2948322176075099
0.2805601193199854 -1.285947372081297 0 1.285947372081297 0.2805601193199854
0.2662874867644604 -1.286262838076662 0 1.286262838076662 0.2662874867644604
0.2520145484316937 -1.286570433758422 0 1.286570433758422 0.2520145484316937
0.2377413425858512 -1.286870016461939 0 1.286870016461939 0.2377413425858512
0.2234677176495252 -1.287158425135026 0 1.287158425135026 0.2234677176495252
0.2091936545962017 -1.287433111253516 0 1.287433111253516 0.2091936545962017
0.1949191745071642 -1.287695526218019 0 1.287695526218019 0.1949191745071642
0.180644232853562 -1.287942812753631 0 1.287942812753631 0.180644232853562
0.1663687144081764 -1.288169915802684 0 1.288169915802684 0.1663687144081764
0.1520926953764311 -1.288377953478101 0 1.288377953478101 0.1520926953764311
0.1378161552352597 -1.288563935085482 0 1.288563935085482 0.1378161552352597
0.1235390423881071 -1.288722292736073 0 1.288722292736073 0.1235390423881071
0.1092614617518635 -1.288853946727815 0 1.288853946727815 0.1092614617518635
0.09498344743817239 -1.288954328107831 0 1.288954328107831 0.09498344743817239
0.08070506205119921 -1.289017630788434 0 1.289017630788434 0.08070506205119921
0.06642648940134138 -1.289043991723157 0 1.289043991723157 0.06642648940134138
0.05214789421617667 -1.289026518620489 0 1.289026518620489 0.05214789421617667
0.03786953414019199 -1.288960589258082 0 1.288960589258082 0.03786953414019199
0.02359174594759332 -1.28884305135195 0 1.28884305135195 0.02359174594759332
0.009315069172388842 -1.288664081600261 0 1.288664081600261 0.009315069172388842
-0.004959942012783422 -1.288419893047517 0 1.288419893047517 -0.004959942012783422
-0.01923237588569288 -1.288100582978176 0 1.288100582978176 -0.01923237588569288
-0.03350116793337389 -1.287697288744759 0 1.287697288744759 -0.03350116793337389
-0.04776478325187367 -1.287199104135714 0 1.287199104135714 -0.04776478325187367
-0.06202097758847792 -1.286590266158162 0 1.286590266158162 -0.06202097758847792
-0.07626690298755937 -1.285855506767584 0 1.285855506767584 -0.07626690298755937
-0.09049433066334908 -1.284937732817723 0 1.284937732817723 -0.09049433066334908
0.9854011661852626 -1.460217725684713 0 1.460217725684713 0.9854011661852626
0.9719463257715636 -1.460716310341487 0 1.460716310341487 0.9719463257715636
0.9588518833937112 -1.461183149706462 0 1.461183149706462 0.9588518833937112
0.9461097135040665 -1.461620868831736 0 1.461620868831736 0.9461097135040665
0.9315094176694981 -1.462194288897127 0 1.462194288897127 0.9315094176694981
0.9191079042437008 -1.462599052750436 0 1.462599052750436 0.9191079042437008
0.9045070511549437 -1.463165028694791 0 1.463165028694791 0.9045070511549437
0.8924326201077638 -1.463540446563346 0 1.463540446563346 0.8924326201077638
0.8778312160091184 -1.464098540883124 0 1.464098540883124 0.8778312160091184
0.8632294375603259 -1.46465132237637 0 1.46465132237637 0.8632294375603259
0.8486274548004281 -1.465201605012944 0 1.465201605012944 0.8486274548004281
0.8371575322098233 -1.465524616413921 0 1.465524616413921 0.8371575322098233
0.8225550937837635 -1.466068180998503 0 1.466068180998503 0.8225550937837635
0.8092004215545805 -1.466524265667406 0 1.466524265667406 0.8092004215545805
0.7967560630710275 -1.466909717822242 0 1.466909717822242 0.7967560630710275
0.7821531542476691 -1.467446801987381 0 1.467446801987381 0.7821531542476691
0.76755006285389 -1.467980903845322 0 1.467980903845322 0.76755006285389
0.7529467634388429 -1.46851200901532 0 1.46851200901532 0.7529467634388429
0.7383432632720983 -1.469040393156847 0 1.469040393156847 0.7383432632720983
0.7237395807059906 -1.469565970931789 0 1.469565970931789 0.7237395807059906
0.70913572412832 -1.470089016744115 0 1.470089016744115 0.70913572412832
0.694531682376654 -1.470609407120849 0 1.470609407120849 0.694531682376654
0.6799274916826222 -1.471127470229078 0 1.471127470229078 0.6799274916826222
0.6653231218844438 -1.471643008704411 0 1.471643008704411 0.6653231218844438
0.6507185533965485 -1.472155392033684 0 1.472155392033684 0.6507185533965485
0.636113783365731 -1.472664921125817 0 1.472664921125817 0.636113783365731
0.6215088208298817 -1.47317149661948 0 1.47317149661948 0.6215088208298817
0.6069036376520205 -1.473674755152348 0 1.473674755152348 0.6069036376520205
0.5922982762806451 -1.474175276465274 0 1.474175276465274 0.5922982762806451
0.5776926990968064 -1.474672397420214 0 1.474672397420214 0.5776926990968064
0.5630868300624522 -1.475165090359045 0 1.475165090359045 0.5630868300624522
0.5484807218254483 -1.475653944228512 0 1.475653944228512 0.5484807218254483
0.5338743402885971 -1.476138558482804 0 1.476138558482804 0.5338743402885971
0.5192676279247147 -1.476617902472394 0 1.476617902472394 0.5192676279247147
0.5046606287978724 -1.477092563560732 0 1.477092563560732 0.5046606287978724
0.4900533140295958 -1.477562177065378 0 1.477562177065378 0.4900533140295958
0.47544560662464 -1.478025300651206 0 1.478025300651206 0.47544560662464
0.4608375263320641 -1.478482121022548 0 1.478482121022548 0.4608375263320641
0.4462290793525158 -1.478932822244502 0 1.478932822244502 0.4462290793525158
0.4316201705804974 -1.479375569442385 0 1.479375569442385 0.4316201705804974
0.4170106260256152 -1.479807227455766 0 1.479807227455766 0.4170106260256152
0.402400555031999 -1.480229512241747 0 1.480229512241747 0.402400555031999
0.3877902488130859 -1.48064797350336 0 1.48064797350336 0.3877902488130859
0.377949939593351 -1.480810065058987 0 1.480810065058987 0.377949939593351
0.3633383689914068 -1.481204037254264 0 1.481204037254264 0.3633383689914068
0.3487267404419856 -1.481597267818914 0 1.481597267818914 0.3487267404419856
0.3341146513546841 -1.48198131275953 0 1.48198131275953 0.3341146513546841
0.3195017222105593 -1.482347483705134 0 1.482347483705134 0.3195017222105593
0.3048881395544912 -1.482699954508919 0 1.482699954508919 0.3048881395544912
0.2902739285688286 -1.483038423851327 0 1.483038423851327 0.2902739285688286
0.2756590468327085 -1.483361131370876 0 1.483361131370876 0.2756590468327085
0.2610434426368415 -1.483666347952642 0 1.483666347952642 0.2610434426368415
0.2464273430944454 -1.48395883222562 0 1.48395883222562 0.2464273430944454
0.2318109600507069 -1.48424401953804 0 1.48424401953804 0.2318109600507069
0.2171943289822443 -1.484521777618396 0 1.484521777618396 0.2171943289822443
0.2025773093540769 -1.484789175697435 0 1.484789175697435 0.2025773093540769
0.1879598835257743 -1.485043850911202 0 1.485043850911202 0.1879598835257743
0.1733420710428469 -1.485287148925645 0 1.485287148925645 0.1733420710428469
0.1587238306203743 -1.485516420618589 0 1.485516420618589 0.1587238306203743
0.1441050554254511 -1.485726979193769 0 1.485726979193769 0.1441050554254511
0.1294858161119292 -1.485919861309481 0 1.485919861309481 0.1294858161119292
0.1148660936518494 -1.486092294143679 0 1.486092294143679 0.1148660936518494
0.1002458402074701 -1.486239115428802 0 1.486239115428802 0.1002458402074701
0.0856251530524767 -1.486361178419003 0 1.486361178419003 0.0856251530524767
0.07100406381347657 -1.486454247010029 0 1.486454247010029 0.07100406381347657
0.05638263053391602 -1.486512938088199 0 1.486512938088199 0.05638263053391602
0.04176102363358869 -1.486537378629969 0 1.486537378629969 0.04176102363358869
0.02713939583965359 -1.486521178447877 0 1.486521178447877 0.02713939583965359
0.01251798602717372 -1.486460052048889 0 1.486460052048889 0.01251798602717372
-0.002102893563675684 -1.486351076793184 0 1.486351076793184 -0.002102893563675684
-0.01672274270398711 -1.486185145007346 0 1.486185145007346 -0.01672274270398711
-0.03134104759264868 -1.485958745615923 0 1.485958745615923 -0.03134104759264868
-0.04595696292647548 -1.485662697317082 0 1.485662697317082 -0.04595696292647548
-0.06056950174236629 -1.485288783108003 0 1.485288783108003 -0.06056950174236629
-0.07517724095425807 -1.484826891295618 0 1.484826891295618 -0.07517724095425807
-0.08977809980344677 -1.484262407222483 0 1.484262407222483 -0.08977809980344677
-0.1043694378081265 -1.483581175122484 0 1.483581175122484 -0.1043694378081265
-0.1189436256503048 -1.482730261090156 0 1.482730261090156 -0.1189436256503048
0.9850046190133906 -1.689713373560233 0 1.689713373560233 0.9850046190133906
0.9710498597689576 -1.69016690592954 0 1.69016690592954 0.9710498597689576
0.9574229328630682 -1.690591561523076 0 1.690591561523076 0.9574229328630682
0.9441164469755147 -1.69098972819228 0 1.69098972819228 0.9441164469755147
0.9291197360777167 -1.691511333815712 0 1.691511333815712 0.9291197360777167
0.9161231248123169 -1.691879523063229 0 1.691879523063229 0.9161231248123169
0.9011259070140208 -1.692394357219103 0 1.692394357219103 0.9011259070140208
0.8884268228448121 -1.692735852195645 0 1.692735852195645 0.8884268228448121
0.8734291038260813 -1.6932435169134 0 1.6932435169134 0.8734291038260813
0.8584310442836186 -1.693746348873556 0 1.693746348873556 0.8584310442836186
0.8434327988916763 -1.694246907774634 0 1.694246907774634 0.8434327988916763
0.831283599575536 -1.694540731750928 0 1.694540731750928 0.831283599575536
0.8162849396915913 -1.695035179645631 0 1.695035179645631 0.8162849396915913
0.8024212973981718 -1.695450052341378 0 1.695450052341378 0.8024212973981718
0.7893857125699831 -1.695800674902511 0 1.695800674902511 0.7893857125699831
0.7743866247940105 -1.696289227950824 0 1.696289227950824 0.7743866247940105
0.759387370944747 -1.6967750681743 0 1.6967750681743 0.759387370944747
0.7443879278710928 -1.697258182491643 0 1.697258182491643 0.7443879278710928
0.7293883021857369 -1.697738821653635 0 1.697738821653635 0.7293883021857369
0.7143885105826906 -1.698216908033345 0 1.698216908033345 0.7143885105826906
0.6993885606918291 -1.6986926912395 0 1.6986926912395 0.6993885606918291
0.6843884423593619 -1.699166058956187 0 1.699166058956187 0.6843884423593619
0.6693881885430154 -1.699637309697195 0 1.699637309697195 0.6693881885430154
0.6543877718064379 -1.700106263932053 0 1.700106263932053 0.6543877718064379
0.6393871743338184 -1.700572348120992 0 1.700572348120992 0.6393871743338184
0.6243863935297682 -1.701035835982696 0 1.701035835982696 0.6243863935297682
0.6093854376155109 -1.70149663713416 0 1.70149663713416 0.6093854376155109
0.5943842809965337 -1.70195442104661 0 1.70195442104661 0.5943842809965337
0.579382962285673 -1.702409715075305 0 1.702409715075305 0.579382962285673
0.5643814472632415 -1.702861916003596 0 1.702861916003596 0.5643814472632415
0.549379666762013 -1.703310089032919 0 1.703310089032919 0.549379666762013
0.5343776686725731 -1.70375476989258 0 1.70375476989258 0.5343776686725731
0.5193754219787591 -1.704195594230231 0 1.704195594230231 0.5193754219787591
0.5043728743515649 -1.704631624526213 0 1.704631624526213 0.5043728743515649
0.4893700658734155 -1.705063395069598 0 1.705063395069598 0.4893700658734155
0.4743669702753066 -1.705490574130786 0 1.705490574130786 0.4743669702753066
0.4593635175193111 -1.705911849704575 0 1.705911849704575 0.4593635175193111
0.4443597255699564 -1.706327391624627 0 1.706327391624627 0.4443597255699564
0.4293556000675974 -1.70673736732385 0 1.70673736732385 0.4293556000675974
0.4143510545005095 -1.707140107727503 0 1.707140107727503 0.4143510545005095
0.3993459306001342 -1.707532760969391 0 1.707532760969391 0.3993459306001342
0.3843403278302203 -1.707916887952108 0 1.707916887952108 0.3843403278302203
0.3693345110900524 -1.708297536905506 0 1.708297536905506 0.3693345110900524
0.3586676726892323 -1.708444981811804 0 1.708444981811804 0.3586676726892323
0.3436607058161429 -1.708803354539787 0 1.708803354539787 0.3436607058161429
0.3286536862317316 -1.709161052651156 0 1.709161052651156 0.3286536862317316
0.3136462477238103 -1.709510395154813 0 1.709510395154813 0.3136462477238103
0.298638045066905 -1.709843478764133 0 1.709843478764133 0.298638045066905
0.2836292479496326 -1.710164100181421 0 1.710164100181421 0.2836292479496326
0.268619879278856 -1.710471985314462 0 1.710471985314462 0.268619879278856
0.2536099004668766 -1.710765532868678 0 1.710765532868678 0.2536099004668766
0.2385992644768752 -1.711043169972598 0 1.711043169972598 0.2385992644768752
0.2235881779000368 -1.711309225263771 0 1.711309225263771 0.2235881779000368
0.2085768334391403 -1.711568642950391 0 1.711568642950391 0.2085768334391403
0.1935652633651236 -1.711821302713053 0 1.711821302713053 0.1935652633651236
0.1785533398417981 -1.712064538607875 0 1.712064538607875 0.1785533398417981
0.1635410468227292 -1.712296201280149 0 1.712296201280149 0.1635410468227292
0.1485284020872876 -1.712517514800959 0 1.712517514800959 0.1485284020872876
0.1335153680810734 -1.712726069423771 0 1.712726069423771 0.1335153680810734
0.1185018476246413 -1.712917601852931 0 1.712917601852931 0.1185018476246413
0.1034879049875355 -1.713093055073915 0 1.713093055073915 0.1034879049875355
0.08847352286117011 -1.713249906817884 0 1.713249906817884 0.08847352286117011
0.07345865773043923 -1.713383461281646 0 1.713383461281646 0.07345865773043923
0.05844339807934277 -1.713494494619001 0 1.713494494619001 0.05844339807934277
0.0434277726766963 -1.713579153501613 0 1.713579153501613 0.0434277726766963
0.02841183432111931 -1.713632541235905 0 1.713632541235905 0.02841183432111931
0.01339573803321104 -1.713654773324696 0 1.713654773324696 0.01339573803321104
-0.001620377260351087 -1.713640037000183 0 1.713640037000183 -0.001620377260351087
-0.01663629426934126 -1.713584434008035 0 1.713584434008035 -0.01663629426934126
-0.03165172896771998 -1.713485305799228 0 1.713485305799228 -0.03165172896771998
-0.04666622632744531 -1.713334367673021 0 1.713334367673021 -0.04666622632744531
-0.06167931897466023 -1.713128425816013 0 1.713128425816013 -0.06167931897466023
-0.07669023798808242 -1.712859128552137 0 1.712859128552137 -0.07669023798808242
-0.09169808558695469 -1.712519001369929 0 1.712519001369929 -0.09169808558695469
-0.1067015672757871 -1.712098846272578 0 1.712098846272578 -0.1067015672757871
-0.1216987903139871 -1.71158536918839 0 1.71158536918839 -0.1216987903139871
-0.1366873528146431 -1.710965693471411 0 1.710965693471411 -0.1366873528146431
-0.1516603148477052 -1.710191668343088 0 1.710191668343088 -0.1516603148477052
0.9845485897688223 -1.953633366732216 0 1.953633366732216 0.9845485897688223
0.9700189238729628 -1.954035088972471 0 1.954035088972471 0.9700189238729628
0.9557796397640093 -1.954411233230342 0 1.954411233230342 0.9557796397640093
0.9418241904832969 -1.954763914576511 0 1.954763914576511 0.9418241904832969
0.9263716022658691 -1.955225933593352 0 1.955225933593352 0.9263716022658691
0.91269062848961 -1.955552062045608 0 1.955552062045608 0.91269062848961
0.8972375912784274 -1.956008083146386 0 1.956008083146386 0.8972375912784274
0.8838201560238067 -1.956310566798471 0 1.956310566798471 0.8838201560238067
0.8683666748500607 -1.956760237475549 0 1.956760237475549 0.8683666748500607
0.8529128920529594 -1.957205627474297 0 1.957205627474297 0.8529128920529594
0.8374589446372482 -1.957649004081203 0 1.957649004081203 0.8374589446372482
0.8245285770921039 -1.957909262520392 0 1.957909262520392 0.8245285770921039
0.809074262534674 -1.958347226223374 0 1.958347226223374 0.809074262534674
0.7946253046713718 -1.958714705151488 0 1.958714705151488 0.7946253046713718
0.7809098095515052 -1.959025273681252 0 1.959025273681252 0.7809098095515052
0.7654551159831078 -1.959458015946851 0 1.959458015946851 0.7654551159831078
0.7500002753131181 -1.959888355292325 0 1.959888355292325 0.7500002753131181
0.7345452670351466 -1.960316280130746 0 1.960316280130746 0.7345452670351466
0.7190900970064686 -1.960742012567902 0 1.960742012567902 0.7190900970064686
0.7036347800140241 -1.961165483844722 0 1.961165483844722 0.7036347800140241
0.6881793228160743 -1.961586915055404 0 1.961586915055404 0.6881793228160743
0.6727237164187668 -1.96200620671466 0 1.96200620671466 0.6727237164187668
0.6572679900148385 -1.962423623234986 0 1.962423623234986 0.6572679900148385
0.6418121193021823 -1.962839005594917 0 1.962839005594917 0.6418121193021823
0.6263560885002101 -1.963251845774091 0 1.963251845774091 0.6263560885002101
0.6108998953100222 -1.963662386222415 0 1.963662386222415 0.6108998953100222
0.5954435470136757 -1.964070546881964 0 1.964070546881964 0.5954435470136757
0.5799870209404948 -1.964476034982543 0 1.964476034982543 0.5799870209404948
0.5645303512923059 -1.96487931763598 0 1.96487931763598 0.5645303512923059
0.5490735077585722 -1.965279860535231 0 1.965279860535231 0.5490735077585722
0.5336164290735176 -1.965676835670224 0 1.965676835670224 0.5336164290735176
0.5181591576568551 -1.966070717570208 0 1.966070717570208 0.5181591576568551
0.5027016660356134 -1.966461183505321 0 1.966461183505321 0.5027016660356134
0.4872439078586886 -1.966847403055246 0 1.966847403055246 0.4872439078586886
0.4717859186296147 -1.967229849473525 0 1.967229849473525 0.4717859186296147
0.4563276750802768 -1.967608228926322 0 1.967608228926322 0.4563276750802768
0.4408691151736639 -1.967981379287848 0 1.967981379287848 0.4408691151736639
0.4254102548220912 -1.968349450990494 0 1.968349450990494 0.4254102548220912
0.4099510990215775 -1.968712592340149 0 1.968712592340149 0.4099510990215775
0.3944915711432366 -1.969069324932005 0 1.969069324932005 0.3944915711432366
0.3790315309986207 -1.969417122688234 0 1.969417122688234 0.3790315309986207
0.3635710666890407 -1.969757368198749 0 1.969757368198749 0.3635710666890407
0.3481104128525062 -1.97009453299925 0 1.97009453299925 0.3481104128525062
0.3364930658999863 -1.970225134259881 0 1.970225134259881 0.3364930658999863
0.3210313933181553 -1.970542567602009 0 1.970542567602009 0.3210313933181553
0.3055696740465809 -1.970859403393636 0 1.970859403393636 0.3055696740465809
0.2901075837080211 -1.971168838096314 0 1.971168838096314 0.2901075837080211
0.2746448165144924 -1.971463871270419 0 1.971463871270419 0.2746448165144924
0.2591815227699087 -1.971747865894736 0 1.971747865894736 0.2591815227699087
0.2437177227643242 -1.972020579188499 0 1.972020579188499 0.2437177227643242
0.2282533823181794 -1.972280592784063 0 1.972280592784063 0.2282533823181794
0.2127884597679958 -1.972526513489925 0 1.972526513489925 0.2127884597679958
0.1973231381046207 -1.972762175453482 0 1.972762175453482 0.1973231381046207
0.181857588017064 -1.972991958071885 0 1.972991958071885 0.181857588017064
0.1663918380897317 -1.973215754770645 0 1.973215754770645 0.1663918380897317
0.1509257750900459 -1.973431204155059 0 1.973431204155059 0.1509257750900459
0.1354593848046664 -1.973636402406048 0 1.973636402406048 0.1354593848046664
0.1199926829819041 -1.973832433760602 0 1.973832433760602 0.1199926829819041
0.1045256363574573 -1.974017163754173 0 1.974017163754173 0.1045256363574573
0.08905815885335999 -1.974186816116809 0 1.974186816116809 0.08905815885335999
0.07359030739720235 -1.974342226110242 0 1.974342226110242 0.07359030739720235
0.05812206665767779 -1.974481159601818 0 1.974481159601818 0.05812206665767779
0.04265339809071152 -1.97459945722237 0 1.97459945722237 0.04265339809071152
0.02718438007216503 -1.974697806460286 0 1.974697806460286 0.02718438007216503
0.01171503808439359 -1.974772794179534 0 1.974772794179534 0.01171503808439359
-0.003754581105534269 -1.974820083069657 0 1.974820083069657 -0.003754581105534269
-0.01922434018609272 -1.974839775438787 0 1.974839775438787 -0.01922434018609272
-0.03469411610115795 -1.974826722551723 0 1.974826722551723 -0.03469411610115795
-0.05016371638306698 -1.974777471478645 0 1.974777471478645 -0.05016371638306698
-0.06563288945203602 -1.974689667374939 0 1.974689667374939 -0.06563288945203602
-0.08110123226101812 -1.974555971958433 0 1.974555971958433 -0.08110123226101812
-0.0965683308274991 -1.974373556267085 0 1.974373556267085 -0.0965683308274991
-0.112033504069384 -1.974135022694451 0 1.974135022694451 -0.112033504069384
-0.1274959567656105 -1.973833750594123 0 1.973833750594123 -0.1274959567656105
-0.1429545422998466 -1.973461592719973 0 1.973461592719973 -0.1429545422998466
-0.1584075841523269 -1.973006773673911 0 1.973006773673911 -0.1584075841523269
-0.1738529548202657 -1.972457887798161 0 1.972457887798161 -0.1738529548202657
-0.1892845071697419 -1.971772284910075 0 1.971772284910075 -0.1892845071697419
0.9840241561344162 -2.25714136055742 0 2.25714136055742 0.9840241561344162
0.9688333475854845 -2.257483501150651 0 2.257483501150651 0.9688333475854845
0.95388985268883 -2.257803857373879 0 2.257803857373879 0.95388985268883
0.9391880955015681 -2.25810423059992 0 2.25810423059992 0.9391880955015681
0.9232112483634133 -2.258497725020622 0 2.258497725020622 0.9232112483634133
0.9087432576950176 -2.25877548355968 0 2.25877548355968 0.9087432576950176
0.8927660281558643 -2.259163869648543 0 2.259163869648543 0.8927660281558643
0.878522489148148 -2.259421490278843 0 2.259421490278843 0.878522489148148
0.8625448814929831 -2.259804467810594 0 2.259804467810594 0.8625448814929831
0.8465670169498979 -2.260183799555179 0 2.260183799555179 0.8465670169498979
0.8305890122037017 -2.260561416525242 0 2.260561416525242 0.8305890122037017
0.8167603011899192 -2.26078307459808 0 2.26078307459808 0.8167603011899192
0.8007819837548306 -2.261156081482045 0 2.261156081482045 0.8007819837548306
0.7856599129821646 -2.261469057578788 0 2.261469057578788 0.7856599129821646
0.7711625210222477 -2.261733563973846 0 2.261733563973846 0.7711625210222477
0.7551838807894121 -2.26210212384079 0 2.26210212384079 0.7551838807894121
0.7392051152724382 -2.262468637178029 0 2.262468637178029 0.7392051152724382
0.723226207006352 -2.262833094117159 0 2.262833094117159 0.723226207006352
0.7072471609797051 -2.263195683822225 0 2.263195683822225 0.7072471609797051
0.6912679897863034 -2.263556347732195 0 2.263556347732195 0.6912679897863034
0.675288699182053 -2.263915274149562 0 2.263915274149562 0.675288699182053
0.6593092815070298 -2.264272378344248 0 2.264272378344248 0.6593092815070298
0.6433297616242342 -2.264627885512268 0 2.264627885512268 0.6433297616242342
0.6273501188359389 -2.264981660217512 0 2.264981660217512 0.6273501188359389
0.6113703397020623 -2.265333269786938 0 2.265333269786938 0.6113703397020623
0.5953904222646682 -2.265682920711364 0 2.265682920711364 0.5953904222646682
0.5794103727257706 -2.266030544806694 0 2.266030544806694 0.5794103727257706
0.5634301717771079 -2.266375892725112 0 2.266375892725112 0.5634301717771079
0.5474498485478431 -2.266719362298494 0 2.266719362298494 0.5474498485478431
0.5314693772229645 -2.267060498465841 0 2.267060498465841 0.5314693772229645
0.5154887056233625 -2.267398596023851 0 2.267398596023851 0.5154887056233625
0.4995078698772468 -2.267734059121707 0 2.267734059121707 0.4995078698772468
0.4835268465863156 -2.268066612895402 0 2.268066612895402 0.4835268465863156
0.4675455962740541 -2.268395550088866 0 2.268395550088866 0.4675455962740541
0.4515641491782705 -2.268721273764782 0 2.268721273764782 0.4515641491782705
0.4355824854818725 -2.269043533669443 0 2.269043533669443 0.4355824854818725
0.4196005523489031 -2.269361340038384 0 2.269361340038384 0.4196005523489031
0.4036183633316336 -2.269674820992531 0 2.269674820992531 0.4036183633316336
0.387635922685096 -2.269984102841709 0 2.269984102841709 0.387635922685096
0.3716531651456692 -2.270287926451529 0 2.270287926451529 0.3716531651456692
0.3556699713170316 -2.27058414040079 0 2.27058414040079 0.3556699713170316
0.3396864162336908 -2.270873922219817 0 2.270873922219817 0.3396864162336908
0.3237026997331902 -2.271161080246033 0 2.271161080246033 0.3237026997331902
0.3109922679398212 -2.271272311315428 0 2.271272311315428 0.3109922679398212
0.2950076837897938 -2.271542664365386 0 2.271542664365386 0.2950076837897938
0.2790230598748378 -2.271812508490874 0 2.271812508490874 0.2790230598748378
0.2630381199279009 -2.272076049223998 0 2.272076049223998 0.2630381199279009
0.2470526035141124 -2.272327324399189 0 2.272327324399189 0.2470526035141124
0.2310666386449788 -2.272569198213183 0 2.272569198213183 0.2310666386449788
0.2150802426012234 -2.272801463893377 0 2.272801463893377 0.2150802426012234
0.1990933862726471 -2.273022913438103 0 2.273022913438103 0.1990933862726471
0.183106034175113 -2.273232360287827 0 2.273232360287827 0.183106034175113
0.1671183421590803 -2.273433069926258 0 2.273433069926258 0.1671183421590803
0.1511304555977242 -2.273628772217851 0 2.273628772217851 0.1511304555977242
0.1351423988359389 -2.273819376394769 0 2.273819376394769 0.1351423988359389
0.1191540754352984 -2.274002871293864 0 2.274002871293864 0.1191540754352984
0.1031654732905225 -2.274177635462033 0 2.274177635462033 0.1031654732905225
0.08717660581420206 -2.274344592327061 0 2.274344592327061 0.08717660581420206
0.07118744467564887 -2.274501923998685 0 2.274501923998685 0.07118744467564887
0.05519791656359781 -2.274646414286508 0 2.274646414286508 0.05519791656359781
0.03920806996239219 -2.27477877456996 0 2.27477877456996 0.03920806996239219
0.02321789181459666 -2.274897102073002 0 2.274897102073002 0.02321789181459666
0.007227349292822004 -2.274997854325594 0 2.274997854325594 0.007227349292822004
-0.00876349085142929 -2.275081616850907 0 2.275081616850907 -0.00876349085142929
-0.02475460691523153 -2.275145482734061 0 2.275145482734061 -0.02475460691523153
-0.04074595906779972 -2.275185757955183 0 2.275185757955183 -0.04074595906779972
-0.05673743036304258 -2.275202529648521 0 2.275202529648521 -0.05673743036304258
-0.07272891599597311 -2.27519141271637 0 2.27519141271637 -0.07272891599597311
-0.08872025204487567 -2.275149466352098 0 2.275149466352098 -0.08872025204487567
-0.1047112242431607 -2.275074684971169 0 2.275074684971169 -0.1047112242431607
-0.120701489321926 -2.274960818672769 0 2.274960818672769 -0.120701489321926
-0.136690694698702 -2.274805458073921 0 2.274805458073921 -0.136690694698702
-0.1526782603064596 -2.274602302748255 0 2.274602302748255 -0.1526782603064596
-0.1686635088677863 -2.274345713994179 0 2.274345713994179 -0.1686635088677863
-0.1846454638273831 -2.274028752928865 0 2.274028752928865 -0.1846454638273831
-0.2006226973194363 -2.27364139062887 0 2.27364139062887 -0.2006226973194363
-0.2165933973829082 -2.273173913072838 0 2.273173913072838 -0.2165933973829082
-0.23255232859943 -2.272589995763445 0 2.272589995763445 -0.23255232859943
0.9834210574466691 -2.606175558309371 0 2.606175558309371 0.9834210574466691
0.9674699348363568 -2.606449180006185 0 2.606449180006185 0.9674699348363568
0.9517165975228172 -2.606705379987326 0 2.606705379987326 0.9517165975228172
0.9361565862313264 -2.606945598873048 0 2.606945598873048 0.9361565862313264
0.9195768413261588 -2.607260290005625 0 2.607260290005625 0.9195768413261588
0.9042037812194631 -2.607482423142425 0 2.607482423142425 0.9042037812194631
0.8876237304949673 -2.607793028965034 0 2.607793028965034 0.8876237304949673
0.8724301721582293 -2.60799905711828 0 2.60799905711828 0.8724301721582293
0.8558498190412581 -2.608305337530368 0 2.608305337530368 0.8558498190412581
0.8392692604821155 -2.608608702280139 0 2.608608702280139 0.8392692604821155
0.8226885897976879 -2.60891069566531 0 2.60891069566531 0.8226885897976879
0.8078267837808647 -2.609087963314989 0 2.609087963314989 0.8078267837808647
0.7912458630282956 -2.609386269854576 0 2.609386269854576 0.7912458630282956
0.7753497123993238 -2.609636567692991 0 2.609636567692991 0.7753497123993238
0.7599531390610883 -2.60984810263109 0 2.60984810263109 0.7599531390610883
0.7433719601559763 -2.610142852737082 0 2.610142852737082 0.7433719601559763
0.726790681056798 -2.610435966162361 0 2.610435966162361 0.726790681056798
0.7102092877962087 -2.610727435014821 0 2.610727435014821 0.7102092877962087
0.6936277843637256 -2.611017410575502 0 2.611017410575502 0.6936277843637256
0.6770461808310519 -2.61130584601112 0 2.61130584601112 0.6770461808310519
0.6604644818013854 -2.611592891913701 0 2.611592891913701 0.6604644818013854
0.6438826811488184 -2.611878480521668 0 2.611878480521668 0.6438826811488184
0.6273007987571551 -2.612162791932076 0 2.612162791932076 0.6273007987571551
0.6107188180737048 -2.612445717831974 0 2.612445717831974 0.6107188180737048
0.5941367283499693 -2.612726912197741 0 2.612726912197741 0.5941367283499693
0.5775545280201186 -2.613006540167235 0 2.613006540167235 0.5775545280201186
0.5609722220441189 -2.613284547211277 0 2.613284547211277 0.5609722220441189
0.5443897949804833 -2.613560733917775 0 2.613560733917775 0.5443897949804833
0.527807270124814 -2.613835418446668 0 2.613835418446668 0.527807270124814
0.5112246268319504 -2.614108236869904 0 2.614108236869904 0.5112246268319504
0.4946418233724514 -2.614378625211971 0 2.614378625211971 0.4946418233724514
0.4780588886392984 -2.614646906684972 0 2.614646906684972 0.4780588886392984
0.461475803920058 -2.614912861470637 0 2.614912861470637 0.461475803920058
0.4448925376439941 -2.615175923951784 0 2.615175923951784 0.4448925376439941
0.4283091139933289 -2.615436416471605 0 2.615436416471605 0.4283091139933289
0.411725517119648 -2.615694138893539 0 2.615694138893539 0.411725517119648
0.3951417047682051 -2.615948299668648 0 2.615948299668648 0.3951417047682051
0.3785576877772214 -2.616199001259679 0 2.616199001259679 0.3785576877772214
0.3619734695495943 -2.616446344680973 0 2.616446344680973 0.3619734695495943
0.345388997891757 -2.616689322959134 0 2.616689322959134 0.345388997891757
0.3288041773183347 -2.616926215528081 0 2.616926215528081 0.3288041773183347
0.3122190678370098 -2.617157964099619 0 2.617157964099619 0.3122190678370098
0.2956338292647894 -2.617387614333134 0 2.617387614333134 0.2956338292647894
0.2816663498872514 -2.617476569681177 0 2.617476569681177 0.2816663498872514
0.2650804174256416 -2.617692780392912 0 2.617692780392912 0.2650804174256416
0.2484944531626409 -2.617908584100118 0 2.617908584100118 0.2484944531626409
0.231908236157915 -2.618119346766044 0 2.618119346766044 0.231908236157915
0.2153215581326741 -2.61832030024031 0 2.61832030024031 0.2153215581326741
0.1987345214621554 -2.618513735120285 0 2.618513735120285 0.1987345214621554
0.1821471399663524 -2.618699486042753 0 2.618699486042753 0.1821471399663524
0.1655593903648296 -2.618876586926925 0 2.618876586926925 0.1655593903648296
0.1489712442796939 -2.619044088840027 0 2.619044088840027 0.1489712442796939
0.132382826349957 -2.619204603302531 0 2.619204603302531 0.132382826349957
0.1157942528355844 -2.619361113216268 0 2.619361113216268 0.1157942528355844
0.09920554320603149 -2.61951354599106 0 2.61951354599106 0.09920554320603149
0.08261662033614742 -2.619660293230053 0 2.619660293230053 0.08261662033614742
0.06602747454492007 -2.619800058201017 0 2.619800058201017 0.06602747454492007
0.04943811655886338 -2.619933579401148 0 2.619933579401148 0.04943811655886338
0.03284852372094417 -2.620059403000615 0 2.620059403000615 0.03284852372094417
0.01625863740160371 -2.620174956900523 0 2.620174956900523 0.01625863740160371
-0.0003315036245488609 -2.620280810015649 0 2.620280810015649 -0.0003315036245488609
-0.01692190979999691 -2.620375440630069 0 2.620375440630069 -0.01692190979999691
-0.03351260737794116 -2.62045601570775 0 2.62045601570775 -0.03351260737794116
-0.05010354297489203 -2.620523003511857 0 2.620523003511857 -0.05010354297489203
-0.06669469923426802 -2.62057407928184 0 2.62057407928184 -0.06669469923426802
-0.08328604430201023 -2.620606288782018 0 2.620606288782018 -0.08328604430201023
-0.09987748465227744 -2.620619701696667 0 2.620619701696667 -0.09987748465227744
-0.1164689364688903 -2.620610811111215 0 2.620610811111215 -0.1164689364688903
-0.1330602686579731 -2.620577265160704 0 2.620577265160704 -0.1330602686579731
-0.1496513098631104 -2.620517459909689 0 2.620517459909689 -0.1496513098631104
-0.1662417855602669 -2.620426397095942 0 2.620426397095942 -0.1662417855602669
-0.1828314137770256 -2.620302149852415 0 2.620302149852415 -0.1828314137770256
-0.199419730613685 -2.620139679509838 0 2.620139679509838 -0.199419730613685
-0.2160061944280315 -2.619934476603177 0 2.619934476603177 -0.2160061944280315
-0.2325900242349563 -2.619680991867411 0 2.619680991867411 -0.2325900242349563
-0.2491700781206952 -2.61937120482498 0 2.61937120482498 -0.2491700781206952
-0.2657449069972245 -2.618997346836426 0 2.618997346836426 -0.2657449069972245
-0.2823103239190755 -2.618530367942653 0 2.618530367942653 -0.2823103239190755
0.9827274939555817 -3.007564886007853 0 3.007564886007853 0.9827274939555817
0.9659020101744062 -3.007759710971624 0 3.007759710971624 0.9659020101744062
0.9492173540811401 -3.007942131272241 0 3.007942131272241 0.9492173540811401
0.9326703505694486 -3.00811317266452 0 3.00811317266452 0.9326703505694486
0.9153972732320379 -3.008337240013451 0 3.008337240013451 0.9153972732320379
0.8989833832709305 -3.008495403935618 0 3.008495403935618 0.8989833832709305
0.8817100881831126 -3.008716562449734 0 3.008716562449734 0.8817100881831126
0.8654240076176049 -3.008863259252371 0 3.008863259252371 0.8654240076176049
0.8481504972193783 -3.009081337974546 0 3.009081337974546 0.8481504972193783
0.8308768405415923 -3.009297340677981 0 3.009297340677981 0.8308768405415923
0.8136031040280205 -3.009512366938228 0 3.009512366938228 0.8136031040280205
0.7975532387572533 -3.009638585599351 0 3.009638585599351 0.7975532387572533
0.7802793241894034 -3.009850986740604 0 3.009850986740604 0.7802793241894034
0.7634929817253951 -3.010029204579792 0 3.010029204579792 0.7634929817253951
0.7470623498017301 -3.010179822340347 0 3.010179822340347 0.7470623498017301
0.7297882514233227 -3.010389691218947 0 3.010389691218947 0.7297882514233227
0.7125140817044312 -3.010598394743173 0 3.010598394743173 0.7125140817044312
0.6952398306999855 -3.010805927293663 0 3.010805927293663 0.6952398306999855
0.6779655012506131 -3.011012396586005 0 3.011012396586005 0.6779655012506131
0.6606911005275994 -3.01121776927382 0 3.01121776927382 0.6606911005275994
0.6434166318085259 -3.011422152582101 0 3.011422152582101 0.6434166318085259
0.626142090731607 -3.011625498263044 0 3.011625498263044 0.626142090731607
0.6088674914545678 -3.011827934549899 0 3.011827934549899 0.6088674914545678
0.5915928221915119 -3.012029384321354 0 3.012029384321354 0.5915928221915119
0.5743180752892609 -3.012229601200614 0 3.012229601200614 0.5743180752892609
0.557043249632908 -3.012428702769642 0 3.012428702769642 0.557043249632908
0.5397683487540625 -3.012626650202407 0 3.012626650202407 0.5397683487540625
0.5224933616580314 -3.0128233015129 0 3.0128233015129 0.5224933616580314
0.5052183049318184 -3.013018883238333 0 3.013018883238333 0.5052183049318184
0.4879431638755954 -3.013213136253547 0 3.013213136253547 0.4879431638755954
0.4706679087770377 -3.013405658994983 0 3.013405658994983 0.4706679087770377
0.4533925602086138 -3.013596681597106 0 3.013596681597106 0.4533925602086138
0.4361171048466406 -3.013786047544246 0 3.013786047544246 0.4361171048466406
0.4188415202120263 -3.013973354103932 0 3.013973354103932 0.4188415202120263
0.4015658235230702 -3.014158830791951 0 3.014158830791951 0.4015658235230702
0.3842900034953362 -3.014342335106453 0 3.014342335106453 0.3842900034953362
0.3670140300424716 -3.014523303446365 0 3.014523303446365 0.3670140300424716
0.3497379108815394 -3.01470180876752 0 3.01470180876752 0.3497379108815394
0.332461648435482 -3.014877922994455 0 3.014877922994455 0.332461648435482
0.3151852055412957 -3.015050929138915 0 3.015050929138915 0.3151852055412957
0.2979085142111934 -3.015219602118214 0 3.015219602118214 0.2979085142111934
0.2806316171720097 -3.015384612452847 0 3.015384612452847 0.2806316171720097
0.2633546282171346 -3.015548128722469 0 3.015548128722469 0.2633546282171346
0.2479415441172144 -3.015611466989232 0 3.015611466989232 0.2479415441172144
0.2306640610971081 -3.015765414009725 0 3.015765414009725 0.2306640610971081
0.2133865554336787 -3.015919071233615 0 3.015919071233615 0.2133865554336787
0.1961088698123184 -3.016069139119979 0 3.016069139119979 0.1961088698123184
0.1788308559337305 -3.016212222635897 0 3.016212222635897 0.1788308559337305
0.1615525866914421 -3.016349952739464 0 3.016349952739464 0.1615525866914421
0.1442740719256073 -3.016482211688263 0 3.016482211688263 0.1442740719256073
0.1269952950600196 -3.016608311610517 0 3.016608311610517 0.1269952950600196
0.1097162358889652 -3.016727576844227 0 3.016727576844227 0.1097162358889652
0.09243698315829199 -3.016841866852131 0 3.016841866852131 0.09243698315829199
0.0751576196477738 -3.016953305529059 0 3.016953305529059 0.0751576196477738
0.05787815922011129 -3.017061841189126 0 3.017061841189126 0.05787815922011129
0.04059854696042056 -3.017166328616722 0 3.017166328616722 0.04059854696042056
0.02331877597559764 -3.017265844508623 0 3.017265844508623 0.02331877597559764
0.006038853903167638 -3.017360914691846 0 3.017360914691846 0.006038853903167638
-0.01124123538919897 -3.017450504006059 0 3.017450504006059 -0.01124123538919897
-0.02852153364709885 -3.017532781057592 0 3.017532781057592 -0.02852153364709885
-0.0458020132621168 -3.017608150926874 0 3.017608150926874 -0.0458020132621168
-0.0630826816695416 -3.017675530117107 0 3.017675530117107 -0.0630826816695416
-0.08036355756225717 -3.017732901441368 0 3.017732901441368 -0.08036355756225717
-0.09764460292998887 -3.017780598313822 0 3.017780598313822 -0.09764460292998887
-0.114925805414451 -3.017816965451396 0 3.017816965451396 -0.114925805414451
-0.1322071423348194 -3.017839899370229 0 3.017839899370229 -0.1322071423348194
-0.149488547098541 -3.017849449687124 0 3.017849449687124 -0.149488547098541
-0.1667699600265648 -3.017843119398121 0 3.017843119398121 -0.1667699600265648
-0.1840512877770311 -3.017819233921182 0 3.017819233921182 -0.1840512877770311
-0.2013324083402245 -3.017776651217322 0 3.017776651217322 -0.2013324083402245
-0.2186131262487075 -3.017711812408682 0 3.017711812408682 -0.2186131262487075
-0.2358932407316229 -3.017623345521533 0 3.017623345521533 -0.2358932407316229
-0.253172421481696 -3.017507662907275 0 3.017507662907275 -0.253172421481696
-0.2704502828371921 -3.017361553722913 0 3.017361553722913 -0.2704502828371921
-0.2877262687187216 -3.017181066763908 0 3.017181066763908 -0.2877262687187216
-0.3049995660573768 -3.016960491265462 0 3.016960491265462 -0.3049995660573768
-0.3222691430691005 -3.016694295777303 0 3.016694295777303 -0.3222691430691005
-0.3395320185522602 -3.016361796059305 0 3.016361796059305 -0.3395320185522602
0.9819298959436481 -3.469162610794545 0 3.469162610794545 0.9819298959436481
0.964098896819656 -3.469266819520813 0 3.469266819520813 0.964098896819656
0.9463432241336538 -3.469364393194204 0 3.469364393194204 0.9463432241336538
0.9286611795729433 -3.469455880474279 0 3.469455880474279 0.9286611795729433
0.9105907699412691 -3.469575730477885 0 3.469575730477885 0.9105907699412691
0.892979925652057 -3.46966032980836 0 3.46966032980836 0.892979925652057
0.8749093995492342 -3.469778623923572 0 3.469778623923572 0.8749093995492342
0.8573669184253557 -3.469857089678035 0 3.469857089678035 0.8573669184253557
0.8392962771565002 -3.469973736462669 0 3.469973736462669 0.8392962771565002
0.8212255576450892 -3.470089272818671 0 3.470089272818671 0.8212255576450892
0.8031547954308162 -3.470204286891105 0 3.470204286891105 0.8031547954308162
0.7857386620231825 -3.470271799220207 0 3.470271799220207 0.7857386620231825
0.7676678045705743 -3.470385409159221 0 3.470385409159221 0.7676678045705743
0.7498577415000258 -3.470480735004739 0 3.470480735004739 0.7498577415000258
0.7322379422075534 -3.470561298016253 0 3.470561298016253 0.7322379422075534
0.7141669864376697 -3.470673553489194 0 3.470673553489194 0.7141669864376697
0.6960959925089228 -3.470785185633049 0 3.470785185633049 0.6960959925089228
0.6780249551018558 -3.470896191442112 0 3.470896191442112 0.6780249551018558
0.6599538757358744 -3.471006628531699 0 3.471006628531699 0.6599538757358744
0.6418827582467822 -3.471116479065376 0 3.471116479065376 0.6418827582467822
0.6238116043877048 -3.471225800396042 0 3.471225800396042 0.6238116043877048
0.6057404118255931 -3.471334566716737 0 3.471334566716737 0.6057404118255931
0.587669188133185 -3.471442846617336 0 3.471442846617336 0.587669188133185
0.5695979270063956 -3.471550598846906 0 3.471550598846906 0.5695979270063956
0.5515266243516644 -3.471657691622509 0 3.471657691622509 0.5515266243516644
0.5334552795726459 -3.471764187836823 0 3.471764187836823 0.5334552795726459
0.5153838945583409 -3.471870066722436 0 3.471870066722436 0.5153838945583409
0.4973124634278663 -3.471975252333344 0 3.471975252333344 0.4973124634278663
0.4792409950533411 -3.472079865840613 0 3.472079865840613 0.4792409950533411
0.4611694815720661 -3.472183768642414 0 3.472183768642414 0.4611694815720661
0.4430979070914025 -3.472286745948935 0 3.472286745948935 0.4430979070914025
0.4250262826152291 -3.472388920855356 0 3.472388920855356 0.4250262826152291
0.4069546010169244 -3.472490209643992 0 3.472490209643992 0.4069546010169244
0.3888828502727882 -3.472590396899803 0 3.472590396899803 0.3888828502727882
0.3708110395926086 -3.472689605387041 0 3.472689605387041 0.3708110395926086
0.3527391629405243 -3.472787758883793 0 3.472787758883793 0.3527391629405243
0.334667204223835 -3.472884555929015 0 3.472884555929015 0.334667204223835
0.316595167570272 -3.472980035545593 0 3.472980035545593 0.316595167570272
0.2985230542758298 -3.473074236204796 0 3.473074236204796 0.2985230542758298
0.2804508444626513 -3.473166774401275 0 3.473166774401275 0.2804508444626513
0.2623785017651762 -3.47325699485824 0 3.47325699485824 0.2623785017651762
0.2443060490372637 -3.473345256226194 0 3.473345256226194 0.2443060490372637
0.226233547145144 -3.473432718443092 0 3.473432718443092 0.226233547145144
0.2091580176208786 -3.473466597070634 0 3.473466597070634 0.2091580176208786
0.191085251461309 -3.473548940851936 0 3.473548940851936 0.191085251461309
0.1730124731901943 -3.473631129625751 0 3.473631129625751 0.1730124731901943
0.1549395986625115 -3.473711398521349 0 3.473711398521349 0.1549395986625115
0.1368665485553809 -3.473787931590883 0 3.473787931590883 0.1368665485553809
0.1187933618583636 -3.473861601207289 0 3.473861601207289 0.1187933618583636
0.1007200438347978 -3.473932344392067 0 3.473932344392067 0.1007200438347978
0.08264658561834036 -3.473999793213797 0 3.473999793213797 0.08264658561834036
0.06457297640128415 -3.474063586271877 0 3.474063586271877 0.06457297640128415
0.04649926365233842 -3.474124718162657 0 3.474124718162657 0.04649926365233842
0.02842549164905683 -3.47418432492291 0 3.47418432492291 0.02842549164905683
0.01035166780637226 -3.474242378906699 0 3.474242378906699 0.01035166780637226
-0.007722237248792725 -3.474298267556831 0 3.474298267556831 -0.007722237248792725
-0.02579622720344735 -3.474351497013447 0 3.474351497013447 -0.02579622720344735
-0.0438702979724036 -3.474402348532853 0 3.474402348532853 -0.0438702979724036
-0.06194445818458213 -3.474450268424641 0 3.474450268424641 -0.06194445818458213
-0.08001873016902292 -3.474494277106145 0 3.474494277106145 -0.08001873016902292
-0.09809309915843413 -3.474534591248295 0 3.474534591248295 -0.09809309915843413
-0.1161675691298307 -3.474570631306288 0 3.474570631306288 -0.1161675691298307
-0.134242150081732 -3.474601318319676 0 3.474601318319676 -0.134242150081732
-0.1523168216830609 -3.474626830626267 0 3.474626830626267 -0.1523168216830609
-0.1703915773235713 -3.47464628284209 0 3.47464628284209 -0.1703915773235713
-0.1884664048716598 -3.474658549847864 0 3.474658549847864 -0.1884664048716598
-0.2065412687080536 -3.474663658182814 0 3.474663658182814 -0.2065412687080536
-0.2246161369113998 -3.474660272240162 0 3.474660272240162 -0.2246161369113998
-0.2426909595546569 -3.474647496313236 0 3.474647496313236 -0.2426909595546569
-0.2607656713768143 -3.474624719543972 0 3.474624719543972 -0.2607656713768143
-0.278840167825521 -3.474590038346534 0 3.474590038346534 -0.278840167825521
-0.2969143415117141 -3.474542718874504 0 3.474542718874504 -0.2969143415117141
-0.3149880157594084 -3.474480842153044 0 3.474480842153044 -0.3149880157594084
-0.3330609842844199 -3.474402690754501 0 3.474402690754501 -0.3330609842844199
-0.3511329496489343 -3.474306151243883 0 3.474306151243883 -0.3511329496489343
-0.3692034769556278 -3.474188169026054 0 3.474188169026054 -0.3692034769556278
-0.387272014320003 -3.474045785418303 0 3.474045785418303 -0.387272014320003
-0.4053369671458327 -3.47386793675727 0 3.47386793675727 -0.4053369671458327
$EndNodes
$Elements
108 9206 1 9206
0 1 15 1
541 541 
0 2 15 1
542 542 
0 3 15 1
543 543 
0 4 15 1
544 544 
0 5 15 1
545 545 
0 6 15 1
546 1 
0 7 15 1
547 546 
0 8 15 1
548 547 
0 9 15 1
549 548 
0 10 15 1
550 549 
0 11 15 1
551 550 
0 12 15 1
552 551 
0 13 15 1
553 552 
0 14 15 1
554 553 
0 15 15 1
555 554 
0 16 15 1
556 555 
0 17 15 1
557 556 
0 18 15 1
558 557 
0 19 15 1
559 558 
0 20 15 1
560 559 
0 21 15 1
561 560 
0 22 15 1
562 561 
0 23 15 1
563 562 
0 24 15 1
564 563 
0 25 15 1
565 564 
0 26 15 1
566 565 
0 27 15 1
567 566 
0 28 15 1
568 567 
0 29 15 1
569 568 
0 30 15 1
570 569 
0 31 15 1
571 570 
0 32 15 1
572 571 
0 33 15 1
573 572 
0 34 15 1
574 573 
0 35 15 1
575 574 
0 36 15 1
576 575 
0 37 15 1
577 576 
0 38 15 1
578 577 
0 39 15 1
579 578 
0 40 15 1
580 579 
0 41 15 1
581 580 
0 42 15 1
582 581 
0 43 15 1
583 582 
0 44 15 1
584 583 
0 45 15 1
585 584 
0 46 15 1
586 2 
0 47 15 1
587 585 
0 48 15 1
588 586 
0 49 15 1
589 587 
0 50 15 1
590 588 
0 51 15 1
591 589 
0 52 15 1
592 590 
0 53 15 1
593 591 
0 54 15 1
594 592 
0 55 15 1
595 593 
0 56 15 1
596 594 
0 57 15 1
597 595 
0 58 15 1
598 596 
0 59 15 1
599 597 
0 60 15 1
600 598 
0 61 15 1
601 599 
0 62 15 1
602 600 
0 63 15 1
603 601 
0 64 15 1
604 602 
0 65 15 1
605 603 
0 66 15 1
606 604 
0 67 15 1
607 605 
0 68 15 1
608 606 
0 69 15 1
609 607 
0 70 15 1
610 608 
0 71 15 1
611 609 
0 72 15 1
612 610 
0 73 15 1
613 611 
0 74 15 1
614 612 
0 75 15 1
615 613 
0 76 15 1
616 614 
0 77 15 1
617 615 
0 78 15 1
618 616 
0 79 15 1
619 3 
0 80 15 1
620 4 
0 81 15 1
621 5 
0 82 15 1
622 6 
0 83 15 1
623 7 
0 84 15 1
624 8 
0 85 15 1
625 9 
0 86 15 1
626 10 
0 90 15 1
627 617 
1 1 1 4
628 541 618 
629 618 619 
630 619 620 
631 620 541 
1 2 1 34
1 5 11 
2 11 12 
3 12 13 
4 13 14 
5 14 15 
6 15 16 
7 16 17 
8 17 18 
9 18 19 
10 19 20 
11 20 21 
12 21 22 
13 22 23 
14 23 24 
15 24 25 
16 25 26 
17 26 27 
18 27 28 
19 28 29 
20 29 30 
21 30 31 
22 31 32 
23 32 33 
24 33 34 
25 34 35 
26 35 36 
27 36 37 
28 37 38 
29 38 39 
30 39 40 
31 40 41 
32 41 42 
33 42 43 
34 43 4 
1 3 1 29
632 1 621 
633 621 622 
634 622 623 
635 623 624 
636 624 625 
637 625 626 
638 626 627 
639 627 628 
640 628 629 
641 629 630 
642 630 631 
643 631 632 
644 632 633 
645 633 634 
646 634 635 
647 635 636 
648 636 637 
649 637 638 
650 638 639 
651 639 640 
652 640 641 
653 641 642 
654 642 643 
655 643 644 
656 644 645 
657 645 646 
658 646 647 
659 647 648 
660 648 4 
1 4 1 29
661 2 649 
662 649 650 
663 650 651 
664 651 652 
665 652 653 
666 653 654 
667 654 655 
668 655 656 
669 656 657 
670 657 658 
671 658 659 
672 659 660 
673 660 661 
674 661 662 
675 662 663 
676 663 664 
677 664 665 
678 665 666 
679 666 667 
680 667 668 
681 668 669 
682 669 670 
683 670 671 
684 671 672 
685 672 673 
686 673 674 
687 674 675 
688 675 676 
689 676 5 
1 5 1 29
690 3 677 
691 677 678 
692 678 679 
693 679 680 
694 680 681 
695 681 682 
696 682 683 
697 683 684 
698 684 685 
699 685 686 
700 686 687 
701 687 688 
702 688 689 
703 689 690 
704 690 691 
705 691 692 
706 692 693 
707 693 694 
708 694 695 
709 695 696 
710 696 697 
711 697 698 
712 698 699 
713 699 700 
714 700 701 
715 701 702 
716 702 703 
717 703 704 
718 704 9 
1 6 1 29
719 3 705 
720 705 706 
721 706 707 
722 707 708 
723 708 709 
724 709 710 
725 710 711 
726 711 712 
727 712 713 
728 713 714 
729 714 715 
730 715 716 
731 716 717 
732 717 718 
733 718 719 
734 719 720 
735 720 721 
736 721 722 
737 722 723 
738 723 724 
739 724 725 
740 725 726 
741 726 727 
742 727 728 
743 728 729 
744 729 730 
745 730 731 
746 731 732 
747 732 10 
1 7 1 49
748 3 733 
749 733 734 
750 734 735 
751 735 736 
752 736 737 
753 737 738 
754 738 739 
755 739 740 
756 740 741 
757 741 742 
758 742 743 
759 743 744 
760 744 745 
761 745 746 
762 746 747 
763 747 748 
764 748 749 
765 749 750 
766 750 751 
767 751 752 
768 752 753 
769 753 754 
770 754 755 
771 755 756 
772 756 757 
773 757 758 
774 758 759 
775 759 760 
776 760 761 
777 761 762 
778 762 763 
779 763 764 
780 764 765 
781 765 766 
782 766 767 
783 767 768 
784 768 769 
785 769 770 
786 770 771 
787 771 772 
788 772 773 
789 773 774 
790 774 775 
791 775 776 
792 776 777 
793 777 778 
794 778 779 
795 779 780 
796 780 8 
1 8 1 79
35 5 44 
36 44 45 
37 45 46 
38 46 47 
39 47 48 
40 48 49 
41 49 50 
42 50 51 
43 51 52 
44 52 53 
45 53 54 
46 54 55 
47 55 56 
48 56 57 
49 57 58 
50 58 59 
51 59 60 
52 60 61 
53 61 62 
54 62 63 
55 63 64 
56 64 65 
57 65 66 
58 66 67 
59 67 68 
60 68 69 
61 69 70 
62 70 71 
63 71 72 
64 72 73 
65 73 74 
66 74 75 
67 75 76 
68 76 77 
69 77 78 
70 78 79 
71 79 80 
72 80 81 
73 81 82 
74 82 83 
75 83 84 
76 84 85 
77 85 86 
78 86 87 
79 87 88 
80 88 89 
81 89 90 
82 90 91 
83 91 92 
84 92 93 
85 93 94 
86 94 95 
87 95 96 
88 96 97 
89 97 98 
90 98 99 
91 99 100 
92 100 101 
93 101 102 
94 102 103 
95 103 104 
96 104 105 
97 105 106 
98 106 107 
99 107 108 
100 108 109 
101 109 110 
102 110 111 
103 111 112 
104 112 113 
105 113 114 
106 114 115 
107 115 116 
108 116 117 
109 117 118 
110 118 119 
111 119 120 
112 120 121 
113 121 10 
1 9 1 49
114 10 122 
115 122 123 
116 123 124 
117 124 125 
118 125 126 
119 126 127 
120 127 128 
121 128 129 
122 129 130 
123 130 131 
124 131 132 
125 132 133 
126 133 134 
127 134 135 
128 135 136 
129 136 137 
130 137 138 
131 138 139 
132 139 140 
133 140 141 
134 141 142 
135 142 143 
136 143 144 
137 144 145 
138 145 146 
139 146 147 
140 147 148 
141 148 149 
142 149 150 
143 150 151 
144 151 152 
145 152 153 
146 153 154 
147 154 155 
148 155 156 
149 156 157 
150 157 158 
151 158 159 
152 159 160 
153 160 161 
154 161 162 
155 162 163 
156 163 164 
157 164 165 
158 165 166 
159 166 167 
160 167 168 
161 168 169 
162 169 6 
1 10 1 79
163 4 170 
164 170 171 
165 171 172 
166 172 173 
167 173 174 
168 174 175 
169 175 176 
170 176 177 
171 177 178 
172 178 179 
173 179 180 
174 180 181 
175 181 182 
176 182 183 
177 183 184 
178 184 185 
179 185 186 
180 186 187 
181 187 188 
182 188 189 
183 189 190 
184 190 191 
185 191 192 
186 192 193 
187 193 194 
188 194 195 
189 195 196 
190 196 197 
191 197 198 
192 198 199 
193 199 200 
194 200 201 
195 201 202 
196 202 203 
197 203 204 
198 204 205 
199 205 206 
200 206 207 
201 207 208 
202 208 209 
203 209 210 
204 210 211 
205 211 212 
206 212 213 
207 213 214 
208 214 215 
209 215 216 
210 216 217 
211 217 218 
212 218 219 
213 219 220 
214 220 221 
215 221 222 
216 222 223 
217 223 224 
218 224 225 
219 225 226 
220 226 227 
221 227 228 
222 228 229 
223 229 230 
224 230 231 
225 231 232 
226 232 233 
227 233 234 
228 234 235 
229 235 236 
230 236 237 
231 237 238 
232 238 239 
233 239 240 
234 240 241 
235 241 242 
236 242 243 
237 243 244 
238 244 245 
239 245 246 
240 246 247 
241 247 9 
1 11 1 49
242 9 248 
243 248 249 
244 249 250 
245 250 251 
246 251 252 
247 252 253 
248 253 254 
249 254 255 
250 255 256 
251 256 257 
252 257 258 
253 258 259 
254 259 260 
255 260 261 
256 261 262 
257 262 263 
258 263 264 
259 264 265 
260 265 266 
261 266 267 
262 267 268 
263 268 269 
264 269 270 
265 270 271 
266 271 272 
267 272 273 
268 273 274 
269 274 275 
270 275 276 
271 276 277 
272 277 278 
273 278 279 
274 279 280 
275 280 281 
276 281 282 
277 282 283 
278 283 284 
279 284 285 
280 285 286 
281 286 287 
282 287 288 
283 288 289 
284 289 290 
285 290 291 
286 291 292 
287 292 293 
288 293 294 
289 294 295 
290 295 7 
1 12 1 29
291 8 296 
292 296 297 
293 297 298 
294 298 299 
295 299 300 
296 300 301 
297 301 302 
298 302 303 
299 303 304 
300 304 305 
301 305 306 
302 306 307 
303 307 308 
304 308 309 
305 309 310 
306 310 311 
307 311 312 
308 312 313 
309 313 314 
310 314 315 
311 315 316 
312 316 317 
313 317 318 
314 318 319 
315 319 320 
316 320 321 
317 321 322 
318 322 323 
319 323 7 
1 13 1 29
320 8 324 
321 324 325 
322 325 326 
323 326 327 
324 327 328 
325 328 329 
326 329 330 
327 330 331 
328 331 332 
329 332 333 
330 333 334 
331 334 335 
332 335 336 
333 336 337 
334 337 338 
335 338 339 
336 339 340 
337 340 341 
338 341 342 
339 342 343 
340 343 344 
341 344 345 
342 345 346 
343 346 347 
344 347 348 
345 348 349 
346 349 350 
347 350 351 
348 351 6 
1 14 1 34
349 2 352 
350 352 353 
351 353 354 
352 354 355 
353 355 356 
354 356 357 
355 357 358 
356 358 359 
357 359 360 
358 360 361 
359 361 362 
360 362 363 
361 363 364 
362 364 365 
363 365 366 
364 366 367 
365 367 368 
366 368 369 
367 369 370 
368 370 371 
369 371 372 
370 372 373 
371 373 374 
372 374 375 
373 375 376 
374 376 377 
375 377 378 
376 378 379 
377 379 380 
378 380 381 
379 381 382 
380 382 383 
381 383 384 
382 384 1 
1 15 1 79
383 1 385 
384 385 386 
385 386 387 
386 387 388 
387 388 389 
388 389 390 
389 390 391 
390 391 392 
391 392 393 
392 393 394 
393 394 395 
394 395 396 
395 396 397 
396 397 398 
397 398 399 
398 399 400 
399 400 401 
400 401 402 
401 402 403 
402 403 404 
403 404 405 
404 405 406 
405 406 407 
406 407 408 
407 408 409 
408 409 410 
409 410 411 
410 411 412 
411 412 413 
412 413 414 
413 414 415 
414 415 416 
415 416 417 
416 417 418 
417 418 419 
418 419 420 
419 420 421 
420 421 422 
421 422 423 
422 423 424 
423 424 425 
424 425 426 
425 426 427 
426 427 428 
427 428 429 
428 429 430 
429 430 431 
430 431 432 
431 432 433 
432 433 434 
433 434 435 
434 435 436 
435 436 437 
436 437 438 
437 438 439 
438 439 440 
439 440 441 
440 441 442 
441 442 443 
442 443 444 
443 444 445 
444 445 446 
445 446 447 
446 447 448 
447 448 449 
448 449 450 
449 450 451 
450 451 452 
451 452 453 
452 453 454 
453 454 455 
454 455 456 
455 456 457 
456 457 458 
457 458 459 
458 459 460 
459 460 461 
460 461 462 
461 462 3 
1 16 1 79
462 2 463 
463 463 464 
464 464 465 
465 465 466 
466 466 467 
467 467 468 
468 468 469 
469 469 470 
470 470 471 
471 471 472 
472 472 473 
473 473 474 
474 474 475 
475 475 476 
476 476 477 
477 477 478 
478 478 479 
479 479 480 
480 480 481 
481 481 482 
482 482 483 
483 483 484 
484 484 485 
485 485 486 
486 486 487 
487 487 488 
488 488 489 
489 489 490 
490 490 491 
491 491 492 
492 492 493 
493 493 494 
494 494 495 
495 495 496 
496 496 497 
497 497 498 
498 498 499 
499 499 500 
500 500 501 
501 501 502 
502 502 503 
503 503 504 
504 504 505 
505 505 506 
506 506 507 
507 507 508 
508 508 509 
509 509 510 
510 510 511 
511 511 512 
512 512 513 
513 513 514 
514 514 515 
515 515 516 
516 516 517 
517 517 518 
518 518 519 
519 519 520 
520 520 521 
521 521 522 
522 522 523 
523 523 524 
524 524 525 
525 525 526 
526 526 527 
527 527 528 
528 528 529 
529 529 530 
530 530 531 
531 531 532 
532 532 533 
533 533 534 
534 534 535 
535 535 536 
536 536 537 
537 537 538 
538 538 539 
539 539 540 
540 540 3 
2 1 3 986
797 5 11 781 676 
798 676 781 782 675 
799 675 782 783 674 
800 674 783 784 673 
801 673 784 785 672 
802 672 785 786 671 
803 671 786 787 670 
804 670 787 788 669 
805 669 788 789 668 
806 668 789 790 667 
807 667 790 791 666 
808 666 791 792 665 
809 665 792 793 664 
810 664 793 794 663 
811 663 794 795 662 
812 662 795 796 661 
813 661 796 797 660 
814 660 797 798 659 
815 659 798 799 658 
816 658 799 800 657 
817 657 800 801 656 
818 656 801 802 655 
819 655 802 803 654 
820 654 803 804 653 
821 653 804 805 652 
822 652 805 806 651 
823 651 806 807 650 
824 650 807 808 649 
825 649 808 352 2 
826 11 12 809 781 
827 781 809 810 782 
828 782 810 811 783 
829 783 811 812 784 
830 784 812 813 785 
831 785 813 814 786 
832 786 814 815 787 
833 787 815 816 788 
834 788 816 817 789 
835 789 817 818 790 
836 790 818 819 791 
837 791 819 820 792 
838 792 820 821 793 
839 793 821 822 794 
840 794 822 823 795 
841 795 823 824 796 
842 796 824 825 797 
843 797 825 826 798 
844 798 826 827 799 
845 799 827 828 800 
846 800 828 829 801 
847 801 829 830 802 
848 802 830 831 803 
849 803 831 832 804 
850 804 832 833 805 
851 805 833 834 806 
852 806 834 835 807 
853 807 835 836 808 
854 808 836 353 352 
855 12 13 837 809 
856 809 837 838 810 
857 810 838 839 811 
858 811 839 840 812 
859 812 840 841 813 
860 813 841 842 814 
861 814 842 843 815 
862 815 843 844 816 
863 816 844 845 817 
864 817 845 846 818 
865 818 846 847 819 
866 819 847 848 820 
867 820 848 849 821 
868 821 849 850 822 
869 822 850 851 823 
870 823 851 852 824 
871 824 852 853 825 
872 825 853 854 826 
873 826 854 855 827 
874 827 855 856 828 
875 828 856 857 829 
876 829 857 858 830 
877 830 858 859 831 
878 831 859 860 832 
879 832 860 861 833 
880 833 861 862 834 
881 834 862 863 835 
882 835 863 864 836 
883 836 864 354 353 
884 13 14 865 837 
885 837 865 866 838 
886 838 866 867 839 
887 839 867 868 840 
888 840 868 869 841 
889 841 869 870 842 
890 842 870 871 843 
891 843 871 872 844 
892 844 872 873 845 
893 845 873 874 846 
894 846 874 875 847 
895 847 875 876 848 
896 848 876 877 849 
897 849 877 878 850 
898 850 878 879 851 
899 851 879 880 852 
900 852 880 881 853 
901 853 881 882 854 
902 854 882 883 855 
903 855 883 884 856 
904 856 884 885 857 
905 857 885 886 858 
906 858 886 887 859 
907 859 887 888 860 
908 860 888 889 861 
909 861 889 890 862 
910 862 890 891 863 
911 863 891 892 864 
912 864 892 355 354 
913 14 15 893 865 
914 865 893 894 866 
915 866 894 895 867 
916 867 895 896 868 
917 868 896 897 869 
918 869 897 898 870 
919 870 898 899 871 
920 871 899 900 872 
921 872 900 901 873 
922 873 901 902 874 
923 874 902 903 875 
924 875 903 904 876 
925 876 904 905 877 
926 877 905 906 878 
927 878 906 907 879 
928 879 907 908 880 
929 880 908 909 881 
930 881 909 910 882 
931 882 910 911 883 
932 883 911 912 884 
933 884 912 913 885 
934 885 913 914 886 
935 886 914 915 887 
936 887 915 916 888 
937 888 916 917 889 
938 889 917 918 890 
939 890 918 919 891 
940 891 919 920 892 
941 892 920 356 355 
942 15 16 921 893 
943 893 921 922 894 
944 894 922 923 895 
945 895 923 924 896 
946 896 924 925 897 
947 897 925 926 898 
948 898 926 927 899 
949 899 927 928 900 
950 900 928 929 901 
951 901 929 930 902 
952 902 930 931 903 
953 903 931 932 904 
954 904 932 933 905 
955 905 933 934 906 
956 906 934 935 907 
957 907 935 936 908 
958 908 936 937 909 
959 909 937 938 910 
960 910 938 939 911 
961 911 939 940 912 
962 912 940 941 913 
963 913 941 942 914 
964 914 942 943 915 
965 915 943 944 916 
966 916 944 945 917 
967 917 945 946 918 
968 918 946 947 919 
969 919 947 948 920 
970 920 948 357 356 
971 16 17 949 921 
972 921 949 950 922 
973 922 950 951 923 
974 923 951 952 924 
975 924 952 953 925 
976 925 953 954 926 
977 926 954 955 927 
978 927 955 956 928 
979 928 956 957 929 
980 929 957 958 930 
981 930 958 959 931 
982 931 959 960 932 
983 932 960 961 933 
984 933 961 962 934 
985 934 962 963 935 
986 935 963 964 936 
987 936 964 965 937 
988 937 965 966 938 
989 938 966 967 939 
990 939 967 968 940 
991 940 968 969 941 
992 941 969 970 942 
993 942 970 971 943 
994 943 971 972 944 
995 944 972 973 945 
996 945 973 974 946 
997 946 974 975 947 
998 947 975 976 948 
999 948 976 358 357 
1000 17 18 977 949 
1001 949 977 978 950 
1002 950 978 979 951 
1003 951 979 980 952 
1004 952 980 981 953 
1005 953 981 982 954 
1006 954 982 983 955 
1007 955 983 984 956 
1008 956 984 985 957 
1009 957 985 986 958 
1010 958 986 987 959 
1011 959 987 988 960 
1012 960 988 989 961 
1013 961 989 990 962 
1014 962 990 991 963 
1015 963 991 992 964 
1016 964 992 993 965 
1017 965 993 994 966 
1018 966 994 995 967 
1019 967 995 996 968 
1020 968 996 997 969 
1021 969 997 998 970 
1022 970 998 999 971 
1023 971 999 1000 972 
1024 972 1000 1001 973 
1025 973 1001 1002 974 
1026 974 1002 1003 975 
1027 975 1003 1004 976 
1028 976 1004 359 358 
1029 18 19 1005 977 
1030 977 1005 1006 978 
1031 978 1006 1007 979 
1032 979 1007 1008 980 
1033 980 1008 1009 981 
1034 981 1009 1010 982 
1035 982 1010 1011 983 
1036 983 1011 1012 984 
1037 984 1012 1013 985 
1038 985 1013 1014 986 
1039 986 1014 1015 987 
1040 987 1015 1016 988 
1041 988 1016 1017 989 
1042 989 1017 1018 990 
1043 990 1018 1019 991 
1044 991 1019 1020 992 
1045 992 1020 1021 993 
1046 993 1021 1022 994 
1047 994 1022 1023 995 
1048 995 1023 1024 996 
1049 996 1024 1025 997 
1050 997 1025 1026 998 
1051 998 1026 1027 999 
1052 999 1027 1028 1000 
1053 1000 1028 1029 1001 
1054 1001 1029 1030 1002 
1055 1002 1030 1031 1003 
1056 1003 1031 1032 1004 
1057 1004 1032 360 359 
1058 19 20 1033 1005 
1059 1005 1033 1034 1006 
1060 1006 1034 1035 1007 
1061 1007 1035 1036 1008 
1062 1008 1036 1037 1009 
1063 1009 1037 1038 1010 
1064 1010 1038 1039 1011 
1065 1011 1039 1040 1012 
1066 1012 1040 1041 1013 
1067 1013 1041 1042 1014 
1068 1014 1042 1043 1015 
1069 1015 1043 1044 1016 
1070 1016 1044 1045 1017 
1071 1017 1045 1046 1018 
1072 1018 1046 1047 1019 
1073 1019 1047 1048 1020 
1074 1020 1048 1049 1021 
1075 1021 1049 1050 1022 
1076 1022 1050 1051 1023 
1077 1023 1051 1052 1024 
1078 1024 1052 1053 1025 
1079 1025 1053 1054 1026 
1080 1026 1054 1055 1027 
1081 1027 1055 1056 1028 
1082 1028 1056 1057 1029 
1083 1029 1057 1058 1030 
1084 1030 1058 1059 1031 
1085 1031 1059 1060 1032 
1086 1032 1060 361 360 
1087 20 21 1061 1033 
1088 1033 1061 1062 1034 
1089 1034 1062 1063 1035 
1090 1035 1063 1064 1036 
1091 1036 1064 1065 1037 
1092 1037 1065 1066 1038 
1093 1038 1066 1067 1039 
1094 1039 1067 1068 1040 
1095 1040 1068 1069 1041 
1096 1041 1069 1070 1042 
1097 1042 1070 1071 1043 
1098 1043 1071 1072 1044 
1099 1044 1072 1073 1045 
1100 1045 1073 1074 1046 
1101 1046 1074 1075 1047 
1102 1047 1075 1076 1048 
1103 1048 1076 1077 1049 
1104 1049 1077 1078 1050 
1105 1050 1078 1079 1051 
1106 1051 1079 1080 1052 
1107 1052 1080 1081 1053 
1108 1053 1081 1082 1054 
1109 1054 1082 1083 1055 
1110 1055 1083 1084 1056 
1111 1056 1084 1085 1057 
1112 1057 1085 1086 1058 
1113 1058 1086 1087 1059 
1114 1059 1087 1088 1060 
1115 1060 1088 362 361 
1116 21 22 1089 1061 
1117 1061 1089 1090 1062 
1118 1062 1090 1091 1063 
1119 1063 1091 1092 1064 
1120 1064 1092 1093 1065 
1121 1065 1093 1094 1066 
1122 1066 1094 1095 1067 
1123 1067 1095 1096 1068 
1124 1068 1096 1097 1069 
1125 1069 1097 1098 1070 
1126 1070 1098 1099 1071 
1127 1071 1099 1100 1072 
1128 1072 1100 1101 1073 
1129 1073 1101 1102 1074 
1130 1074 1102 1103 1075 
1131 1075 1103 1104 1076 
1132 1076 1104 1105 1077 
1133 1077 1105 1106 1078 
1134 1078 1106 1107 1079 
1135 1079 1107 1108 1080 
1136 1080 1108 1109 1081 
1137 1081 1109 1110 1082 
1138 1082 1110 1111 1083 
1139 1083 1111 1112 1084 
1140 1084 1112 1113 1085 
1141 1085 1113 1114 1086 
1142 1086 1114 1115 1087 
1143 1087 1115 1116 1088 
1144 1088 1116 363 362 
1145 22 23 1117 1089 
1146 1089 1117 1118 1090 
1147 1090 1118 1119 1091 
1148 1091 1119 1120 1092 
1149 1092 1120 1121 1093 
1150 1093 1121 1122 1094 
1151 1094 1122 1123 1095 
1152 1095 1123 1124 1096 
1153 1096 1124 1125 1097 
1154 1097 1125 1126 1098 
1155 1098 1126 1127 1099 
1156 1099 1127 1128 1100 
1157 1100 1128 1129 1101 
1158 1101 1129 1130 1102 
1159 1102 1130 1131 1103 
1160 1103 1131 1132 1104 
1161 1104 1132 1133 1105 
1162 1105 1133 1134 1106 
1163 1106 1134 1135 1107 
1164 1107 1135 1136 1108 
1165 1108 1136 1137 1109 
1166 1109 1137 1138 1110 
1167 1110 1138 1139 1111 
1168 1111 1139 1140 1112 
1169 1112 1140 1141 1113 
1170 1113 1141 1142 1114 
1171 1114 1142 1143 1115 
1172 1115 1143 1144 1116 
1173 1116 1144 364 363 
1174 23 24 1145 1117 
1175 1117 1145 1146 1118 
1176 1118 1146 1147 1119 
1177 1119 1147 1148 1120 
1178 1120 1148 1149 1121 
1179 1121 1149 1150 1122 
1180 1122 1150 1151 1123 
1181 1123 1151 1152 1124 
1182 1124 1152 1153 1125 
1183 1125 1153 1154 1126 
1184 1126 1154 1155 1127 
1185 1127 1155 1156 1128 
1186 1128 1156 1157 1129 
1187 1129 1157 1158 1130 
1188 1130 1158 1159 1131 
1189 1131 1159 1160 1132 
1190 1132 1160 1161 1133 
1191 1133 1161 1162 1134 
1192 1134 1162 1163 1135 
1193 1135 1163 1164 1136 
1194 1136 1164 1165 1137 
1195 1137 1165 1166 1138 
1196 1138 1166 1167 1139 
1197 1139 1167 1168 1140 
1198 1140 1168 1169 1141 
1199 1141 1169 1170 1142 
1200 1142 1170 1171 1143 
1201 1143 1171 1172 1144 
1202 1144 1172 365 364 
1203 24 25 1173 1145 
1204 1145 1173 1174 1146 
1205 1146 1174 1175 1147 
1206 1147 1175 1176 1148 
1207 1148 1176 1177 1149 
1208 1149 1177 1178 1150 
1209 1150 1178 1179 1151 
1210 1151 1179 1180 1152 
1211 1152 1180 1181 1153 
1212 1153 1181 1182 1154 
1213 1154 1182 1183 1155 
1214 1155 1183 1184 1156 
1215 1156 1184 1185 1157 
1216 1157 1185 1186 1158 
1217 1158 1186 1187 1159 
1218 1159 1187 1188 1160 
1219 1160 1188 1189 1161 
1220 1161 1189 1190 1162 
1221 1162 1190 1191 1163 
1222 1163 1191 1192 1164 
1223 1164 1192 1193 1165 
1224 1165 1193 1194 1166 
1225 1166 1194 1195 1167 
1226 1167 1195 1196 1168 
1227 1168 1196 1197 1169 
1228 1169 1197 1198 1170 
1229 1170 1198 1199 1171 
1230 1171 1199 1200 1172 
1231 1172 1200 366 365 
1232 25 26 1201 1173 
1233 1173 1201 1202 1174 
1234 1174 1202 1203 1175 
1235 1175 1203 1204 1176 
1236 1176 1204 1205 1177 
1237 1177 1205 1206 1178 
1238 1178 1206 1207 1179 
1239 1179 1207 1208 1180 
1240 1180 1208 1209 1181 
1241 1181 1209 1210 1182 
1242 1182 1210 1211 1183 
1243 1183 1211 1212 1184 
1244 1184 1212 1213 1185 
1245 1185 1213 1214 1186 
1246 1186 1214 1215 1187 
1247 1187 1215 1216 1188 
1248 1188 1216 1217 1189 
1249 1189 1217 1218 1190 
1250 1190 1218 1219 1191 
1251 1191 1219 1220 1192 
1252 1192 1220 1221 1193 
1253 1193 1221 1222 1194 
1254 1194 1222 1223 1195 
1255 1195 1223 1224 1196 
1256 1196 1224 1225 1197 
1257 1197 1225 1226 1198 
1258 1198 1226 1227 1199 
1259 1199 1227 1228 1200 
1260 1200 1228 367 366 
1261 26 27 1229 1201 
1262 1201 1229 1230 1202 
1263 1202 1230 1231 1203 
1264 1203 1231 1232 1204 
1265 1204 1232 1233 1205 
1266 1205 1233 1234 1206 
1267 1206 1234 1235 1207 
1268 1207 1235 1236 1208 
1269 1208 1236 1237 1209 
1270 1209 1237 1238 1210 
1271 1210 1238 1239 1211 
1272 1211 1239 1240 1212 
1273 1212 1240 1241 1213 
1274 1213 1241 1242 1214 
1275 1214 1242 1243 1215 
1276 1215 1243 1244 1216 
1277 1216 1244 1245 1217 
1278 1217 1245 1246 1218 
1279 1218 1246 1247 1219 
1280 1219 1247 1248 1220 
1281 1220 1248 1249 1221 
1282 1221 1249 1250 1222 
1283 1222 1250 1251 1223 
1284 1223 1251 1252 1224 
1285 1224 1252 1253 1225 
1286 1225 1253 1254 1226 
1287 1226 1254 1255 1227 
1288 1227 1255 1256 1228 
1289 1228 1256 368 367 
1290 27 28 1257 1229 
1291 1229 1257 1258 1230 
1292 1230 1258 1259 1231 
1293 1231 1259 1260 1232 
1294 1232 1260 1261 1233 
1295 1233 1261 1262 1234 
1296 1234 1262 1263 1235 
1297 1235 1263 1264 1236 
1298 1236 1264 1265 1237 
1299 1237 1265 1266 1238 
1300 1238 1266 1267 1239 
1301 1239 1267 1268 1240 
1302 1240 1268 1269 1241 
1303 1241 1269 1270 1242 
1304 1242 1270 1271 1243 
1305 1243 1271 1272 1244 
1306 1244 1272 1273 1245 
1307 1245 1273 1274 1246 
1308 1246 1274 1275 1247 
1309 1247 1275 1276 1248 
1310 1248 1276 1277 1249 
1311 1249 1277 1278 1250 
1312 1250 1278 1279 1251 
1313 1251 1279 1280 1252 
1314 1252 1280 1281 1253 
1315 1253 1281 1282 1254 
1316 1254 1282 1283 1255 
1317 1255 1283 1284 1256 
1318 1256 1284 369 368 
1319 28 29 1285 1257 
1320 1257 1285 1286 1258 
1321 1258 1286 1287 1259 
1322 1259 1287 1288 1260 
1323 1260 1288 1289 1261 
1324 1261 1289 1290 1262 
1325 1262 1290 1291 1263 
1326 1263 1291 1292 1264 
1327 1264 1292 1293 1265 
1328 1265 1293 1294 1266 
1329 1266 1294 1295 1267 
1330 1267 1295 1296 1268 
1331 1268 1296 1297 1269 
1332 1269 1297 1298 1270 
1333 1270 1298 1299 1271 
1334 1271 1299 1300 1272 
1335 1272 1300 1301 1273 
1336 1273 1301 1302 1274 
1337 1274 1302 1303 1275 
1338 1275 1303 1304 1276 
1339 1276 1304 1305 1277 
1340 1277 1305 1306 1278 
1341 1278 1306 1307 1279 
1342 1279 1307 1308 1280 
1343 1280 1308 1309 1281 
1344 1281 1309 1310 1282 
1345 1282 1310 1311 1283 
1346 1283 1311 1312 1284 
1347 1284 1312 370 369 
1348 29 30 1313 1285 
1349 1285 1313 1314 1286 
1350 1286 1314 1315 1287 
1351 1287 1315 1316 1288 
1352 1288 1316 1317 1289 
1353 1289 1317 1318 1290 
1354 1290 1318 1319 1291 
1355 1291 1319 1320 1292 
1356 1292 1320 1321 1293 
1357 1293 1321 1322 1294 
1358 1294 1322 1323 1295 
1359 1295 1323 1324 1296 
1360 1296 1324 1325 1297 
1361 1297 1325 1326 1298 
1362 1298 1326 1327 1299 
1363 1299 1327 1328 1300 
1364 1300 1328 1329 1301 
1365 1301 1329 1330 1302 
1366 1302 1330 1331 1303 
1367 1303 1331 1332 1304 
1368 1304 1332 1333 1305 
1369 1305 1333 1334 1306 
1370 1306 1334 1335 1307 
1371 1307 1335 1336 1308 
1372 1308 1336 1337 1309 
1373 1309 1337 1338 1310 
1374 1310 1338 1339 1311 
1375 1311 1339 1340 1312 
1376 1312 1340 371 370 
1377 30 31 1341 1313 
1378 1313 1341 1342 1314 
1379 1314 1342 1343 1315 
1380 1315 1343 1344 1316 
1381 1316 1344 1345 1317 
1382 1317 1345 1346 1318 
1383 1318 1346 1347 1319 
1384 1319 1347 1348 1320 
1385 1320 1348 1349 1321 
1386 1321 1349 1350 1322 
1387 1322 1350 1351 1323 
1388 1323 1351 1352 1324 
1389 1324 1352 1353 1325 
1390 1325 1353 1354 1326 
1391 1326 1354 1355 1327 
1392 1327 1355 1356 1328 
1393 1328 1356 1357 1329 
1394 1329 1357 1358 1330 
1395 1330 1358 1359 1331 
1396 1331 1359 1360 1332 
1397 1332 1360 1361 1333 
1398 1333 1361 1362 1334 
1399 1334 1362 1363 1335 
1400 1335 1363 1364 1336 
1401 1336 1364 1365 1337 
1402 1337 1365 1366 1338 
1403 1338 1366 1367 1339 
1404 1339 1367 1368 1340 
1405 1340 1368 372 371 
1406 31 32 1369 1341 
1407 1341 1369 1370 1342 
1408 1342 1370 1371 1343 
1409 1343 1371 1372 1344 
1410 1344 1372 1373 1345 
1411 1345 1373 1374 1346 
1412 1346 1374 1375 1347 
1413 1347 1375 1376 1348 
1414 1348 1376 1377 1349 
1415 1349 1377 1378 1350 
1416 1350 1378 1379 1351 
1417 1351 1379 1380 1352 
1418 1352 1380 1381 1353 
1419 1353 1381 1382 1354 
1420 1354 1382 1383 1355 
1421 1355 1383 1384 1356 
1422 1356 1384 1385 1357 
1423 1357 1385 1386 1358 
1424 1358 1386 1387 1359 
1425 1359 1387 1388 1360 
1426 1360 1388 1389 1361 
1427 1361 1389 1390 1362 
1428 1362 1390 1391 1363 
1429 1363 1391 1392 1364 
1430 1364 1392 1393 1365 
1431 1365 1393 1394 1366 
1432 1366 1394 1395 1367 
1433 1367 1395 1396 1368 
1434 1368 1396 373 372 
1435 32 33 1397 1369 
1436 1369 1397 1398 1370 
1437 1370 1398 1399 1371 
1438 1371 1399 1400 1372 
1439 1372 1400 1401 1373 
1440 1373 1401 1402 1374 
1441 1374 1402 1403 1375 
1442 1375 1403 1404 1376 
1443 1376 1404 1405 1377 
1444 1377 1405 1406 1378 
1445 1378 1406 1407 1379 
1446 1379 1407 1408 1380 
1447 1380 1408 1409 1381 
1448 1381 1409 1410 1382 
1449 1382 1410 1411 1383 
1450 1383 1411 1412 1384 
1451 1384 1412 1413 1385 
1452 1385 1413 1414 1386 
1453 1386 1414 1415 1387 
1454 1387 1415 1416 1388 
1455 1388 1416 1417 1389 
1456 1389 1417 1418 1390 
1457 1390 1418 1419 1391 
1458 1391 1419 1420 1392 
1459 1392 1420 1421 1393 
1460 1393 1421 1422 1394 
1461 1394 1422 1423 1395 
1462 1395 1423 1424 1396 
1463 1396 1424 374 373 
1464 33 34 1425 1397 
1465 1397 1425 1426 1398 
1466 1398 1426 1427 1399 
1467 1399 1427 1428 1400 
1468 1400 1428 1429 1401 
1469 1401 1429 1430 1402 
1470 1402 1430 1431 1403 
1471 1403 1431 1432 1404 
1472 1404 1432 1433 1405 
1473 1405 1433 1434 1406 
1474 1406 1434 1435 1407 
1475 1407 1435 1436 1408 
1476 1408 1436 1437 1409 
1477 1409 1437 1438 1410 
1478 1410 1438 1439 1411 
1479 1411 1439 1440 1412 
1480 1412 1440 1441 1413 
1481 1413 1441 1442 1414 
1482 1414 1442 1443 1415 
1483 1415 1443 1444 1416 
1484 1416 1444 1445 1417 
1485 1417 1445 1446 1418 
1486 1418 1446 1447 1419 
1487 1419 1447 1448 1420 
1488 1420 1448 1449 1421 
1489 1421 1449 1450 1422 
1490 1422 1450 1451 1423 
1491 1423 1451 1452 1424 
1492 1424 1452 375 374 
1493 34 35 1453 1425 
1494 1425 1453 1454 1426 
1495 1426 1454 1455 1427 
1496 1427 1455 1456 1428 
1497 1428 1456 1457 1429 
1498 1429 1457 1458 1430 
1499 1430 1458 1459 1431 
1500 1431 1459 1460 1432 
1501 1432 1460 1461 1433 
1502 1433 1461 1462 1434 
1503 1434 1462 1463 1435 
1504 1435 1463 1464 1436 
1505 1436 1464 1465 1437 
1506 1437 1465 1466 1438 
1507 1438 1466 1467 1439 
1508 1439 1467 1468 1440 
1509 1440 1468 1469 1441 
1510 1441 1469 1470 1442 
1511 1442 1470 1471 1443 
1512 1443 1471 1472 1444 
1513 1444 1472 1473 1445 
1514 1445 1473 1474 1446 
1515 1446 1474 1475 1447 
1516 1447 1475 1476 1448 
1517 1448 1476 1477 1449 
1518 1449 1477 1478 1450 
1519 1450 1478 1479 1451 
1520 1451 1479 1480 1452 
1521 1452 1480 376 375 
1522 35 36 1481 1453 
1523 1453 1481 1482 1454 
1524 1454 1482 1483 1455 
1525 1455 1483 1484 1456 
1526 1456 1484 1485 1457 
1527 1457 1485 1486 1458 
1528 1458 1486 1487 1459 
1529 1459 1487 1488 1460 
1530 1460 1488 1489 1461 
1531 1461 1489 1490 1462 
1532 1462 1490 1491 1463 
1533 1463 1491 1492 1464 
1534 1464 1492 1493 1465 
1535 1465 1493 1494 1466 
1536 1466 1494 1495 1467 
1537 1467 1495 1496 1468 
1538 1468 1496 1497 1469 
1539 1469 1497 1498 1470 
1540 1470 1498 1499 1471 
1541 1471 1499 1500 1472 
1542 1472 1500 1501 1473 
1543 1473 1501 1502 1474 
1544 1474 1502 1503 1475 
1545 1475 1503 1504 1476 
1546 1476 1504 1505 1477 
1547 1477 1505 1506 1478 
1548 1478 1506 1507 1479 
1549 1479 1507 1508 1480 
1550 1480 1508 377 376 
1551 36 37 1509 1481 
1552 1481 1509 1510 1482 
1553 1482 1510 1511 1483 
1554 1483 1511 1512 1484 
1555 1484 1512 1513 1485 
1556 1485 1513 1514 1486 
1557 1486 1514 1515 1487 
1558 1487 1515 1516 1488 
1559 1488 1516 1517 1489 
1560 1489 1517 1518 1490 
1561 1490 1518 1519 1491 
1562 1491 1519 1520 1492 
1563 1492 1520 1521 1493 
1564 1493 1521 1522 1494 
1565 1494 1522 1523 1495 
1566 1495 1523 1524 1496 
1567 1496 1524 1525 1497 
1568 1497 1525 1526 1498 
1569 1498 1526 1527 1499 
1570 1499 1527 1528 1500 
1571 1500 1528 1529 1501 
1572 1501 1529 1530 1502 
1573 1502 1530 1531 1503 
1574 1503 1531 1532 1504 
1575 1504 1532 1533 1505 
1576 1505 1533 1534 1506 
1577 1506 1534 1535 1507 
1578 1507 1535 1536 1508 
1579 1508 1536 378 377 
1580 37 38 1537 1509 
1581 1509 1537 1538 1510 
1582 1510 1538 1539 1511 
1583 1511 1539 1540 1512 
1584 1512 1540 1541 1513 
1585 1513 1541 1542 1514 
1586 1514 1542 1543 1515 
1587 1515 1543 1544 1516 
1588 1516 1544 1545 1517 
1589 1517 1545 1546 1518 
1590 1518 1546 1547 1519 
1591 1519 1547 1548 1520 
1592 1520 1548 1549 1521 
1593 1521 1549 1550 1522 
1594 1522 1550 1551 1523 
1595 1523 1551 1552 1524 
1596 1524 1552 1553 1525 
1597 1525 1553 1554 1526 
1598 1526 1554 1555 1527 
1599 1527 1555 1556 1528 
1600 1528 1556 1557 1529 
1601 1529 1557 1558 1530 
1602 1530 1558 1559 1531 
1603 1531 1559 1560 1532 
1604 1532 1560 1561 1533 
1605 1533 1561 1562 1534 
1606 1534 1562 1563 1535 
1607 1535 1563 1564 1536 
1608 1536 1564 379 378 
1609 38 39 1565 1537 
1610 1537 1565 1566 1538 
1611 1538 1566 1567 1539 
1612 1539 1567 1568 1540 
1613 1540 1568 1569 1541 
1614 1541 1569 1570 1542 
1615 1542 1570 1571 1543 
1616 1543 1571 1572 1544 
1617 1544 1572 1573 1545 
1618 1545 1573 1574 1546 
1619 1546 1574 1575 1547 
1620 1547 1575 1576 1548 
1621 1548 1576 1577 1549 
1622 1549 1577 1578 1550 
1623 1550 1578 1579 1551 
1624 1551 1579 1580 1552 
1625 1552 1580 1581 1553 
1626 1553 1581 1582 1554 
1627 1554 1582 1583 1555 
1628 1555 1583 1584 1556 
1629 1556 1584 1585 1557 
1630 1557 1585 1586 1558 
1631 1558 1586 1587 1559 
1632 1559 1587 1588 1560 
1633 1560 1588 1589 1561 
1634 1561 1589 1590 1562 
1635 1562 1590 1591 1563 
1636 1563 1591 1592 1564 
1637 1564 1592 380 379 
1638 39 40 1593 1565 
1639 1565 1593 1594 1566 
1640 1566 1594 1595 1567 
1641 1567 1595 1596 1568 
1642 1568 1596 1597 1569 
1643 1569 1597 1598 1570 
1644 1570 1598 1599 1571 
1645 1571 1599 1600 1572 
1646 1572 1600 1601 1573 
1647 1573 1601 1602 1574 
1648 1574 1602 1603 1575 
1649 1575 1603 1604 1576 
1650 1576 1604 1605 1577 
1651 1577 1605 1606 1578 
1652 1578 1606 1607 1579 
1653 1579 1607 1608 1580 
1654 1580 1608 1609 1581 
1655 1581 1609 1610 1582 
1656 1582 1610 1611 1583 
1657 1583 1611 1612 1584 
1658 1584 1612 1613 1585 
1659 1585 1613 1614 1586 
1660 1586 1614 1615 1587 
1661 1587 1615 1616 1588 
1662 1588 1616 1617 1589 
1663 1589 1617 1618 1590 
1664 1590 1618 1619 1591 
1665 1591 1619 1620 1592 
1666 1592 1620 381 380 
1667 40 41 1621 1593 
1668 1593 1621 1622 1594 
1669 1594 1622 1623 1595 
1670 1595 1623 1624 1596 
1671 1596 1624 1625 1597 
1672 1597 1625 1626 1598 
1673 1598 1626 1627 1599 
1674 1599 1627 1628 1600 
1675 1600 1628 1629 1601 
1676 1601 1629 1630 1602 
1677 1602 1630 1631 1603 
1678 1603 1631 1632 1604 
1679 1604 1632 1633 1605 
1680 1605 1633 1634 1606 
1681 1606 1634 1635 1607 
1682 1607 1635 1636 1608 
1683 1608 1636 1637 1609 
1684 1609 1637 1638 1610 
1685 1610 1638 1639 1611 
1686 1611 1639 1640 1612 
1687 1612 1640 1641 1613 
1688 1613 1641 1642 1614 
1689 1614 1642 1643 1615 
1690 1615 1643 1644 1616 
1691 1616 1644 1645 1617 
1692 1617 1645 1646 1618 
1693 1618 1646 1647 1619 
1694 1619 1647 1648 1620 
1695 1620 1648 382 381 
1696 41 42 1649 1621 
1697 1621 1649 1650 1622 
1698 1622 1650 1651 1623 
1699 1623 1651 1652 1624 
1700 1624 1652 1653 1625 
1701 1625 1653 1654 1626 
1702 1626 1654 1655 1627 
1703 1627 1655 1656 1628 
1704 1628 1656 1657 1629 
1705 1629 1657 1658 1630 
1706 1630 1658 1659 1631 
1707 1631 1659 1660 1632 
1708 1632 1660 1661 1633 
1709 1633 1661 1662 1634 
1710 1634 1662 1663 1635 
1711 1635 1663 1664 1636 
1712 1636 1664 1665 1637 
1713 1637 1665 1666 1638 
1714 1638 1666 1667 1639 
1715 1639 1667 1668 1640 
1716 1640 1668 1669 1641 
1717 1641 1669 1670 1642 
1718 1642 1670 1671 1643 
1719 1643 1671 1672 1644 
1720 1644 1672 1673 1645 
1721 1645 1673 1674 1646 
1722 1646 1674 1675 1647 
1723 1647 1675 1676 1648 
1724 1648 1676 383 382 
1725 42 43 1677 1649 
1726 1649 1677 1678 1650 
1727 1650 1678 1679 1651 
1728 1651 1679 1680 1652 
1729 1652 1680 1681 1653 
1730 1653 1681 1682 1654 
1731 1654 1682 1683 1655 
1732 1655 1683 1684 1656 
1733 1656 1684 1685 1657 
1734 1657 1685 1686 1658 
1735 1658 1686 1687 1659 
1736 1659 1687 1688 1660 
1737 1660 1688 1689 1661 
1738 1661 1689 1690 1662 
1739 1662 1690 1691 1663 
1740 1663 1691 1692 1664 
1741 1664 1692 1693 1665 
1742 1665 1693 1694 1666 
1743 1666 1694 1695 1667 
1744 1667 1695 1696 1668 
1745 1668 1696 1697 1669 
1746 1669 1697 1698 1670 
1747 1670 1698 1699 1671 
1748 1671 1699 1700 1672 
1749 1672 1700 1701 1673 
1750 1673 1701 1702 1674 
1751 1674 1702 1703 1675 
1752 1675 1703 1704 1676 
1753 1676 1704 384 383 
1754 43 4 648 1677 
1755 1677 648 647 1678 
1756 1678 647 646 1679 
1757 1679 646 645 1680 
1758 1680 645 644 1681 
1759 1681 644 643 1682 
1760 1682 643 642 1683 
1761 1683 642 641 1684 
1762 1684 641 640 1685 
1763 1685 640 639 1686 
1764 1686 639 638 1687 
1765 1687 638 637 1688 
1766 1688 637 636 1689 
1767 1689 636 635 1690 
1768 1690 635 634 1691 
1769 1691 634 633 1692 
1770 1692 633 632 1693 
1771 1693 632 631 1694 
1772 1694 631 630 1695 
1773 1695 630 629 1696 
1774 1696 629 628 1697 
1775 1697 628 627 1698 
1776 1698 627 626 1699 
1777 1699 626 625 1700 
1778 1700 625 624 1701 
1779 1701 624 623 1702 
1780 1702 623 622 1703 
1781 1703 622 621 1704 
1782 1704 621 1 384 
2 2 3 2291
1783 1 621 1705 385 
1784 385 1705 1706 386 
1785 386 1706 1707 387 
1786 387 1707 1708 388 
1787 388 1708 1709 389 
1788 389 1709 1710 390 
1789 390 1710 1711 391 
1790 391 1711 1712 392 
1791 392 1712 1713 393 
1792 393 1713 1714 394 
1793 394 1714 1715 395 
1794 395 1715 1716 396 
1795 396 1716 1717 397 
1796 397 1717 1718 398 
1797 398 1718 1719 399 
1798 399 1719 1720 400 
1799 400 1720 1721 401 
1800 401 1721 1722 402 
1801 402 1722 1723 403 
1802 403 1723 1724 404 
1803 404 1724 1725 405 
1804 405 1725 1726 406 
1805 406 1726 1727 407 
1806 407 1727 1728 408 
1807 408 1728 1729 409 
1808 409 1729 1730 410 
1809 410 1730 1731 411 
1810 411 1731 1732 412 
1811 412 1732 1733 413 
1812 413 1733 1734 414 
1813 414 1734 1735 415 
1814 415 1735 1736 416 
1815 416 1736 1737 417 
1816 417 1737 1738 418 
1817 418 1738 1739 419 
1818 419 1739 1740 420 
1819 420 1740 1741 421 
1820 421 1741 1742 422 
1821 422 1742 1743 423 
1822 423 1743 1744 424 
1823 424 1744 1745 425 
1824 425 1745 1746 426 
1825 426 1746 1747 427 
1826 427 1747 1748 428 
1827 428 1748 1749 429 
1828 429 1749 1750 430 
1829 430 1750 1751 431 
1830 431 1751 1752 432 
1831 432 1752 1753 433 
1832 433 1753 1754 434 
1833 434 1754 1755 435 
1834 435 1755 1756 436 
1835 436 1756 1757 437 
1836 437 1757 1758 438 
1837 438 1758 1759 439 
1838 439 1759 1760 440 
1839 440 1760 1761 441 
1840 441 1761 1762 442 
1841 442 1762 1763 443 
1842 443 1763 1764 444 
1843 444 1764 1765 445 
1844 445 1765 1766 446 
1845 446 1766 1767 447 
1846 447 1767 1768 448 
1847 448 1768 1769 449 
1848 449 1769 1770 450 
1849 450 1770 1771 451 
1850 451 1771 1772 452 
1851 452 1772 1773 453 
1852 453 1773 1774 454 
1853 454 1774 1775 455 
1854 455 1775 1776 456 
1855 456 1776 1777 457 
1856 457 1777 1778 458 
1857 458 1778 1779 459 
1858 459 1779 1780 460 
1859 460 1780 1781 461 
1860 461 1781 1782 462 
1861 462 1782 677 3 
1862 621 622 1783 1705 
1863 1705 1783 1784 1706 
1864 1706 1784 1785 1707 
1865 1707 1785 1786 1708 
1866 1708 1786 1787 1709 
1867 1709 1787 1788 1710 
1868 1710 1788 1789 1711 
1869 1711 1789 1790 1712 
1870 1712 1790 1791 1713 
1871 1713 1791 1792 1714 
1872 1714 1792 1793 1715 
1873 1715 1793 1794 1716 
1874 1716 1794 1795 1717 
1875 1717 1795 1796 1718 
1876 1718 1796 1797 1719 
1877 1719 1797 1798 1720 
1878 1720 1798 1799 1721 
1879 1721 1799 1800 1722 
1880 1722 1800 1801 1723 
1881 1723 1801 1802 1724 
1882 1724 1802 1803 1725 
1883 1725 1803 1804 1726 
1884 1726 1804 1805 1727 
1885 1727 1805 1806 1728 
1886 1728 1806 1807 1729 
1887 1729 1807 1808 1730 
1888 1730 1808 1809 1731 
1889 1731 1809 1810 1732 
1890 1732 1810 1811 1733 
1891 1733 1811 1812 1734 
1892 1734 1812 1813 1735 
1893 1735 1813 1814 1736 
1894 1736 1814 1815 1737 
1895 1737 1815 1816 1738 
1896 1738 1816 1817 1739 
1897 1739 1817 1818 1740 
1898 1740 1818 1819 1741 
1899 1741 1819 1820 1742 
1900 1742 1820 1821 1743 
1901 1743 1821 1822 1744 
1902 1744 1822 1823 1745 
1903 1745 1823 1824 1746 
1904 1746 1824 1825 1747 
1905 1747 1825 1826 1748 
1906 1748 1826 1827 1749 
1907 1749 1827 1828 1750 
1908 1750 1828 1829 1751 
1909 1751 1829 1830 1752 
1910 1752 1830 1831 1753 
1911 1753 1831 1832 1754 
1912 1754 1832 1833 1755 
1913 1755 1833 1834 1756 
1914 1756 1834 1835 1757 
1915 1757 1835 1836 1758 
1916 1758 1836 1837 1759 
1917 1759 1837 1838 1760 
1918 1760 1838 1839 1761 
1919 1761 1839 1840 1762 
1920 1762 1840 1841 1763 
1921 1763 1841 1842 1764 
1922 1764 1842 1843 1765 
1923 1765 1843 1844 1766 
1924 1766 1844 1845 1767 
1925 1767 1845 1846 1768 
1926 1768 1846 1847 1769 
1927 1769 1847 1848 1770 
1928 1770 1848 1849 1771 
1929 1771 1849 1850 1772 
1930 1772 1850 1851 1773 
1931 1773 1851 1852 1774 
1932 1774 1852 1853 1775 
1933 1775 1853 1854 1776 
1934 1776 1854 1855 1777 
1935 1777 1855 1856 1778 
1936 1778 1856 1857 1779 
1937 1779 1857 1858 1780 
1938 1780 1858 1859 1781 
1939 1781 1859 1860 1782 
1940 1782 1860 678 677 
1941 622 623 1861 1783 
1942 1783 1861 1862 1784 
1943 1784 1862 1863 1785 
1944 1785 1863 1864 1786 
1945 1786 1864 1865 1787 
1946 1787 1865 1866 1788 
1947 1788 1866 1867 1789 
1948 1789 1867 1868 1790 
1949 1790 1868 1869 1791 
1950 1791 1869 1870 1792 
1951 1792 1870 1871 1793 
1952 1793 1871 1872 1794 
1953 1794 1872 1873 1795 
1954 1795 1873 1874 1796 
1955 1796 1874 1875 1797 
1956 1797 1875 1876 1798 
1957 1798 1876 1877 1799 
1958 1799 1877 1878 1800 
1959 1800 1878 1879 1801 
1960 1801 1879 1880 1802 
1961 1802 1880 1881 1803 
1962 1803 1881 1882 1804 
1963 1804 1882 1883 1805 
1964 1805 1883 1884 1806 
1965 1806 1884 1885 1807 
1966 1807 1885 1886 1808 
1967 1808 1886 1887 1809 
1968 1809 1887 1888 1810 
1969 1810 1888 1889 1811 
1970 1811 1889 1890 1812 
1971 1812 1890 1891 1813 
1972 1813 1891 1892 1814 
1973 1814 1892 1893 1815 
1974 1815 1893 1894 1816 
1975 1816 1894 1895 1817 
1976 1817 1895 1896 1818 
1977 1818 1896 1897 1819 
1978 1819 1897 1898 1820 
1979 1820 1898 1899 1821 
1980 1821 1899 1900 1822 
1981 1822 1900 1901 1823 
1982 1823 1901 1902 1824 
1983 1824 1902 1903 1825 
1984 1825 1903 1904 1826 
1985 1826 1904 1905 1827 
1986 1827 1905 1906 1828 
1987 1828 1906 1907 1829 
1988 1829 1907 1908 1830 
1989 1830 1908 1909 1831 
1990 1831 1909 1910 1832 
1991 1832 1910 1911 1833 
1992 1833 1911 1912 1834 
1993 1834 1912 1913 1835 
1994 1835 1913 1914 1836 
1995 1836 1914 1915 1837 
1996 1837 1915 1916 1838 
1997 1838 1916 1917 1839 
1998 1839 1917 1918 1840 
1999 1840 1918 1919 1841 
2000 1841 1919 1920 1842 
2001 1842 1920 1921 1843 
2002 1843 1921 1922 1844 
2003 1844 1922 1923 1845 
2004 1845 1923 1924 1846 
2005 1846 1924 1925 1847 
2006 1847 1925 1926 1848 
2007 1848 1926 1927 1849 
2008 1849 1927 1928 1850 
2009 1850 1928 1929 1851 
2010 1851 1929 1930 1852 
2011 1852 1930 1931 1853 
2012 1853 1931 1932 1854 
2013 1854 1932 1933 1855 
2014 1855 1933 1934 1856 
2015 1856 1934 1935 1857 
2016 1857 1935 1936 1858 
2017 1858 1936 1937 1859 
2018 1859 1937 1938 1860 
2019 1860 1938 679 678 
2020 623 624 1939 1861 
2021 1861 1939 1940 1862 
2022 1862 1940 1941 1863 
2023 1863 1941 1942 1864 
2024 1864 1942 1943 1865 
2025 1865 1943 1944 1866 
2026 1866 1944 1945 1867 
2027 1867 1945 1946 1868 
2028 1868 1946 1947 1869 
2029 1869 1947 1948 1870 
2030 1870 1948 1949 1871 
2031 1871 1949 1950 1872 
2032 1872 1950 1951 1873 
2033 1873 1951 1952 1874 
2034 1874 1952 1953 1875 
2035 1875 1953 1954 1876 
2036 1876 1954 1955 1877 
2037 1877 1955 1956 1878 
2038 1878 1956 1957 1879 
2039 1879 1957 1958 1880 
2040 1880 1958 1959 1881 
2041 1881 1959 1960 1882 
2042 1882 1960 1961 1883 
2043 1883 1961 1962 1884 
2044 1884 1962 1963 1885 
2045 1885 1963 1964 1886 
2046 1886 1964 1965 1887 
2047 1887 1965 1966 1888 
2048 1888 1966 1967 1889 
2049 1889 1967 1968 1890 
2050 1890 1968 1969 1891 
2051 1891 1969 1970 1892 
2052 1892 1970 1971 1893 
2053 1893 1971 1972 1894 
2054 1894 1972 1973 1895 
2055 1895 1973 1974 1896 
2056 1896 1974 1975 1897 
2057 1897 1975 1976 1898 
2058 1898 1976 1977 1899 
2059 1899 1977 1978 1900 
2060 1900 1978 1979 1901 
2061 1901 1979 1980 1902 
2062 1902 1980 1981 1903 
2063 1903 1981 1982 1904 
2064 1904 1982 1983 1905 
2065 1905 1983 1984 1906 
2066 1906 1984 1985 1907 
2067 1907 1985 1986 1908 
2068 1908 1986 1987 1909 
2069 1909 1987 1988 1910 
2070 1910 1988 1989 1911 
2071 1911 1989 1990 1912 
2072 1912 1990 1991 1913 
2073 1913 1991 1992 1914 
2074 1914 1992 1993 1915 
2075 1915 1993 1994 1916 
2076 1916 1994 1995 1917 
2077 1917 1995 1996 1918 
2078 1918 1996 1997 1919 
2079 1919 1997 1998 1920 
2080 1920 1998 1999 1921 
2081 1921 1999 2000 1922 
2082 1922 2000 2001 1923 
2083 1923 2001 2002 1924 
2084 1924 2002 2003 1925 
2085 1925 2003 2004 1926 
2086 1926 2004 2005 1927 
2087 1927 2005 2006 1928 
2088 1928 2006 2007 1929 
2089 1929 2007 2008 1930 
2090 1930 2008 2009 1931 
2091 1931 2009 2010 1932 
2092 1932 2010 2011 1933 
2093 1933 2011 2012 1934 
2094 1934 2012 2013 1935 
2095 1935 2013 2014 1936 
2096 1936 2014 2015 1937 
2097 1937 2015 2016 1938 
2098 1938 2016 680 679 
2099 624 625 2017 1939 
2100 1939 2017 2018 1940 
2101 1940 2018 2019 1941 
2102 1941 2019 2020 1942 
2103 1942 2020 2021 1943 
2104 1943 2021 2022 1944 
2105 1944 2022 2023 1945 
2106 1945 2023 2024 1946 
2107 1946 2024 2025 1947 
2108 1947 2025 2026 1948 
2109 1948 2026 2027 1949 
2110 1949 2027 2028 1950 
2111 1950 2028 2029 1951 
2112 1951 2029 2030 1952 
2113 1952 2030 2031 1953 
2114 1953 2031 2032 1954 
2115 1954 2032 2033 1955 
2116 1955 2033 2034 1956 
2117 1956 2034 2035 1957 
2118 1957 2035 2036 1958 
2119 1958 2036 2037 1959 
2120 1959 2037 2038 1960 
2121 1960 2038 2039 1961 
2122 1961 2039 2040 1962 
2123 1962 2040 2041 1963 
2124 1963 2041 2042 1964 
2125 1964 2042 2043 1965 
2126 1965 2043 2044 1966 
2127 1966 2044 2045 1967 
2128 1967 2045 2046 1968 
2129 1968 2046 2047 1969 
2130 1969 2047 2048 1970 
2131 1970 2048 2049 1971 
2132 1971 2049 2050 1972 
2133 1972 2050 2051 1973 
2134 1973 2051 2052 1974 
2135 1974 2052 2053 1975 
2136 1975 2053 2054 1976 
2137 1976 2054 2055 1977 
2138 1977 2055 2056 1978 
2139 1978 2056 2057 1979 
2140 1979 2057 2058 1980 
2141 1980 2058 2059 1981 
2142 1981 2059 2060 1982 
2143 1982 2060 2061 1983 
2144 1983 2061 2062 1984 
2145 1984 2062 2063 1985 
2146 1985 2063 2064 1986 
2147 1986 2064 2065 1987 
2148 1987 2065 2066 1988 
2149 1988 2066 2067 1989 
2150 1989 2067 2068 1990 
2151 1990 2068 2069 1991 
2152 1991 2069 2070 1992 
2153 1992 2070 2071 1993 
2154 1993 2071 2072 1994 
2155 1994 2072 2073 1995 
2156 1995 2073 2074 1996 
2157 1996 2074 2075 1997 
2158 1997 2075 2076 1998 
2159 1998 2076 2077 1999 
2160 1999 2077 2078 2000 
2161 2000 2078 2079 2001 
2162 2001 2079 2080 2002 
2163 2002 2080 2081 2003 
2164 2003 2081 2082 2004 
2165 2004 2082 2083 2005 
2166 2005 2083 2084 2006 
2167 2006 2084 2085 2007 
2168 2007 2085 2086 2008 
2169 2008 2086 2087 2009 
2170 2009 2087 2088 2010 
2171 2010 2088 2089 2011 
2172 2011 2089 2090 2012 
2173 2012 2090 2091 2013 
2174 2013 2091 2092 2014 
2175 2014 2092 2093 2015 
2176 2015 2093 2094 2016 
2177 2016 2094 681 680 
2178 625 626 2095 2017 
2179 2017 2095 2096 2018 
2180 2018 2096 2097 2019 
2181 2019 2097 2098 2020 
2182 2020 2098 2099 2021 
2183 2021 2099 2100 2022 
2184 2022 2100 2101 2023 
2185 2023 2101 2102 2024 
2186 2024 2102 2103 2025 
2187 2025 2103 2104 2026 
2188 2026 2104 2105 2027 
2189 2027 2105 2106 2028 
2190 2028 2106 2107 2029 
2191 2029 2107 2108 2030 
2192 2030 2108 2109 2031 
2193 2031 2109 2110 2032 
2194 2032 2110 2111 2033 
2195 2033 2111 2112 2034 
2196 2034 2112 2113 2035 
2197 2035 2113 2114 2036 
2198 2036 2114 2115 2037 
2199 2037 2115 2116 2038 
2200 2038 2116 2117 2039 
2201 2039 2117 2118 2040 
2202 2040 2118 2119 2041 
2203 2041 2119 2120 2042 
2204 2042 2120 2121 2043 
2205 2043 2121 2122 2044 
2206 2044 2122 2123 2045 
2207 2045 2123 2124 2046 
2208 2046 2124 2125 2047 
2209 2047 2125 2126 2048 
2210 2048 2126 2127 2049 
2211 2049 2127 2128 2050 
2212 2050 2128 2129 2051 
2213 2051 2129 2130 2052 
2214 2052 2130 2131 2053 
2215 2053 2131 2132 2054 
2216 2054 2132 2133 2055 
2217 2055 2133 2134 2056 
2218 2056 2134 2135 2057 
2219 2057 2135 2136 2058 
2220 2058 2136 2137 2059 
2221 2059 2137 2138 2060 
2222 2060 2138 2139 2061 
2223 2061 2139 2140 2062 
2224 2062 2140 2141 2063 
2225 2063 2141 2142 2064 
2226 2064 2142 2143 2065 
2227 2065 2143 2144 2066 
2228 2066 2144 2145 2067 
2229 2067 2145 2146 2068 
2230 2068 2146 2147 2069 
2231 2069 2147 2148 2070 
2232 2070 2148 2149 2071 
2233 2071 2149 2150 2072 
2234 2072 2150 2151 2073 
2235 2073 2151 2152 2074 
2236 2074 2152 2153 2075 
2237 2075 2153 2154 2076 
2238 2076 2154 2155 2077 
2239 2077 2155 2156 2078 
2240 2078 2156 2157 2079 
2241 2079 2157 2158 2080 
2242 2080 2158 2159 2081 
2243 2081 2159 2160 2082 
2244 2082 2160 2161 2083 
2245 2083 2161 2162 2084 
2246 2084 2162 2163 2085 
2247 2085 2163 2164 2086 
2248 2086 2164 2165 2087 
2249 2087 2165 2166 2088 
2250 2088 2166 2167 2089 
2251 2089 2167 2168 2090 
2252 2090 2168 2169 2091 
2253 2091 2169 2170 2092 
2254 2092 2170 2171 2093 
2255 2093 2171 2172 2094 
2256 2094 2172 682 681 
2257 626 627 2173 2095 
2258 2095 2173 2174 2096 
2259 2096 2174 2175 2097 
2260 2097 2175 2176 2098 
2261 2098 2176 2177 2099 
2262 2099 2177 2178 2100 
2263 2100 2178 2179 2101 
2264 2101 2179 2180 2102 
2265 2102 2180 2181 2103 
2266 2103 2181 2182 2104 
2267 2104 2182 2183 2105 
2268 2105 2183 2184 2106 
2269 2106 2184 2185 2107 
2270 2107 2185 2186 2108 
2271 2108 2186 2187 2109 
2272 2109 2187 2188 2110 
2273 2110 2188 2189 2111 
2274 2111 2189 2190 2112 
2275 2112 2190 2191 2113 
2276 2113 2191 2192 2114 
2277 2114 2192 2193 2115 
2278 2115 2193 2194 2116 
2279 2116 2194 2195 2117 
2280 2117 2195 2196 2118 
2281 2118 2196 2197 2119 
2282 2119 2197 2198 2120 
2283 2120 2198 2199 2121 
2284 2121 2199 2200 2122 
2285 2122 2200 2201 2123 
2286 2123 2201 2202 2124 
2287 2124 2202 2203 2125 
2288 2125 2203 2204 2126 
2289 2126 2204 2205 2127 
2290 2127 2205 2206 2128 
2291 2128 2206 2207 2129 
2292 2129 2207 2208 2130 
2293 2130 2208 2209 2131 
2294 2131 2209 2210 2132 
2295 2132 2210 2211 2133 
2296 2133 2211 2212 2134 
2297 2134 2212 2213 2135 
2298 2135 2213 2214 2136 
2299 2136 2214 2215 2137 
2300 2137 2215 2216 2138 
2301 2138 2216 2217 2139 
2302 2139 2217 2218 2140 
2303 2140 2218 2219 2141 
2304 2141 2219 2220 2142 
2305 2142 2220 2221 2143 
2306 2143 2221 2222 2144 
2307 2144 2222 2223 2145 
2308 2145 2223 2224 2146 
2309 2146 2224 2225 2147 
2310 2147 2225 2226 2148 
2311 2148 2226 2227 2149 
2312 2149 2227 2228 2150 
2313 2150 2228 2229 2151 
2314 2151 2229 2230 2152 
2315 2152 2230 2231 2153 
2316 2153 2231 2232 2154 
2317 2154 2232 2233 2155 
2318 2155 2233 2234 2156 
2319 2156 2234 2235 2157 
2320 2157 2235 2236 2158 
2321 2158 2236 2237 2159 
2322 2159 2237 2238 2160 
2323 2160 2238 2239 2161 
2324 2161 2239 2240 2162 
2325 2162 2240 2241 2163 
2326 2163 2241 2242 2164 
2327 2164 2242 2243 2165 
2328 2165 2243 2244 2166 
2329 2166 2244 2245 2167 
2330 2167 2245 2246 2168 
2331 2168 2246 2247 2169 
2332 2169 2247 2248 2170 
2333 2170 2248 2249 2171 
2334 2171 2249 2250 2172 
2335 2172 2250 683 682 
2336 627 628 2251 2173 
2337 2173 2251 2252 2174 
2338 2174 2252 2253 2175 
2339 2175 2253 2254 2176 
2340 2176 2254 2255 2177 
2341 2177 2255 2256 2178 
2342 2178 2256 2257 2179 
2343 2179 2257 2258 2180 
2344 2180 2258 2259 2181 
2345 2181 2259 2260 2182 
2346 2182 2260 2261 2183 
2347 2183 2261 2262 2184 
2348 2184 2262 2263 2185 
2349 2185 2263 2264 2186 
2350 2186 2264 2265 2187 
2351 2187 2265 2266 2188 
2352 2188 2266 2267 2189 
2353 2189 2267 2268 2190 
2354 2190 2268 2269 2191 
2355 2191 2269 2270 2192 
2356 2192 2270 2271 2193 
2357 2193 2271 2272 2194 
2358 2194 2272 2273 2195 
2359 2195 2273 2274 2196 
2360 2196 2274 2275 2197 
2361 2197 2275 2276 2198 
2362 2198 2276 2277 2199 
2363 2199 2277 2278 2200 
2364 2200 2278 2279 2201 
2365 2201 2279 2280 2202 
2366 2202 2280 2281 2203 
2367 2203 2281 2282 2204 
2368 2204 2282 2283 2205 
2369 2205 2283 2284 2206 
2370 2206 2284 2285 2207 
2371 2207 2285 2286 2208 
2372 2208 2286 2287 2209 
2373 2209 2287 2288 2210 
2374 2210 2288 2289 2211 
2375 2211 2289 2290 2212 
2376 2212 2290 2291 2213 
2377 2213 2291 2292 2214 
2378 2214 2292 2293 2215 
2379 2215 2293 2294 2216 
2380 2216 2294 2295 2217 
2381 2217 2295 2296 2218 
2382 2218 2296 2297 2219 
2383 2219 2297 2298 2220 
2384 2220 2298 2299 2221 
2385 2221 2299 2300 2222 
2386 2222 2300 2301 2223 
2387 2223 2301 2302 2224 
2388 2224 2302 2303 2225 
2389 2225 2303 2304 2226 
2390 2226 2304 2305 2227 
2391 2227 2305 2306 2228 
2392 2228 2306 2307 2229 
2393 2229 2307 2308 2230 
2394 2230 2308 2309 2231 
2395 2231 2309 2310 2232 
2396 2232 2310 2311 2233 
2397 2233 2311 2312 2234 
2398 2234 2312 2313 2235 
2399 2235 2313 2314 2236 
2400 2236 2314 2315 2237 
2401 2237 2315 2316 2238 
2402 2238 2316 2317 2239 
2403 2239 2317 2318 2240 
2404 2240 2318 2319 2241 
2405 2241 2319 2320 2242 
2406 2242 2320 2321 2243 
2407 2243 2321 2322 2244 
2408 2244 2322 2323 2245 
2409 2245 2323 2324 2246 
2410 2246 2324 2325 2247 
2411 2247 2325 2326 2248 
2412 2248 2326 2327 2249 
2413 2249 2327 2328 2250 
2414 2250 2328 684 683 
2415 628 629 2329 2251 
2416 2251 2329 2330 2252 
2417 2252 2330 2331 2253 
2418 2253 2331 2332 2254 
2419 2254 2332 2333 2255 
2420 2255 2333 2334 2256 
2421 2256 2334 2335 2257 
2422 2257 2335 2336 2258 
2423 2258 2336 2337 2259 
2424 2259 2337 2338 2260 
2425 2260 2338 2339 2261 
2426 2261 2339 2340 2262 
2427 2262 2340 2341 2263 
2428 2263 2341 2342 2264 
2429 2264 2342 2343 2265 
2430 2265 2343 2344 2266 
2431 2266 2344 2345 2267 
2432 2267 2345 2346 2268 
2433 2268 2346 2347 2269 
2434 2269 2347 2348 2270 
2435 2270 2348 2349 2271 
2436 2271 2349 2350 2272 
2437 2272 2350 2351 2273 
2438 2273 2351 2352 2274 
2439 2274 2352 2353 2275 
2440 2275 2353 2354 2276 
2441 2276 2354 2355 2277 
2442 2277 2355 2356 2278 
2443 2278 2356 2357 2279 
2444 2279 2357 2358 2280 
2445 2280 2358 2359 2281 
2446 2281 2359 2360 2282 
2447 2282 2360 2361 2283 
2448 2283 2361 2362 2284 
2449 2284 2362 2363 2285 
2450 2285 2363 2364 2286 
2451 2286 2364 2365 2287 
2452 2287 2365 2366 2288 
2453 2288 2366 2367 2289 
2454 2289 2367 2368 2290 
2455 2290 2368 2369 2291 
2456 2291 2369 2370 2292 
2457 2292 2370 2371 2293 
2458 2293 2371 2372 2294 
2459 2294 2372 2373 2295 
2460 2295 2373 2374 2296 
2461 2296 2374 2375 2297 
2462 2297 2375 2376 2298 
2463 2298 2376 2377 2299 
2464 2299 2377 2378 2300 
2465 2300 2378 2379 2301 
2466 2301 2379 2380 2302 
2467 2302 2380 2381 2303 
2468 2303 2381 2382 2304 
2469 2304 2382 2383 2305 
2470 2305 2383 2384 2306 
2471 2306 2384 2385 2307 
2472 2307 2385 2386 2308 
2473 2308 2386 2387 2309 
2474 2309 2387 2388 2310 
2475 2310 2388 2389 2311 
2476 2311 2389 2390 2312 
2477 2312 2390 2391 2313 
2478 2313 2391 2392 2314 
2479 2314 2392 2393 2315 
2480 2315 2393 2394 2316 
2481 2316 2394 2395 2317 
2482 2317 2395 2396 2318 
2483 2318 2396 2397 2319 
2484 2319 2397 2398 2320 
2485 2320 2398 2399 2321 
2486 2321 2399 2400 2322 
2487 2322 2400 2401 2323 
2488 2323 2401 2402 2324 
2489 2324 2402 2403 2325 
2490 2325 2403 2404 2326 
2491 2326 2404 2405 2327 
2492 2327 2405 2406 2328 
2493 2328 2406 685 684 
2494 629 630 2407 2329 
2495 2329 2407 2408 2330 
2496 2330 2408 2409 2331 
2497 2331 2409 2410 2332 
2498 2332 2410 2411 2333 
2499 2333 2411 2412 2334 
2500 2334 2412 2413 2335 
2501 2335 2413 2414 2336 
2502 2336 2414 2415 2337 
2503 2337 2415 2416 2338 
2504 2338 2416 2417 2339 
2505 2339 2417 2418 2340 
2506 2340 2418 2419 2341 
2507 2341 2419 2420 2342 
2508 2342 2420 2421 2343 
2509 2343 2421 2422 2344 
2510 2344 2422 2423 2345 
2511 2345 2423 2424 2346 
2512 2346 2424 2425 2347 
2513 2347 2425 2426 2348 
2514 2348 2426 2427 2349 
2515 2349 2427 2428 2350 
2516 2350 2428 2429 2351 
2517 2351 2429 2430 2352 
2518 2352 2430 2431 2353 
2519 2353 2431 2432 2354 
2520 2354 2432 2433 2355 
2521 2355 2433 2434 2356 
2522 2356 2434 2435 2357 
2523 2357 2435 2436 2358 
2524 2358 2436 2437 2359 
2525 2359 2437 2438 2360 
2526 2360 2438 2439 2361 
2527 2361 2439 2440 2362 
2528 2362 2440 2441 2363 
2529 2363 2441 2442 2364 
2530 2364 2442 2443 2365 
2531 2365 2443 2444 2366 
2532 2366 2444 2445 2367 
2533 2367 2445 2446 2368 
2534 2368 2446 2447 2369 
2535 2369 2447 2448 2370 
2536 2370 2448 2449 2371 
2537 2371 2449 2450 2372 
2538 2372 2450 2451 2373 
2539 2373 2451 2452 2374 
2540 2374 2452 2453 2375 
2541 2375 2453 2454 2376 
2542 2376 2454 2455 2377 
2543 2377 2455 2456 2378 
2544 2378 2456 2457 2379 
2545 2379 2457 2458 2380 
2546 2380 2458 2459 2381 
2547 2381 2459 2460 2382 
2548 2382 2460 2461 2383 
2549 2383 2461 2462 2384 
2550 2384 2462 2463 2385 
2551 2385 2463 2464 2386 
2552 2386 2464 2465 2387 
2553 2387 2465 2466 2388 
2554 2388 2466 2467 2389 
2555 2389 2467 2468 2390 
2556 2390 2468 2469 2391 
2557 2391 2469 2470 2392 
2558 2392 2470 2471 2393 
2559 2393 2471 2472 2394 
2560 2394 2472 2473 2395 
2561 2395 2473 2474 2396 
2562 2396 2474 2475 2397 
2563 2397 2475 2476 2398 
2564 2398 2476 2477 2399 
2565 2399 2477 2478 2400 
2566 2400 2478 2479 2401 
2567 2401 2479 2480 2402 
2568 2402 2480 2481 2403 
2569 2403 2481 2482 2404 
2570 2404 2482 2483 2405 
2571 2405 2483 2484 2406 
2572 2406 2484 686 685 
2573 630 631 2485 2407 
2574 2407 2485 2486 2408 
2575 2408 2486 2487 2409 
2576 2409 2487 2488 2410 
2577 2410 2488 2489 2411 
2578 2411 2489 2490 2412 
2579 2412 2490 2491 2413 
2580 2413 2491 2492 2414 
2581 2414 2492 2493 2415 
2582 2415 2493 2494 2416 
2583 2416 2494 2495 2417 
2584 2417 2495 2496 2418 
2585 2418 2496 2497 2419 
2586 2419 2497 2498 2420 
2587 2420 2498 2499 2421 
2588 2421 2499 2500 2422 
2589 2422 2500 2501 2423 
2590 2423 2501 2502 2424 
2591 2424 2502 2503 2425 
2592 2425 2503 2504 2426 
2593 2426 2504 2505 2427 
2594 2427 2505 2506 2428 
2595 2428 2506 2507 2429 
2596 2429 2507 2508 2430 
2597 2430 2508 2509 2431 
2598 2431 2509 2510 2432 
2599 2432 2510 2511 2433 
2600 2433 2511 2512 2434 
2601 2434 2512 2513 2435 
2602 2435 2513 2514 2436 
2603 2436 2514 2515 2437 
2604 2437 2515 2516 2438 
2605 2438 2516 2517 2439 
2606 2439 2517 2518 2440 
2607 2440 2518 2519 2441 
2608 2441 2519 2520 2442 
2609 2442 2520 2521 2443 
2610 2443 2521 2522 2444 
2611 2444 2522 2523 2445 
2612 2445 2523 2524 2446 
2613 2446 2524 2525 2447 
2614 2447 2525 2526 2448 
2615 2448 2526 2527 2449 
2616 2449 2527 2528 2450 
2617 2450 2528 2529 2451 
2618 2451 2529 2530 2452 
2619 2452 2530 2531 2453 
2620 2453 2531 2532 2454 
2621 2454 2532 2533 2455 
2622 2455 2533 2534 2456 
2623 2456 2534 2535 2457 
2624 2457 2535 2536 2458 
2625 2458 2536 2537 2459 
2626 2459 2537 2538 2460 
2627 2460 2538 2539 2461 
2628 2461 2539 2540 2462 
2629 2462 2540 2541 2463 
2630 2463 2541 2542 2464 
2631 2464 2542 2543 2465 
2632 2465 2543 2544 2466 
2633 2466 2544 2545 2467 
2634 2467 2545 2546 2468 
2635 2468 2546 2547 2469 
2636 2469 2547 2548 2470 
2637 2470 2548 2549 2471 
2638 2471 2549 2550 2472 
2639 2472 2550 2551 2473 
2640 2473 2551 2552 2474 
2641 2474 2552 2553 2475 
2642 2475 2553 2554 2476 
2643 2476 2554 2555 2477 
2644 2477 2555 2556 2478 
2645 2478 2556 2557 2479 
2646 2479 2557 2558 2480 
2647 2480 2558 2559 2481 
2648 2481 2559 2560 2482 
2649 2482 2560 2561 2483 
2650 2483 2561 2562 2484 
2651 2484 2562 687 686 
2652 631 632 2563 2485 
2653 2485 2563 2564 2486 
2654 2486 2564 2565 2487 
2655 2487 2565 2566 2488 
2656 2488 2566 2567 2489 
2657 2489 2567 2568 2490 
2658 2490 2568 2569 2491 
2659 2491 2569 2570 2492 
2660 2492 2570 2571 2493 
2661 2493 2571 2572 2494 
2662 2494 2572 2573 2495 
2663 2495 2573 2574 2496 
2664 2496 2574 2575 2497 
2665 2497 2575 2576 2498 
2666 2498 2576 2577 2499 
2667 2499 2577 2578 2500 
2668 2500 2578 2579 2501 
2669 2501 2579 2580 2502 
2670 2502 2580 2581 2503 
2671 2503 2581 2582 2504 
2672 2504 2582 2583 2505 
2673 2505 2583 2584 2506 
2674 2506 2584 2585 2507 
2675 2507 2585 2586 2508 
2676 2508 2586 2587 2509 
2677 2509 2587 2588 2510 
2678 2510 2588 2589 2511 
2679 2511 2589 2590 2512 
2680 2512 2590 2591 2513 
2681 2513 2591 2592 2514 
2682 2514 2592 2593 2515 
2683 2515 2593 2594 2516 
2684 2516 2594 2595 2517 
2685 2517 2595 2596 2518 
2686 2518 2596 2597 2519 
2687 2519 2597 2598 2520 
2688 2520 2598 2599 2521 
2689 2521 2599 2600 2522 
2690 2522 2600 2601 2523 
2691 2523 2601 2602 2524 
2692 2524 2602 2603 2525 
2693 2525 2603 2604 2526 
2694 2526 2604 2605 2527 
2695 2527 2605 2606 2528 
2696 2528 2606 2607 2529 
2697 2529 2607 2608 2530 
2698 2530 2608 2609 2531 
2699 2531 2609 2610 2532 
2700 2532 2610 2611 2533 
2701 2533 2611 2612 2534 
2702 2534 2612 2613 2535 
2703 2535 2613 2614 2536 
2704 2536 2614 2615 2537 
2705 2537 2615 2616 2538 
2706 2538 2616 2617 2539 
2707 2539 2617 2618 2540 
2708 2540 2618 2619 2541 
2709 2541 2619 2620 2542 
2710 2542 2620 2621 2543 
2711 2543 2621 2622 2544 
2712 2544 2622 2623 2545 
2713 2545 2623 2624 2546 
2714 2546 2624 2625 2547 
2715 2547 2625 2626 2548 
2716 2548 2626 2627 2549 
2717 2549 2627 2628 2550 
2718 2550 2628 2629 2551 
2719 2551 2629 2630 2552 
2720 2552 2630 2631 2553 
2721 2553 2631 2632 2554 
2722 2554 2632 2633 2555 
2723 2555 2633 2634 2556 
2724 2556 2634 2635 2557 
2725 2557 2635 2636 2558 
2726 2558 2636 2637 2559 
2727 2559 2637 2638 2560 
2728 2560 2638 2639 2561 
2729 2561 2639 2640 2562 
2730 2562 2640 688 687 
2731 632 633 2641 2563 
2732 2563 2641 2642 2564 
2733 2564 2642 2643 2565 
2734 2565 2643 2644 2566 
2735 2566 2644 2645 2567 
2736 2567 2645 2646 2568 
2737 2568 2646 2647 2569 
2738 2569 2647 2648 2570 
2739 2570 2648 2649 2571 
2740 2571 2649 2650 2572 
2741 2572 2650 2651 2573 
2742 2573 2651 2652 2574 
2743 2574 2652 2653 2575 
2744 2575 2653 2654 2576 
2745 2576 2654 2655 2577 
2746 2577 2655 2656 2578 
2747 2578 2656 2657 2579 
2748 2579 2657 2658 2580 
2749 2580 2658 2659 2581 
2750 2581 2659 2660 2582 
2751 2582 2660 2661 2583 
2752 2583 2661 2662 2584 
2753 2584 2662 2663 2585 
2754 2585 2663 2664 2586 
2755 2586 2664 2665 2587 
2756 2587 2665 2666 2588 
2757 2588 2666 2667 2589 
2758 2589 2667 2668 2590 
2759 2590 2668 2669 2591 
2760 2591 2669 2670 2592 
2761 2592 2670 2671 2593 
2762 2593 2671 2672 2594 
2763 2594 2672 2673 2595 
2764 2595 2673 2674 2596 
2765 2596 2674 2675 2597 
2766 2597 2675 2676 2598 
2767 2598 2676 2677 2599 
2768 2599 2677 2678 2600 
2769 2600 2678 2679 2601 
2770 2601 2679 2680 2602 
2771 2602 2680 2681 2603 
2772 2603 2681 2682 2604 
2773 2604 2682 2683 2605 
2774 2605 2683 2684 2606 
2775 2606 2684 2685 2607 
2776 2607 2685 2686 2608 
2777 2608 2686 2687 2609 
2778 2609 2687 2688 2610 
2779 2610 2688 2689 2611 
2780 2611 2689 2690 2612 
2781 2612 2690 2691 2613 
2782 2613 2691 2692 2614 
2783 2614 2692 2693 2615 
2784 2615 2693 2694 2616 
2785 2616 2694 2695 2617 
2786 2617 2695 2696 2618 
2787 2618 2696 2697 2619 
2788 2619 2697 2698 2620 
2789 2620 2698 2699 2621 
2790 2621 2699 2700 2622 
2791 2622 2700 2701 2623 
2792 2623 2701 2702 2624 
2793 2624 2702 2703 2625 
2794 2625 2703 2704 2626 
2795 2626 2704 2705 2627 
2796 2627 2705 2706 2628 
2797 2628 2706 2707 2629 
2798 2629 2707 2708 2630 
2799 2630 2708 2709 2631 
2800 2631 2709 2710 2632 
2801 2632 2710 2711 2633 
2802 2633 2711 2712 2634 
2803 2634 2712 2713 2635 
2804 2635 2713 2714 2636 
2805 2636 2714 2715 2637 
2806 2637 2715 2716 2638 
2807 2638 2716 2717 2639 
2808 2639 2717 2718 2640 
2809 2640 2718 689 688 
2810 633 634 2719 2641 
2811 2641 2719 2720 2642 
2812 2642 2720 2721 2643 
2813 2643 2721 2722 2644 
2814 2644 2722 2723 2645 
2815 2645 2723 2724 2646 
2816 2646 2724 2725 2647 
2817 2647 2725 2726 2648 
2818 2648 2726 2727 2649 
2819 2649 2727 2728 2650 
2820 2650 2728 2729 2651 
2821 2651 2729 2730 2652 
2822 2652 2730 2731 2653 
2823 2653 2731 2732 2654 
2824 2654 2732 2733 2655 
2825 2655 2733 2734 2656 
2826 2656 2734 2735 2657 
2827 2657 2735 2736 2658 
2828 2658 2736 2737 2659 
2829 2659 2737 2738 2660 
2830 2660 2738 2739 2661 
2831 2661 2739 2740 2662 
2832 2662 2740 2741 2663 
2833 2663 2741 2742 2664 
2834 2664 2742 2743 2665 
2835 2665 2743 2744 2666 
2836 2666 2744 2745 2667 
2837 2667 2745 2746 2668 
2838 2668 2746 2747 2669 
2839 2669 2747 2748 2670 
2840 2670 2748 2749 2671 
2841 2671 2749 2750 2672 
2842 2672 2750 2751 2673 
2843 2673 2751 2752 2674 
2844 2674 2752 2753 2675 
2845 2675 2753 2754 2676 
2846 2676 2754 2755 2677 
2847 2677 2755 2756 2678 
2848 2678 2756 2757 2679 
2849 2679 2757 2758 2680 
2850 2680 2758 2759 2681 
2851 2681 2759 2760 2682 
2852 2682 2760 2761 2683 
2853 2683 2761 2762 2684 
2854 2684 2762 2763 2685 
2855 2685 2763 2764 2686 
2856 2686 2764 2765 2687 
2857 2687 2765 2766 2688 
2858 2688 2766 2767 2689 
2859 2689 2767 2768 2690 
2860 2690 2768 2769 2691 
2861 2691 2769 2770 2692 
2862 2692 2770 2771 2693 
2863 2693 2771 2772 2694 
2864 2694 2772 2773 2695 
2865 2695 2773 2774 2696 
2866 2696 2774 2775 2697 
2867 2697 2775 2776 2698 
2868 2698 2776 2777 2699 
2869 2699 2777 2778 2700 
2870 2700 2778 2779 2701 
2871 2701 2779 2780 2702 
2872 2702 2780 2781 2703 
2873 2703 2781 2782 2704 
2874 2704 2782 2783 2705 
2875 2705 2783 2784 2706 
2876 2706 2784 2785 2707 
2877 2707 2785 2786 2708 
2878 2708 2786 2787 2709 
2879 2709 2787 2788 2710 
2880 2710 2788 2789 2711 
2881 2711 2789 2790 2712 
2882 2712 2790 2791 2713 
2883 2713 2791 2792 2714 
2884 2714 2792 2793 2715 
2885 2715 2793 2794 2716 
2886 2716 2794 2795 2717 
2887 2717 2795 2796 2718 
2888 2718 2796 690 689 
2889 634 635 2797 2719 
2890 2719 2797 2798 2720 
2891 2720 2798 2799 2721 
2892 2721 2799 2800 2722 
2893 2722 2800 2801 2723 
2894 2723 2801 2802 2724 
2895 2724 2802 2803 2725 
2896 2725 2803 2804 2726 
2897 2726 2804 2805 2727 
2898 2727 2805 2806 2728 
2899 2728 2806 2807 2729 
2900 2729 2807 2808 2730 
2901 2730 2808 2809 2731 
2902 2731 2809 2810 2732 
2903 2732 2810 2811 2733 
2904 2733 2811 2812 2734 
2905 2734 2812 2813 2735 
2906 2735 2813 2814 2736 
2907 2736 2814 2815 2737 
2908 2737 2815 2816 2738 
2909 2738 2816 2817 2739 
2910 2739 2817 2818 2740 
2911 2740 2818 2819 2741 
2912 2741 2819 2820 2742 
2913 2742 2820 2821 2743 
2914 2743 2821 2822 2744 
2915 2744 2822 2823 2745 
2916 2745 2823 2824 2746 
2917 2746 2824 2825 2747 
2918 2747 2825 2826 2748 
2919 2748 2826 2827 2749 
2920 2749 2827 2828 2750 
2921 2750 2828 2829 2751 
2922 2751 2829 2830 2752 
2923 2752 2830 2831 2753 
2924 2753 2831 2832 2754 
2925 2754 2832 2833 2755 
2926 2755 2833 2834 2756 
2927 2756 2834 2835 2757 
2928 2757 2835 2836 2758 
2929 2758 2836 2837 2759 
2930 2759 2837 2838 2760 
2931 2760 2838 2839 2761 
2932 2761 2839 2840 2762 
2933 2762 2840 2841 2763 
2934 2763 2841 2842 2764 
2935 2764 2842 2843 2765 
2936 2765 2843 2844 2766 
2937 2766 2844 2845 2767 
2938 2767 2845 2846 2768 
2939 2768 2846 2847 2769 
2940 2769 2847 2848 2770 
2941 2770 2848 2849 2771 
2942 2771 2849 2850 2772 
2943 2772 2850 2851 2773 
2944 2773 2851 2852 2774 
2945 2774 2852 2853 2775 
2946 2775 2853 2854 2776 
2947 2776 2854 2855 2777 
2948 2777 2855 2856 2778 
2949 2778 2856 2857 2779 
2950 2779 2857 2858 2780 
2951 2780 2858 2859 2781 
2952 2781 2859 2860 2782 
2953 2782 2860 2861 2783 
2954 2783 2861 2862 2784 
2955 2784 2862 2863 2785 
2956 2785 2863 2864 2786 
2957 2786 2864 2865 2787 
2958 2787 2865 2866 2788 
2959 2788 2866 2867 2789 
2960 2789 2867 2868 2790 
2961 2790 2868 2869 2791 
2962 2791 2869 2870 2792 
2963 2792 2870 2871 2793 
2964 2793 2871 2872 2794 
2965 2794 2872 2873 2795 
2966 2795 2873 2874 2796 
2967 2796 2874 691 690 
2968 635 636 2875 2797 
2969 2797 2875 2876 2798 
2970 2798 2876 2877 2799 
2971 2799 2877 2878 2800 
2972 2800 2878 2879 2801 
2973 2801 2879 2880 2802 
2974 2802 2880 2881 2803 
2975 2803 2881 2882 2804 
2976 2804 2882 2883 2805 
2977 2805 2883 2884 2806 
2978 2806 2884 2885 2807 
2979 2807 2885 2886 2808 
2980 2808 2886 2887 2809 
2981 2809 2887 2888 2810 
2982 2810 2888 2889 2811 
2983 2811 2889 2890 2812 
2984 2812 2890 2891 2813 
2985 2813 2891 2892 2814 
2986 2814 2892 2893 2815 
2987 2815 2893 2894 2816 
2988 2816 2894 2895 2817 
2989 2817 2895 2896 2818 
2990 2818 2896 2897 2819 
2991 2819 2897 2898 2820 
2992 2820 2898 2899 2821 
2993 2821 2899 2900 2822 
2994 2822 2900 2901 2823 
2995 2823 2901 2902 2824 
2996 2824 2902 2903 2825 
2997 2825 2903 2904 2826 
2998 2826 2904 2905 2827 
2999 2827 2905 2906 2828 
3000 2828 2906 2907 2829 
3001 2829 2907 2908 2830 
3002 2830 2908 2909 2831 
3003 2831 2909 2910 2832 
3004 2832 2910 2911 2833 
3005 2833 2911 2912 2834 
3006 2834 2912 2913 2835 
3007 2835 2913 2914 2836 
3008 2836 2914 2915 2837 
3009 2837 2915 2916 2838 
3010 2838 2916 2917 2839 
3011 2839 2917 2918 2840 
3012 2840 2918 2919 2841 
3013 2841 2919 2920 2842 
3014 2842 2920 2921 2843 
3015 2843 2921 2922 2844 
3016 2844 2922 2923 2845 
3017 2845 2923 2924 2846 
3018 2846 2924 2925 2847 
3019 2847 2925 2926 2848 
3020 2848 2926 2927 2849 
3021 2849 2927 2928 2850 
3022 2850 2928 2929 2851 
3023 2851 2929 2930 2852 
3024 2852 2930 2931 2853 
3025 2853 2931 2932 2854 
3026 2854 2932 2933 2855 
3027 2855 2933 2934 2856 
3028 2856 2934 2935 2857 
3029 2857 2935 2936 2858 
3030 2858 2936 2937 2859 
3031 2859 2937 2938 2860 
3032 2860 2938 2939 2861 
3033 2861 2939 2940 2862 
3034 2862 2940 2941 2863 
3035 2863 2941 2942 2864 
3036 2864 2942 2943 2865 
3037 2865 2943 2944 2866 
3038 2866 2944 2945 2867 
3039 2867 2945 2946 2868 
3040 2868 2946 2947 2869 
3041 2869 2947 2948 2870 
3042 2870 2948 2949 2871 
3043 2871 2949 2950 2872 
3044 2872 2950 2951 2873 
3045 2873 2951 2952 2874 
3046 2874 2952 692 691 
3047 636 637 2953 2875 
3048 2875 2953 2954 2876 
3049 2876 2954 2955 2877 
3050 2877 2955 2956 2878 
3051 2878 2956 2957 2879 
3052 2879 2957 2958 2880 
3053 2880 2958 2959 2881 
3054 2881 2959 2960 2882 
3055 2882 2960 2961 2883 
3056 2883 2961 2962 2884 
3057 2884 2962 2963 2885 
3058 2885 2963 2964 2886 
3059 2886 2964 2965 2887 
3060 2887 2965 2966 2888 
3061 2888 2966 2967 2889 
3062 2889 2967 2968 2890 
3063 2890 2968 2969 2891 
3064 2891 2969 2970 2892 
3065 2892 2970 2971 2893 
3066 2893 2971 2972 2894 
3067 2894 2972 2973 2895 
3068 2895 2973 2974 2896 
3069 2896 2974 2975 2897 
3070 2897 2975 2976 2898 
3071 2898 2976 2977 2899 
3072 2899 2977 2978 2900 
3073 2900 2978 2979 2901 
3074 2901 2979 2980 2902 
3075 2902 2980 2981 2903 
3076 2903 2981 2982 2904 
3077 2904 2982 2983 2905 
3078 2905 2983 2984 2906 
3079 2906 2984 2985 2907 
3080 2907 2985 2986 2908 
3081 2908 2986 2987 2909 
3082 2909 2987 2988 2910 
3083 2910 2988 2989 2911 
3084 2911 2989 2990 2912 
3085 2912 2990 2991 2913 
3086 2913 2991 2992 2914 
3087 2914 2992 2993 2915 
3088 2915 2993 2994 2916 
3089 2916 2994 2995 2917 
3090 2917 2995 2996 2918 
3091 2918 2996 2997 2919 
3092 2919 2997 2998 2920 
3093 2920 2998 2999 2921 
3094 2921 2999 3000 2922 
3095 2922 3000 3001 2923 
3096 2923 3001 3002 2924 
3097 2924 3002 3003 2925 
3098 2925 3003 3004 2926 
3099 2926 3004 3005 2927 
3100 2927 3005 3006 2928 
3101 2928 3006 3007 2929 
3102 2929 3007 3008 2930 
3103 2930 3008 3009 2931 
3104 2931 3009 3010 2932 
3105 2932 3010 3011 2933 
3106 2933 3011 3012 2934 
3107 2934 3012 3013 2935 
3108 2935 3013 3014 2936 
3109 2936 3014 3015 2937 
3110 2937 3015 3016 2938 
3111 2938 3016 3017 2939 
3112 2939 3017 3018 2940 
3113 2940 3018 3019 2941 
3114 2941 3019 3020 2942 
3115 2942 3020 3021 2943 
3116 2943 3021 3022 2944 
3117 2944 3022 3023 2945 
3118 2945 3023 3024 2946 
3119 2946 3024 3025 2947 
3120 2947 3025 3026 2948 
3121 2948 3026 3027 2949 
3122 2949 3027 3028 2950 
3123 2950 3028 3029 2951 
3124 2951 3029 3030 2952 
3125 2952 3030 693 692 
3126 637 638 3031 2953 
3127 2953 3031 3032 2954 
3128 2954 3032 3033 2955 
3129 2955 3033 3034 2956 
3130 2956 3034 3035 2957 
3131 2957 3035 3036 2958 
3132 2958 3036 3037 2959 
3133 2959 3037 3038 2960 
3134 2960 3038 3039 2961 
3135 2961 3039 3040 2962 
3136 2962 3040 3041 2963 
3137 2963 3041 3042 2964 
3138 2964 3042 3043 2965 
3139 2965 3043 3044 2966 
3140 2966 3044 3045 2967 
3141 2967 3045 3046 2968 
3142 2968 3046 3047 2969 
3143 2969 3047 3048 2970 
3144 2970 3048 3049 2971 
3145 2971 3049 3050 2972 
3146 2972 3050 3051 2973 
3147 2973 3051 3052 2974 
3148 2974 3052 3053 2975 
3149 2975 3053 3054 2976 
3150 2976 3054 3055 2977 
3151 2977 3055 3056 2978 
3152 2978 3056 3057 2979 
3153 2979 3057 3058 2980 
3154 2980 3058 3059 2981 
3155 2981 3059 3060 2982 
3156 2982 3060 3061 2983 
3157 2983 3061 3062 2984 
3158 2984 3062 3063 2985 
3159 2985 3063 3064 2986 
3160 2986 3064 3065 2987 
3161 2987 3065 3066 2988 
3162 2988 3066 3067 2989 
3163 2989 3067 3068 2990 
3164 2990 3068 3069 2991 
3165 2991 3069 3070 2992 
3166 2992 3070 3071 2993 
3167 2993 3071 3072 2994 
3168 2994 3072 3073 2995 
3169 2995 3073 3074 2996 
3170 2996 3074 3075 2997 
3171 2997 3075 3076 2998 
3172 2998 3076 3077 2999 
3173 2999 3077 3078 3000 
3174 3000 3078 3079 3001 
3175 3001 3079 3080 3002 
3176 3002 3080 3081 3003 
3177 3003 3081 3082 3004 
3178 3004 3082 3083 3005 
3179 3005 3083 3084 3006 
3180 3006 3084 3085 3007 
3181 3007 3085 3086 3008 
3182 3008 3086 3087 3009 
3183 3009 3087 3088 3010 
3184 3010 3088 3089 3011 
3185 3011 3089 3090 3012 
3186 3012 3090 3091 3013 
3187 3013 3091 3092 3014 
3188 3014 3092 3093 3015 
3189 3015 3093 3094 3016 
3190 3016 3094 3095 3017 
3191 3017 3095 3096 3018 
3192 3018 3096 3097 3019 
3193 3019 3097 3098 3020 
3194 3020 3098 3099 3021 
3195 3021 3099 3100 3022 
3196 3022 3100 3101 3023 
3197 3023 3101 3102 3024 
3198 3024 3102 3103 3025 
3199 3025 3103 3104 3026 
3200 3026 3104 3105 3027 
3201 3027 3105 3106 3028 
3202 3028 3106 3107 3029 
3203 3029 3107 3108 3030 
3204 3030 3108 694 693 
3205 638 639 3109 3031 
3206 3031 3109 3110 3032 
3207 3032 3110 3111 3033 
3208 3033 3111 3112 3034 
3209 3034 3112 3113 3035 
3210 3035 3113 3114 3036 
3211 3036 3114 3115 3037 
3212 3037 3115 3116 3038 
3213 3038 3116 3117 3039 
3214 3039 3117 3118 3040 
3215 3040 3118 3119 3041 
3216 3041 3119 3120 3042 
3217 3042 3120 3121 3043 
3218 3043 3121 3122 3044 
3219 3044 3122 3123 3045 
3220 3045 3123 3124 3046 
3221 3046 3124 3125 3047 
3222 3047 3125 3126 3048 
3223 3048 3126 3127 3049 
3224 3049 3127 3128 3050 
3225 3050 3128 3129 3051 
3226 3051 3129 3130 3052 
3227 3052 3130 3131 3053 
3228 3053 3131 3132 3054 
3229 3054 3132 3133 3055 
3230 3055 3133 3134 3056 
3231 3056 3134 3135 3057 
3232 3057 3135 3136 3058 
3233 3058 3136 3137 3059 
3234 3059 3137 3138 3060 
3235 3060 3138 3139 3061 
3236 3061 3139 3140 3062 
3237 3062 3140 3141 3063 
3238 3063 3141 3142 3064 
3239 3064 3142 3143 3065 
3240 3065 3143 3144 3066 
3241 3066 3144 3145 3067 
3242 3067 3145 3146 3068 
3243 3068 3146 3147 3069 
3244 3069 3147 3148 3070 
3245 3070 3148 3149 3071 
3246 3071 3149 3150 3072 
3247 3072 3150 3151 3073 
3248 3073 3151 3152 3074 
3249 3074 3152 3153 3075 
3250 3075 3153 3154 3076 
3251 3076 3154 3155 3077 
3252 3077 3155 3156 3078 
3253 3078 3156 3157 3079 
3254 3079 3157 3158 3080 
3255 3080 3158 3159 3081 
3256 3081 3159 3160 3082 
3257 3082 3160 3161 3083 
3258 3083 3161 3162 3084 
3259 3084 3162 3163 3085 
3260 3085 3163 3164 3086 
3261 3086 3164 3165 3087 
3262 3087 3165 3166 3088 
3263 3088 3166 3167 3089 
3264 3089 3167 3168 3090 
3265 3090 3168 3169 3091 
3266 3091 3169 3170 3092 
3267 3092 3170 3171 3093 
3268 3093 3171 3172 3094 
3269 3094 3172 3173 3095 
3270 3095 3173 3174 3096 
3271 3096 3174 3175 3097 
3272 3097 3175 3176 3098 
3273 3098 3176 3177 3099 
3274 3099 3177 3178 3100 
3275 3100 3178 3179 3101 
3276 3101 3179 3180 3102 
3277 3102 3180 3181 3103 
3278 3103 3181 3182 3104 
3279 3104 3182 3183 3105 
3280 3105 3183 3184 3106 
3281 3106 3184 3185 3107 
3282 3107 3185 3186 3108 
3283 3108 3186 695 694 
3284 639 640 3187 3109 
3285 3109 3187 3188 3110 
3286 3110 3188 3189 3111 
3287 3111 3189 3190 3112 
3288 3112 3190 3191 3113 
3289 3113 3191 3192 3114 
3290 3114 3192 3193 3115 
3291 3115 3193 3194 3116 
3292 3116 3194 3195 3117 
3293 3117 3195 3196 3118 
3294 3118 3196 3197 3119 
3295 3119 3197 3198 3120 
3296 3120 3198 3199 3121 
3297 3121 3199 3200 3122 
3298 3122 3200 3201 3123 
3299 3123 3201 3202 3124 
3300 3124 3202 3203 3125 
3301 3125 3203 3204 3126 
3302 3126 3204 3205 3127 
3303 3127 3205 3206 3128 
3304 3128 3206 3207 3129 
3305 3129 3207 3208 3130 
3306 3130 3208 3209 3131 
3307 3131 3209 3210 3132 
3308 3132 3210 3211 3133 
3309 3133 3211 3212 3134 
3310 3134 3212 3213 3135 
3311 3135 3213 3214 3136 
3312 3136 3214 3215 3137 
3313 3137 3215 3216 3138 
3314 3138 3216 3217 3139 
3315 3139 3217 3218 3140 
3316 3140 3218 3219 3141 
3317 3141 3219 3220 3142 
3318 3142 3220 3221 3143 
3319 3143 3221 3222 3144 
3320 3144 3222 3223 3145 
3321 3145 3223 3224 3146 
3322 3146 3224 3225 3147 
3323 3147 3225 3226 3148 
3324 3148 3226 3227 3149 
3325 3149 3227 3228 3150 
3326 3150 3228 3229 3151 
3327 3151 3229 3230 3152 
3328 3152 3230 3231 3153 
3329 3153 3231 3232 3154 
3330 3154 3232 3233 3155 
3331 3155 3233 3234 3156 
3332 3156 3234 3235 3157 
3333 3157 3235 3236 3158 
3334 3158 3236 3237 3159 
3335 3159 3237 3238 3160 
3336 3160 3238 3239 3161 
3337 3161 3239 3240 3162 
3338 3162 3240 3241 3163 
3339 3163 3241 3242 3164 
3340 3164 3242 3243 3165 
3341 3165 3243 3244 3166 
3342 3166 3244 3245 3167 
3343 3167 3245 3246 3168 
3344 3168 3246 3247 3169 
3345 3169 3247 3248 3170 
3346 3170 3248 3249 3171 
3347 3171 3249 3250 3172 
3348 3172 3250 3251 3173 
3349 3173 3251 3252 3174 
3350 3174 3252 3253 3175 
3351 3175 3253 3254 3176 
3352 3176 3254 3255 3177 
3353 3177 3255 3256 3178 
3354 3178 3256 3257 3179 
3355 3179 3257 3258 3180 
3356 3180 3258 3259 3181 
3357 3181 3259 3260 3182 
3358 3182 3260 3261 3183 
3359 3183 3261 3262 3184 
3360 3184 3262 3263 3185 
3361 3185 3263 3264 3186 
3362 3186 3264 696 695 
3363 640 641 3265 3187 
3364 3187 3265 3266 3188 
3365 3188 3266 3267 3189 
3366 3189 3267 3268 3190 
3367 3190 3268 3269 3191 
3368 3191 3269 3270 3192 
3369 3192 3270 3271 3193 
3370 3193 3271 3272 3194 
3371 3194 3272 3273 3195 
3372 3195 3273 3274 3196 
3373 3196 3274 3275 3197 
3374 3197 3275 3276 3198 
3375 3198 3276 3277 3199 
3376 3199 3277 3278 3200 
3377 3200 3278 3279 3201 
3378 3201 3279 3280 3202 
3379 3202 3280 3281 3203 
3380 3203 3281 3282 3204 
3381 3204 3282 3283 3205 
3382 3205 3283 3284 3206 
3383 3206 3284 3285 3207 
3384 3207 3285 3286 3208 
3385 3208 3286 3287 3209 
3386 3209 3287 3288 3210 
3387 3210 3288 3289 3211 
3388 3211 3289 3290 3212 
3389 3212 3290 3291 3213 
3390 3213 3291 3292 3214 
3391 3214 3292 3293 3215 
3392 3215 3293 3294 3216 
3393 3216 3294 3295 3217 
3394 3217 3295 3296 3218 
3395 3218 3296 3297 3219 
3396 3219 3297 3298 3220 
3397 3220 3298 3299 3221 
3398 3221 3299 3300 3222 
3399 3222 3300 3301 3223 
3400 3223 3301 3302 3224 
3401 3224 3302 3303 3225 
3402 3225 3303 3304 3226 
3403 3226 3304 3305 3227 
3404 3227 3305 3306 3228 
3405 3228 3306 3307 3229 
3406 3229 3307 3308 3230 
3407 3230 3308 3309 3231 
3408 3231 3309 3310 3232 
3409 3232 3310 3311 3233 
3410 3233 3311 3312 3234 
3411 3234 3312 3313 3235 
3412 3235 3313 3314 3236 
3413 3236 3314 3315 3237 
3414 3237 3315 3316 3238 
3415 3238 3316 3317 3239 
3416 3239 3317 3318 3240 
3417 3240 3318 3319 3241 
3418 3241 3319 3320 3242 
3419 3242 3320 3321 3243 
3420 3243 3321 3322 3244 
3421 3244 3322 3323 3245 
3422 3245 3323 3324 3246 
3423 3246 3324 3325 3247 
3424 3247 3325 3326 3248 
3425 3248 3326 3327 3249 
3426 3249 3327 3328 3250 
3427 3250 3328 3329 3251 
3428 3251 3329 3330 3252 
3429 3252 3330 3331 3253 
3430 3253 3331 3332 3254 
3431 3254 3332 3333 3255 
3432 3255 3333 3334 3256 
3433 3256 3334 3335 3257 
3434 3257 3335 3336 3258 
3435 3258 3336 3337 3259 
3436 3259 3337 3338 3260 
3437 3260 3338 3339 3261 
3438 3261 3339 3340 3262 
3439 3262 3340 3341 3263 
3440 3263 3341 3342 3264 
3441 3264 3342 697 696 
3442 641 642 3343 3265 
3443 3265 3343 3344 3266 
3444 3266 3344 3345 3267 
3445 3267 3345 3346 3268 
3446 3268 3346 3347 3269 
3447 3269 3347 3348 3270 
3448 3270 3348 3349 3271 
3449 3271 3349 3350 3272 
3450 3272 3350 3351 3273 
3451 3273 3351 3352 3274 
3452 3274 3352 3353 3275 
3453 3275 3353 3354 3276 
3454 3276 3354 3355 3277 
3455 3277 3355 3356 3278 
3456 3278 3356 3357 3279 
3457 3279 3357 3358 3280 
3458 3280 3358 3359 3281 
3459 3281 3359 3360 3282 
3460 3282 3360 3361 3283 
3461 3283 3361 3362 3284 
3462 3284 3362 3363 3285 
3463 3285 3363 3364 3286 
3464 3286 3364 3365 3287 
3465 3287 3365 3366 3288 
3466 3288 3366 3367 3289 
3467 3289 3367 3368 3290 
3468 3290 3368 3369 3291 
3469 3291 3369 3370 3292 
3470 3292 3370 3371 3293 
3471 3293 3371 3372 3294 
3472 3294 3372 3373 3295 
3473 3295 3373 3374 3296 
3474 3296 3374 3375 3297 
3475 3297 3375 3376 3298 
3476 3298 3376 3377 3299 
3477 3299 3377 3378 3300 
3478 3300 3378 3379 3301 
3479 3301 3379 3380 3302 
3480 3302 3380 3381 3303 
3481 3303 3381 3382 3304 
3482 3304 3382 3383 3305 
3483 3305 3383 3384 3306 
3484 3306 3384 3385 3307 
3485 3307 3385 3386 3308 
3486 3308 3386 3387 3309 
3487 3309 3387 3388 3310 
3488 3310 3388 3389 3311 
3489 3311 3389 3390 3312 
3490 3312 3390 3391 3313 
3491 3313 3391 3392 3314 
3492 3314 3392 3393 3315 
3493 3315 3393 3394 3316 
3494 3316 3394 3395 3317 
3495 3317 3395 3396 3318 
3496 3318 3396 3397 3319 
3497 3319 3397 3398 3320 
3498 3320 3398 3399 3321 
3499 3321 3399 3400 3322 
3500 3322 3400 3401 3323 
3501 3323 3401 3402 3324 
3502 3324 3402 3403 3325 
3503 3325 3403 3404 3326 
3504 3326 3404 3405 3327 
3505 3327 3405 3406 3328 
3506 3328 3406 3407 3329 
3507 3329 3407 3408 3330 
3508 3330 3408 3409 3331 
3509 3331 3409 3410 3332 
3510 3332 3410 3411 3333 
3511 3333 3411 3412 3334 
3512 3334 3412 3413 3335 
3513 3335 3413 3414 3336 
3514 3336 3414 3415 3337 
3515 3337 3415 3416 3338 
3516 3338 3416 3417 3339 
3517 3339 3417 3418 3340 
3518 3340 3418 3419 3341 
3519 3341 3419 3420 3342 
3520 3342 3420 698 697 
3521 642 643 3421 3343 
3522 3343 3421 3422 3344 
3523 3344 3422 3423 3345 
3524 3345 3423 3424 3346 
3525 3346 3424 3425 3347 
3526 3347 3425 3426 3348 
3527 3348 3426 3427 3349 
3528 3349 3427 3428 3350 
3529 3350 3428 3429 3351 
3530 3351 3429 3430 3352 
3531 3352 3430 3431 3353 
3532 3353 3431 3432 3354 
3533 3354 3432 3433 3355 
3534 3355 3433 3434 3356 
3535 3356 3434 3435 3357 
3536 3357 3435 3436 3358 
3537 3358 3436 3437 3359 
3538 3359 3437 3438 3360 
3539 3360 3438 3439 3361 
3540 3361 3439 3440 3362 
3541 3362 3440 3441 3363 
3542 3363 3441 3442 3364 
3543 3364 3442 3443 3365 
3544 3365 3443 3444 3366 
3545 3366 3444 3445 3367 
3546 3367 3445 3446 3368 
3547 3368 3446 3447 3369 
3548 3369 3447 3448 3370 
3549 3370 3448 3449 3371 
3550 3371 3449 3450 3372 
3551 3372 3450 3451 3373 
3552 3373 3451 3452 3374 
3553 3374 3452 3453 3375 
3554 3375 3453 3454 3376 
3555 3376 3454 3455 3377 
3556 3377 3455 3456 3378 
3557 3378 3456 3457 3379 
3558 3379 3457 3458 3380 
3559 3380 3458 3459 3381 
3560 3381 3459 3460 3382 
3561 3382 3460 3461 3383 
3562 3383 3461 3462 3384 
3563 3384 3462 3463 3385 
3564 3385 3463 3464 3386 
3565 3386 3464 3465 3387 
3566 3387 3465 3466 3388 
3567 3388 3466 3467 3389 
3568 3389 3467 3468 3390 
3569 3390 3468 3469 3391 
3570 3391 3469 3470 3392 
3571 3392 3470 3471 3393 
3572 3393 3471 3472 3394 
3573 3394 3472 3473 3395 
3574 3395 3473 3474 3396 
3575 3396 3474 3475 3397 
3576 3397 3475 3476 3398 
3577 3398 3476 3477 3399 
3578 3399 3477 3478 3400 
3579 3400 3478 3479 3401 
3580 3401 3479 3480 3402 
3581 3402 3480 3481 3403 
3582 3403 3481 3482 3404 
3583 3404 3482 3483 3405 
3584 3405 3483 3484 3406 
3585 3406 3484 3485 3407 
3586 3407 3485 3486 3408 
3587 3408 3486 3487 3409 
3588 3409 3487 3488 3410 
3589 3410 3488 3489 3411 
3590 3411 3489 3490 3412 
3591 3412 3490 3491 3413 
3592 3413 3491 3492 3414 
3593 3414 3492 3493 3415 
3594 3415 3493 3494 3416 
3595 3416 3494 3495 3417 
3596 3417 3495 3496 3418 
3597 3418 3496 3497 3419 
3598 3419 3497 3498 3420 
3599 3420 3498 699 698 
3600 643 644 3499 3421 
3601 3421 3499 3500 3422 
3602 3422 3500 3501 3423 
3603 3423 3501 3502 3424 
3604 3424 3502 3503 3425 
3605 3425 3503 3504 3426 
3606 3426 3504 3505 3427 
3607 3427 3505 3506 3428 
3608 3428 3506 3507 3429 
3609 3429 3507 3508 3430 
3610 3430 3508 3509 3431 
3611 3431 3509 3510 3432 
3612 3432 3510 3511 3433 
3613 3433 3511 3512 3434 
3614 3434 3512 3513 3435 
3615 3435 3513 3514 3436 
3616 3436 3514 3515 3437 
3617 3437 3515 3516 3438 
3618 3438 3516 3517 3439 
3619 3439 3517 3518 3440 
3620 3440 3518 3519 3441 
3621 3441 3519 3520 3442 
3622 3442 3520 3521 3443 
3623 3443 3521 3522 3444 
3624 3444 3522 3523 3445 
3625 3445 3523 3524 3446 
3626 3446 3524 3525 3447 
3627 3447 3525 3526 3448 
3628 3448 3526 3527 3449 
3629 3449 3527 3528 3450 
3630 3450 3528 3529 3451 
3631 3451 3529 3530 3452 
3632 3452 3530 3531 3453 
3633 3453 3531 3532 3454 
3634 3454 3532 3533 3455 
3635 3455 3533 3534 3456 
3636 3456 3534 3535 3457 
3637 3457 3535 3536 3458 
3638 3458 3536 3537 3459 
3639 3459 3537 3538 3460 
3640 3460 3538 3539 3461 
3641 3461 3539 3540 3462 
3642 3462 3540 3541 3463 
3643 3463 3541 3542 3464 
3644 3464 3542 3543 3465 
3645 3465 3543 3544 3466 
3646 3466 3544 3545 3467 
3647 3467 3545 3546 3468 
3648 3468 3546 3547 3469 
3649 3469 3547 3548 3470 
3650 3470 3548 3549 3471 
3651 3471 3549 3550 3472 
3652 3472 3550 3551 3473 
3653 3473 3551 3552 3474 
3654 3474 3552 3553 3475 
3655 3475 3553 3554 3476 
3656 3476 3554 3555 3477 
3657 3477 3555 3556 3478 
3658 3478 3556 3557 3479 
3659 3479 3557 3558 3480 
3660 3480 3558 3559 3481 
3661 3481 3559 3560 3482 
3662 3482 3560 3561 3483 
3663 3483 3561 3562 3484 
3664 3484 3562 3563 3485 
3665 3485 3563 3564 3486 
3666 3486 3564 3565 3487 
3667 3487 3565 3566 3488 
3668 3488 3566 3567 3489 
3669 3489 3567 3568 3490 
3670 3490 3568 3569 3491 
3671 3491 3569 3570 3492 
3672 3492 3570 3571 3493 
3673 3493 3571 3572 3494 
3674 3494 3572 3573 3495 
3675 3495 3573 3574 3496 
3676 3496 3574 3575 3497 
3677 3497 3575 3576 3498 
3678 3498 3576 700 699 
3679 644 645 3577 3499 
3680 3499 3577 3578 3500 
3681 3500 3578 3579 3501 
3682 3501 3579 3580 3502 
3683 3502 3580 3581 3503 
3684 3503 3581 3582 3504 
3685 3504 3582 3583 3505 
3686 3505 3583 3584 3506 
3687 3506 3584 3585 3507 
3688 3507 3585 3586 3508 
3689 3508 3586 3587 3509 
3690 3509 3587 3588 3510 
3691 3510 3588 3589 3511 
3692 3511 3589 3590 3512 
3693 3512 3590 3591 3513 
3694 3513 3591 3592 3514 
3695 3514 3592 3593 3515 
3696 3515 3593 3594 3516 
3697 3516 3594 3595 3517 
3698 3517 3595 3596 3518 
3699 3518 3596 3597 3519 
3700 3519 3597 3598 3520 
3701 3520 3598 3599 3521 
3702 3521 3599 3600 3522 
3703 3522 3600 3601 3523 
3704 3523 3601 3602 3524 
3705 3524 3602 3603 3525 
3706 3525 3603 3604 3526 
3707 3526 3604 3605 3527 
3708 3527 3605 3606 3528 
3709 3528 3606 3607 3529 
3710 3529 3607 3608 3530 
3711 3530 3608 3609 3531 
3712 3531 3609 3610 3532 
3713 3532 3610 3611 3533 
3714 3533 3611 3612 3534 
3715 3534 3612 3613 3535 
3716 3535 3613 3614 3536 
3717 3536 3614 3615 3537 
3718 3537 3615 3616 3538 
3719 3538 3616 3617 3539 
3720 3539 3617 3618 3540 
3721 3540 3618 3619 3541 
3722 3541 3619 3620 3542 
3723 3542 3620 3621 3543 
3724 3543 3621 3622 3544 
3725 3544 3622 3623 3545 
3726 3545 3623 3624 3546 
3727 3546 3624 3625 3547 
3728 3547 3625 3626 3548 
3729 3548 3626 3627 3549 
3730 3549 3627 3628 3550 
3731 3550 3628 3629 3551 
3732 3551 3629 3630 3552 
3733 3552 3630 3631 3553 
3734 3553 3631 3632 3554 
3735 3554 3632 3633 3555 
3736 3555 3633 3634 3556 
3737 3556 3634 3635 3557 
3738 3557 3635 3636 3558 
3739 3558 3636 3637 3559 
3740 3559 3637 3638 3560 
3741 3560 3638 3639 3561 
3742 3561 3639 3640 3562 
3743 3562 3640 3641 3563 
3744 3563 3641 3642 3564 
3745 3564 3642 3643 3565 
3746 3565 3643 3644 3566 
3747 3566 3644 3645 3567 
3748 3567 3645 3646 3568 
3749 3568 3646 3647 3569 
3750 3569 3647 3648 3570 
3751 3570 3648 3649 3571 
3752 3571 3649 3650 3572 
3753 3572 3650 3651 3573 
3754 3573 3651 3652 3574 
3755 3574 3652 3653 3575 
3756 3575 3653 3654 3576 
3757 3576 3654 701 700 
3758 645 646 3655 3577 
3759 3577 3655 3656 3578 
3760 3578 3656 3657 3579 
3761 3579 3657 3658 3580 
3762 3580 3658 3659 3581 
3763 3581 3659 3660 3582 
3764 3582 3660 3661 3583 
3765 3583 3661 3662 3584 
3766 3584 3662 3663 3585 
3767 3585 3663 3664 3586 
3768 3586 3664 3665 3587 
3769 3587 3665 3666 3588 
3770 3588 3666 3667 3589 
3771 3589 3667 3668 3590 
3772 3590 3668 3669 3591 
3773 3591 3669 3670 3592 
3774 3592 3670 3671 3593 
3775 3593 3671 3672 3594 
3776 3594 3672 3673 3595 
3777 3595 3673 3674 3596 
3778 3596 3674 3675 3597 
3779 3597 3675 3676 3598 
3780 3598 3676 3677 3599 
3781 3599 3677 3678 3600 
3782 3600 3678 3679 3601 
3783 3601 3679 3680 3602 
3784 3602 3680 3681 3603 
3785 3603 3681 3682 3604 
3786 3604 3682 3683 3605 
3787 3605 3683 3684 3606 
3788 3606 3684 3685 3607 
3789 3607 3685 3686 3608 
3790 3608 3686 3687 3609 
3791 3609 3687 3688 3610 
3792 3610 3688 3689 3611 
3793 3611 3689 3690 3612 
3794 3612 3690 3691 3613 
3795 3613 3691 3692 3614 
3796 3614 3692 3693 3615 
3797 3615 3693 3694 3616 
3798 3616 3694 3695 3617 
3799 3617 3695 3696 3618 
3800 3618 3696 3697 3619 
3801 3619 3697 3698 3620 
3802 3620 3698 3699 3621 
3803 3621 3699 3700 3622 
3804 3622 3700 3701 3623 
3805 3623 3701 3702 3624 
3806 3624 3702 3703 3625 
3807 3625 3703 3704 3626 
3808 3626 3704 3705 3627 
3809 3627 3705 3706 3628 
3810 3628 3706 3707 3629 
3811 3629 3707 3708 3630 
3812 3630 3708 3709 3631 
3813 3631 3709 3710 3632 
3814 3632 3710 3711 3633 
3815 3633 3711 3712 3634 
3816 3634 3712 3713 3635 
3817 3635 3713 3714 3636 
3818 3636 3714 3715 3637 
3819 3637 3715 3716 3638 
3820 3638 3716 3717 3639 
3821 3639 3717 3718 3640 
3822 3640 3718 3719 3641 
3823 3641 3719 3720 3642 
3824 3642 3720 3721 3643 
3825 3643 3721 3722 3644 
3826 3644 3722 3723 3645 
3827 3645 3723 3724 3646 
3828 3646 3724 3725 3647 
3829 3647 3725 3726 3648 
3830 3648 3726 3727 3649 
3831 3649 3727 3728 3650 
3832 3650 3728 3729 3651 
3833 3651 3729 3730 3652 
3834 3652 3730 3731 3653 
3835 3653 3731 3732 3654 
3836 3654 3732 702 701 
3837 646 647 3733 3655 
3838 3655 3733 3734 3656 
3839 3656 3734 3735 3657 
3840 3657 3735 3736 3658 
3841 3658 3736 3737 3659 
3842 3659 3737 3738 3660 
3843 3660 3738 3739 3661 
3844 3661 3739 3740 3662 
3845 3662 3740 3741 3663 
3846 3663 3741 3742 3664 
3847 3664 3742 3743 3665 
3848 3665 3743 3744 3666 
3849 3666 3744 3745 3667 
3850 3667 3745 3746 3668 
3851 3668 3746 3747 3669 
3852 3669 3747 3748 3670 
3853 3670 3748 3749 3671 
3854 3671 3749 3750 3672 
3855 3672 3750 3751 3673 
3856 3673 3751 3752 3674 
3857 3674 3752 3753 3675 
3858 3675 3753 3754 3676 
3859 3676 3754 3755 3677 
3860 3677 3755 3756 3678 
3861 3678 3756 3757 3679 
3862 3679 3757 3758 3680 
3863 3680 3758 3759 3681 
3864 3681 3759 3760 3682 
3865 3682 3760 3761 3683 
3866 3683 3761 3762 3684 
3867 3684 3762 3763 3685 
3868 3685 3763 3764 3686 
3869 3686 3764 3765 3687 
3870 3687 3765 3766 3688 
3871 3688 3766 3767 3689 
3872 3689 3767 3768 3690 
3873 3690 3768 3769 3691 
3874 3691 3769 3770 3692 
3875 3692 3770 3771 3693 
3876 3693 3771 3772 3694 
3877 3694 3772 3773 3695 
3878 3695 3773 3774 3696 
3879 3696 3774 3775 3697 
3880 3697 3775 3776 3698 
3881 3698 3776 3777 3699 
3882 3699 3777 3778 3700 
3883 3700 3778 3779 3701 
3884 3701 3779 3780 3702 
3885 3702 3780 3781 3703 
3886 3703 3781 3782 3704 
3887 3704 3782 3783 3705 
3888 3705 3783 3784 3706 
3889 3706 3784 3785 3707 
3890 3707 3785 3786 3708 
3891 3708 3786 3787 3709 
3892 3709 3787 3788 3710 
3893 3710 3788 3789 3711 
3894 3711 3789 3790 3712 
3895 3712 3790 3791 3713 
3896 3713 3791 3792 3714 
3897 3714 3792 3793 3715 
3898 3715 3793 3794 3716 
3899 3716 3794 3795 3717 
3900 3717 3795 3796 3718 
3901 3718 3796 3797 3719 
3902 3719 3797 3798 3720 
3903 3720 3798 3799 3721 
3904 3721 3799 3800 3722 
3905 3722 3800 3801 3723 
3906 3723 3801 3802 3724 
3907 3724 3802 3803 3725 
3908 3725 3803 3804 3726 
3909 3726 3804 3805 3727 
3910 3727 3805 3806 3728 
3911 3728 3806 3807 3729 
3912 3729 3807 3808 3730 
3913 3730 3808 3809 3731 
3914 3731 3809 3810 3732 
3915 3732 3810 703 702 
3916 647 648 3811 3733 
3917 3733 3811 3812 3734 
3918 3734 3812 3813 3735 
3919 3735 3813 3814 3736 
3920 3736 3814 3815 3737 
3921 3737 3815 3816 3738 
3922 3738 3816 3817 3739 
3923 3739 3817 3818 3740 
3924 3740 3818 3819 3741 
3925 3741 3819 3820 3742 
3926 3742 3820 3821 3743 
3927 3743 3821 3822 3744 
3928 3744 3822 3823 3745 
3929 3745 3823 3824 3746 
3930 3746 3824 3825 3747 
3931 3747 3825 3826 3748 
3932 3748 3826 3827 3749 
3933 3749 3827 3828 3750 
3934 3750 3828 3829 3751 
3935 3751 3829 3830 3752 
3936 3752 3830 3831 3753 
3937 3753 3831 3832 3754 
3938 3754 3832 3833 3755 
3939 3755 3833 3834 3756 
3940 3756 3834 3835 3757 
3941 3757 3835 3836 3758 
3942 3758 3836 3837 3759 
3943 3759 3837 3838 3760 
3944 3760 3838 3839 3761 
3945 3761 3839 3840 3762 
3946 3762 3840 3841 3763 
3947 3763 3841 3842 3764 
3948 3764 3842 3843 3765 
3949 3765 3843 3844 3766 
3950 3766 3844 3845 3767 
3951 3767 3845 3846 3768 
3952 3768 3846 3847 3769 
3953 3769 3847 3848 3770 
3954 3770 3848 3849 3771 
3955 3771 3849 3850 3772 
3956 3772 3850 3851 3773 
3957 3773 3851 3852 3774 
3958 3774 3852 3853 3775 
3959 3775 3853 3854 3776 
3960 3776 3854 3855 3777 
3961 3777 3855 3856 3778 
3962 3778 3856 3857 3779 
3963 3779 3857 3858 3780 
3964 3780 3858 3859 3781 
3965 3781 3859 3860 3782 
3966 3782 3860 3861 3783 
3967 3783 3861 3862 3784 
3968 3784 3862 3863 3785 
3969 3785 3863 3864 3786 
3970 3786 3864 3865 3787 
3971 3787 3865 3866 3788 
3972 3788 3866 3867 3789 
3973 3789 3867 3868 3790 
3974 3790 3868 3869 3791 
3975 3791 3869 3870 3792 
3976 3792 3870 3871 3793 
3977 3793 3871 3872 3794 
3978 3794 3872 3873 3795 
3979 3795 3873 3874 3796 
3980 3796 3874 3875 3797 
3981 3797 3875 3876 3798 
3982 3798 3876 3877 3799 
3983 3799 3877 3878 3800 
3984 3800 3878 3879 3801 
3985 3801 3879 3880 3802 
3986 3802 3880 3881 3803 
3987 3803 3881 3882 3804 
3988 3804 3882 3883 3805 
3989 3805 3883 3884 3806 
3990 3806 3884 3885 3807 
3991 3807 3885 3886 3808 
3992 3808 3886 3887 3809 
3993 3809 3887 3888 3810 
3994 3810 3888 704 703 
3995 648 4 170 3811 
3996 3811 170 171 3812 
3997 3812 171 172 3813 
3998 3813 172 173 3814 
3999 3814 173 174 3815 
4000 3815 174 175 3816 
4001 3816 175 176 3817 
4002 3817 176 177 3818 
4003 3818 177 178 3819 
4004 3819 178 179 3820 
4005 3820 179 180 3821 
4006 3821 180 181 3822 
4007 3822 181 182 3823 
4008 3823 182 183 3824 
4009 3824 183 184 3825 
4010 3825 184 185 3826 
4011 3826 185 186 3827 
4012 3827 186 187 3828 
4013 3828 187 188 3829 
4014 3829 188 189 3830 
4015 3830 189 190 3831 
4016 3831 190 191 3832 
4017 3832 191 192 3833 
4018 3833 192 193 3834 
4019 3834 193 194 3835 
4020 3835 194 195 3836 
4021 3836 195 196 3837 
4022 3837 196 197 3838 
4023 3838 197 198 3839 
4024 3839 198 199 3840 
4025 3840 199 200 3841 
4026 3841 200 201 3842 
4027 3842 201 202 3843 
4028 3843 202 203 3844 
4029 3844 203 204 3845 
4030 3845 204 205 3846 
4031 3846 205 206 3847 
4032 3847 206 207 3848 
4033 3848 207 208 3849 
4034 3849 208 209 3850 
4035 3850 209 210 3851 
4036 3851 210 211 3852 
4037 3852 211 212 3853 
4038 3853 212 213 3854 
4039 3854 213 214 3855 
4040 3855 214 215 3856 
4041 3856 215 216 3857 
4042 3857 216 217 3858 
4043 3858 217 218 3859 
4044 3859 218 219 3860 
4045 3860 219 220 3861 
4046 3861 220 221 3862 
4047 3862 221 222 3863 
4048 3863 222 223 3864 
4049 3864 223 224 3865 
4050 3865 224 225 3866 
4051 3866 225 226 3867 
4052 3867 226 227 3868 
4053 3868 227 228 3869 
4054 3869 228 229 3870 
4055 3870 229 230 3871 
4056 3871 230 231 3872 
4057 3872 231 232 3873 
4058 3873 232 233 3874 
4059 3874 233 234 3875 
4060 3875 234 235 3876 
4061 3876 235 236 3877 
4062 3877 236 237 3878 
4063 3878 237 238 3879 
4064 3879 238 239 3880 
4065 3880 239 240 3881 
4066 3881 240 241 3882 
4067 3882 241 242 3883 
4068 3883 242 243 3884 
4069 3884 243 244 3885 
4070 3885 244 245 3886 
4071 3886 245 246 3887 
4072 3887 246 247 3888 
4073 3888 247 9 704 
2 3 3 1421
4074 3 677 3889 733 
4075 733 3889 3890 734 
4076 734 3890 3891 735 
4077 735 3891 3892 736 
4078 736 3892 3893 737 
4079 737 3893 3894 738 
4080 738 3894 3895 739 
4081 739 3895 3896 740 
4082 740 3896 3897 741 
4083 741 3897 3898 742 
4084 742 3898 3899 743 
4085 743 3899 3900 744 
4086 744 3900 3901 745 
4087 745 3901 3902 746 
4088 746 3902 3903 747 
4089 747 3903 3904 748 
4090 748 3904 3905 749 
4091 749 3905 3906 750 
4092 750 3906 3907 751 
4093 751 3907 3908 752 
4094 752 3908 3909 753 
4095 753 3909 3910 754 
4096 754 3910 3911 755 
4097 755 3911 3912 756 
4098 756 3912 3913 757 
4099 757 3913 3914 758 
4100 758 3914 3915 759 
4101 759 3915 3916 760 
4102 760 3916 3917 761 
4103 761 3917 3918 762 
4104 762 3918 3919 763 
4105 763 3919 3920 764 
4106 764 3920 3921 765 
4107 765 3921 3922 766 
4108 766 3922 3923 767 
4109 767 3923 3924 768 
4110 768 3924 3925 769 
4111 769 3925 3926 770 
4112 770 3926 3927 771 
4113 771 3927 3928 772 
4114 772 3928 3929 773 
4115 773 3929 3930 774 
4116 774 3930 3931 775 
4117 775 3931 3932 776 
4118 776 3932 3933 777 
4119 777 3933 3934 778 
4120 778 3934 3935 779 
4121 779 3935 3936 780 
4122 780 3936 296 8 
4123 677 678 3937 3889 
4124 3889 3937 3938 3890 
4125 3890 3938 3939 3891 
4126 3891 3939 3940 3892 
4127 3892 3940 3941 3893 
4128 3893 3941 3942 3894 
4129 3894 3942 3943 3895 
4130 3895 3943 3944 3896 
4131 3896 3944 3945 3897 
4132 3897 3945 3946 3898 
4133 3898 3946 3947 3899 
4134 3899 3947 3948 3900 
4135 3900 3948 3949 3901 
4136 3901 3949 3950 3902 
4137 3902 3950 3951 3903 
4138 3903 3951 3952 3904 
4139 3904 3952 3953 3905 
4140 3905 3953 3954 3906 
4141 3906 3954 3955 3907 
4142 3907 3955 3956 3908 
4143 3908 3956 3957 3909 
4144 3909 3957 3958 3910 
4145 3910 3958 3959 3911 
4146 3911 3959 3960 3912 
4147 3912 3960 3961 3913 
4148 3913 3961 3962 3914 
4149 3914 3962 3963 3915 
4150 3915 3963 3964 3916 
4151 3916 3964 3965 3917 
4152 3917 3965 3966 3918 
4153 3918 3966 3967 3919 
4154 3919 3967 3968 3920 
4155 3920 3968 3969 3921 
4156 3921 3969 3970 3922 
4157 3922 3970 3971 3923 
4158 3923 3971 3972 3924 
4159 3924 3972 3973 3925 
4160 3925 3973 3974 3926 
4161 3926 3974 3975 3927 
4162 3927 3975 3976 3928 
4163 3928 3976 3977 3929 
4164 3929 3977 3978 3930 
4165 3930 3978 3979 3931 
4166 3931 3979 3980 3932 
4167 3932 3980 3981 3933 
4168 3933 3981 3982 3934 
4169 3934 3982 3983 3935 
4170 3935 3983 3984 3936 
4171 3936 3984 297 296 
4172 678 679 3985 3937 
4173 3937 3985 3986 3938 
4174 3938 3986 3987 3939 
4175 3939 3987 3988 3940 
4176 3940 3988 3989 3941 
4177 3941 3989 3990 3942 
4178 3942 3990 3991 3943 
4179 3943 3991 3992 3944 
4180 3944 3992 3993 3945 
4181 3945 3993 3994 3946 
4182 3946 3994 3995 3947 
4183 3947 3995 3996 3948 
4184 3948 3996 3997 3949 
4185 3949 3997 3998 3950 
4186 3950 3998 3999 3951 
4187 3951 3999 4000 3952 
4188 3952 4000 4001 3953 
4189 3953 4001 4002 3954 
4190 3954 4002 4003 3955 
4191 3955 4003 4004 3956 
4192 3956 4004 4005 3957 
4193 3957 4005 4006 3958 
4194 3958 4006 4007 3959 
4195 3959 4007 4008 3960 
4196 3960 4008 4009 3961 
4197 3961 4009 4010 3962 
4198 3962 4010 4011 3963 
4199 3963 4011 4012 3964 
4200 3964 4012 4013 3965 
4201 3965 4013 4014 3966 
4202 3966 4014 4015 3967 
4203 3967 4015 4016 3968 
4204 3968 4016 4017 3969 
4205 3969 4017 4018 3970 
4206 3970 4018 4019 3971 
4207 3971 4019 4020 3972 
4208 3972 4020 4021 3973 
4209 3973 4021 4022 3974 
4210 3974 4022 4023 3975 
4211 3975 4023 4024 3976 
4212 3976 4024 4025 3977 
4213 3977 4025 4026 3978 
4214 3978 4026 4027 3979 
4215 3979 4027 4028 3980 
4216 3980 4028 4029 3981 
4217 3981 4029 4030 3982 
4218 3982 4030 4031 3983 
4219 3983 4031 4032 3984 
4220 3984 4032 298 297 
4221 679 680 4033 3985 
4222 3985 4033 4034 3986 
4223 3986 4034 4035 3987 
4224 3987 4035 4036 3988 
4225 3988 4036 4037 3989 
4226 3989 4037 4038 3990 
4227 3990 4038 4039 3991 
4228 3991 4039 4040 3992 
4229 3992 4040 4041 3993 
4230 3993 4041 4042 3994 
4231 3994 4042 4043 3995 
4232 3995 4043 4044 3996 
4233 3996 4044 4045 3997 
4234 3997 4045 4046 3998 
4235 3998 4046 4047 3999 
4236 3999 4047 4048 4000 
4237 4000 4048 4049 4001 
4238 4001 4049 4050 4002 
4239 4002 4050 4051 4003 
4240 4003 4051 4052 4004 
4241 4004 4052 4053 4005 
4242 4005 4053 4054 4006 
4243 4006 4054 4055 4007 
4244 4007 4055 4056 4008 
4245 4008 4056 4057 4009 
4246 4009 4057 4058 4010 
4247 4010 4058 4059 4011 
4248 4011 4059 4060 4012 
4249 4012 4060 4061 4013 
4250 4013 4061 4062 4014 
4251 4014 4062 4063 4015 
4252 4015 4063 4064 4016 
4253 4016 4064 4065 4017 
4254 4017 4065 4066 4018 
4255 4018 4066 4067 4019 
4256 4019 4067 4068 4020 
4257 4020 4068 4069 4021 
4258 4021 4069 4070 4022 
4259 4022 4070 4071 4023 
4260 4023 4071 4072 4024 
4261 4024 4072 4073 4025 
4262 4025 4073 4074 4026 
4263 4026 4074 4075 4027 
4264 4027 4075 4076 4028 
4265 4028 4076 4077 4029 
4266 4029 4077 4078 4030 
4267 4030 4078 4079 4031 
4268 4031 4079 4080 4032 
4269 4032 4080 299 298 
4270 680 681 4081 4033 
4271 4033 4081 4082 4034 
4272 4034 4082 4083 4035 
4273 4035 4083 4084 4036 
4274 4036 4084 4085 4037 
4275 4037 4085 4086 4038 
4276 4038 4086 4087 4039 
4277 4039 4087 4088 4040 
4278 4040 4088 4089 4041 
4279 4041 4089 4090 4042 
4280 4042 4090 4091 4043 
4281 4043 4091 4092 4044 
4282 4044 4092 4093 4045 
4283 4045 4093 4094 4046 
4284 4046 4094 4095 4047 
4285 4047 4095 4096 4048 
4286 4048 4096 4097 4049 
4287 4049 4097 4098 4050 
4288 4050 4098 4099 4051 
4289 4051 4099 4100 4052 
4290 4052 4100 4101 4053 
4291 4053 4101 4102 4054 
4292 4054 4102 4103 4055 
4293 4055 4103 4104 4056 
4294 4056 4104 4105 4057 
4295 4057 4105 4106 4058 
4296 4058 4106 4107 4059 
4297 4059 4107 4108 4060 
4298 4060 4108 4109 4061 
4299 4061 4109 4110 4062 
4300 4062 4110 4111 4063 
4301 4063 4111 4112 4064 
4302 4064 4112 4113 4065 
4303 4065 4113 4114 4066 
4304 4066 4114 4115 4067 
4305 4067 4115 4116 4068 
4306 4068 4116 4117 4069 
4307 4069 4117 4118 4070 
4308 4070 4118 4119 4071 
4309 4071 4119 4120 4072 
4310 4072 4120 4121 4073 
4311 4073 4121 4122 4074 
4312 4074 4122 4123 4075 
4313 4075 4123 4124 4076 
4314 4076 4124 4125 4077 
4315 4077 4125 4126 4078 
4316 4078 4126 4127 4079 
4317 4079 4127 4128 4080 
4318 4080 4128 300 299 
4319 681 682 4129 4081 
4320 4081 4129 4130 4082 
4321 4082 4130 4131 4083 
4322 4083 4131 4132 4084 
4323 4084 4132 4133 4085 
4324 4085 4133 4134 4086 
4325 4086 4134 4135 4087 
4326 4087 4135 4136 4088 
4327 4088 4136 4137 4089 
4328 4089 4137 4138 4090 
4329 4090 4138 4139 4091 
4330 4091 4139 4140 4092 
4331 4092 4140 4141 4093 
4332 4093 4141 4142 4094 
4333 4094 4142 4143 4095 
4334 4095 4143 4144 4096 
4335 4096 4144 4145 4097 
4336 4097 4145 4146 4098 
4337 4098 4146 4147 4099 
4338 4099 4147 4148 4100 
4339 4100 4148 4149 4101 
4340 4101 4149 4150 4102 
4341 4102 4150 4151 4103 
4342 4103 4151 4152 4104 
4343 4104 4152 4153 4105 
4344 4105 4153 4154 4106 
4345 4106 4154 4155 4107 
4346 4107 4155 4156 4108 
4347 4108 4156 4157 4109 
4348 4109 4157 4158 4110 
4349 4110 4158 4159 4111 
4350 4111 4159 4160 4112 
4351 4112 4160 4161 4113 
4352 4113 4161 4162 4114 
4353 4114 4162 4163 4115 
4354 4115 4163 4164 4116 
4355 4116 4164 4165 4117 
4356 4117 4165 4166 4118 
4357 4118 4166 4167 4119 
4358 4119 4167 4168 4120 
4359 4120 4168 4169 4121 
4360 4121 4169 4170 4122 
4361 4122 4170 4171 4123 
4362 4123 4171 4172 4124 
4363 4124 4172 4173 4125 
4364 4125 4173 4174 4126 
4365 4126 4174 4175 4127 
4366 4127 4175 4176 4128 
4367 4128 4176 301 300 
4368 682 683 4177 4129 
4369 4129 4177 4178 4130 
4370 4130 4178 4179 4131 
4371 4131 4179 4180 4132 
4372 4132 4180 4181 4133 
4373 4133 4181 4182 4134 
4374 4134 4182 4183 4135 
4375 4135 4183 4184 4136 
4376 4136 4184 4185 4137 
4377 4137 4185 4186 4138 
4378 4138 4186 4187 4139 
4379 4139 4187 4188 4140 
4380 4140 4188 4189 4141 
4381 4141 4189 4190 4142 
4382 4142 4190 4191 4143 
4383 4143 4191 4192 4144 
4384 4144 4192 4193 4145 
4385 4145 4193 4194 4146 
4386 4146 4194 4195 4147 
4387 4147 4195 4196 4148 
4388 4148 4196 4197 4149 
4389 4149 4197 4198 4150 
4390 4150 4198 4199 4151 
4391 4151 4199 4200 4152 
4392 4152 4200 4201 4153 
4393 4153 4201 4202 4154 
4394 4154 4202 4203 4155 
4395 4155 4203 4204 4156 
4396 4156 4204 4205 4157 
4397 4157 4205 4206 4158 
4398 4158 4206 4207 4159 
4399 4159 4207 4208 4160 
4400 4160 4208 4209 4161 
4401 4161 4209 4210 4162 
4402 4162 4210 4211 4163 
4403 4163 4211 4212 4164 
4404 4164 4212 4213 4165 
4405 4165 4213 4214 4166 
4406 4166 4214 4215 4167 
4407 4167 4215 4216 4168 
4408 4168 4216 4217 4169 
4409 4169 4217 4218 4170 
4410 4170 4218 4219 4171 
4411 4171 4219 4220 4172 
4412 4172 4220 4221 4173 
4413 4173 4221 4222 4174 
4414 4174 4222 4223 4175 
4415 4175 4223 4224 4176 
4416 4176 4224 302 301 
4417 683 684 4225 4177 
4418 4177 4225 4226 4178 
4419 4178 4226 4227 4179 
4420 4179 4227 4228 4180 
4421 4180 4228 4229 4181 
4422 4181 4229 4230 4182 
4423 4182 4230 4231 4183 
4424 4183 4231 4232 4184 
4425 4184 4232 4233 4185 
4426 4185 4233 4234 4186 
4427 4186 4234 4235 4187 
4428 4187 4235 4236 4188 
4429 4188 4236 4237 4189 
4430 4189 4237 4238 4190 
4431 4190 4238 4239 4191 
4432 4191 4239 4240 4192 
4433 4192 4240 4241 4193 
4434 4193 4241 4242 4194 
4435 4194 4242 4243 4195 
4436 4195 4243 4244 4196 
4437 4196 4244 4245 4197 
4438 4197 4245 4246 4198 
4439 4198 4246 4247 4199 
4440 4199 4247 4248 4200 
4441 4200 4248 4249 4201 
4442 4201 4249 4250 4202 
4443 4202 4250 4251 4203 
4444 4203 4251 4252 4204 
4445 4204 4252 4253 4205 
4446 4205 4253 4254 4206 
4447 4206 4254 4255 4207 
4448 4207 4255 4256 4208 
4449 4208 4256 4257 4209 
4450 4209 4257 4258 4210 
4451 4210 4258 4259 4211 
4452 4211 4259 4260 4212 
4453 4212 4260 4261 4213 
4454 4213 4261 4262 4214 
4455 4214 4262 4263 4215 
4456 4215 4263 4264 4216 
4457 4216 4264 4265 4217 
4458 4217 4265 4266 4218 
4459 4218 4266 4267 4219 
4460 4219 4267 4268 4220 
4461 4220 4268 4269 4221 
4462 4221 4269 4270 4222 
4463 4222 4270 4271 4223 
4464 4223 4271 4272 4224 
4465 4224 4272 303 302 
4466 684 685 4273 4225 
4467 4225 4273 4274 4226 
4468 4226 4274 4275 4227 
4469 4227 4275 4276 4228 
4470 4228 4276 4277 4229 
4471 4229 4277 4278 4230 
4472 4230 4278 4279 4231 
4473 4231 4279 4280 4232 
4474 4232 4280 4281 4233 
4475 4233 4281 4282 4234 
4476 4234 4282 4283 4235 
4477 4235 4283 4284 4236 
4478 4236 4284 4285 4237 
4479 4237 4285 4286 4238 
4480 4238 4286 4287 4239 
4481 4239 4287 4288 4240 
4482 4240 4288 4289 4241 
4483 4241 4289 4290 4242 
4484 4242 4290 4291 4243 
4485 4243 4291 4292 4244 
4486 4244 4292 4293 4245 
4487 4245 4293 4294 4246 
4488 4246 4294 4295 4247 
4489 4247 4295 4296 4248 
4490 4248 4296 4297 4249 
4491 4249 4297 4298 4250 
4492 4250 4298 4299 4251 
4493 4251 4299 4300 4252 
4494 4252 4300 4301 4253 
4495 4253 4301 4302 4254 
4496 4254 4302 4303 4255 
4497 4255 4303 4304 4256 
4498 4256 4304 4305 4257 
4499 4257 4305 4306 4258 
4500 4258 4306 4307 4259 
4501 4259 4307 4308 4260 
4502 4260 4308 4309 4261 
4503 4261 4309 4310 4262 
4504 4262 4310 4311 4263 
4505 4263 4311 4312 4264 
4506 4264 4312 4313 4265 
4507 4265 4313 4314 4266 
4508 4266 4314 4315 4267 
4509 4267 4315 4316 4268 
4510 4268 4316 4317 4269 
4511 4269 4317 4318 4270 
4512 4270 4318 4319 4271 
4513 4271 4319 4320 4272 
4514 4272 4320 304 303 
4515 685 686 4321 4273 
4516 4273 4321 4322 4274 
4517 4274 4322 4323 4275 
4518 4275 4323 4324 4276 
4519 4276 4324 4325 4277 
4520 4277 4325 4326 4278 
4521 4278 4326 4327 4279 
4522 4279 4327 4328 4280 
4523 4280 4328 4329 4281 
4524 4281 4329 4330 4282 
4525 4282 4330 4331 4283 
4526 4283 4331 4332 4284 
4527 4284 4332 4333 4285 
4528 4285 4333 4334 4286 
4529 4286 4334 4335 4287 
4530 4287 4335 4336 4288 
4531 4288 4336 4337 4289 
4532 4289 4337 4338 4290 
4533 4290 4338 4339 4291 
4534 4291 4339 4340 4292 
4535 4292 4340 4341 4293 
4536 4293 4341 4342 4294 
4537 4294 4342 4343 4295 
4538 4295 4343 4344 4296 
4539 4296 4344 4345 4297 
4540 4297 4345 4346 4298 
4541 4298 4346 4347 4299 
4542 4299 4347 4348 4300 
4543 4300 4348 4349 4301 
4544 4301 4349 4350 4302 
4545 4302 4350 4351 4303 
4546 4303 4351 4352 4304 
4547 4304 4352 4353 4305 
4548 4305 4353 4354 4306 
4549 4306 4354 4355 4307 
4550 4307 4355 4356 4308 
4551 4308 4356 4357 4309 
4552 4309 4357 4358 4310 
4553 4310 4358 4359 4311 
4554 4311 4359 4360 4312 
4555 4312 4360 4361 4313 
4556 4313 4361 4362 4314 
4557 4314 4362 4363 4315 
4558 4315 4363 4364 4316 
4559 4316 4364 4365 4317 
4560 4317 4365 4366 4318 
4561 4318 4366 4367 4319 
4562 4319 4367 4368 4320 
4563 4320 4368 305 304 
4564 686 687 4369 4321 
4565 4321 4369 4370 4322 
4566 4322 4370 4371 4323 
4567 4323 4371 4372 4324 
4568 4324 4372 4373 4325 
4569 4325 4373 4374 4326 
4570 4326 4374 4375 4327 
4571 4327 4375 4376 4328 
4572 4328 4376 4377 4329 
4573 4329 4377 4378 4330 
4574 4330 4378 4379 4331 
4575 4331 4379 4380 4332 
4576 4332 4380 4381 4333 
4577 4333 4381 4382 4334 
4578 4334 4382 4383 4335 
4579 4335 4383 4384 4336 
4580 4336 4384 4385 4337 
4581 4337 4385 4386 4338 
4582 4338 4386 4387 4339 
4583 4339 4387 4388 4340 
4584 4340 4388 4389 4341 
4585 4341 4389 4390 4342 
4586 4342 4390 4391 4343 
4587 4343 4391 4392 4344 
4588 4344 4392 4393 4345 
4589 4345 4393 4394 4346 
4590 4346 4394 4395 4347 
4591 4347 4395 4396 4348 
4592 4348 4396 4397 4349 
4593 4349 4397 4398 4350 
4594 4350 4398 4399 4351 
4595 4351 4399 4400 4352 
4596 4352 4400 4401 4353 
4597 4353 4401 4402 4354 
4598 4354 4402 4403 4355 
4599 4355 4403 4404 4356 
4600 4356 4404 4405 4357 
4601 4357 4405 4406 4358 
4602 4358 4406 4407 4359 
4603 4359 4407 4408 4360 
4604 4360 4408 4409 4361 
4605 4361 4409 4410 4362 
4606 4362 4410 4411 4363 
4607 4363 4411 4412 4364 
4608 4364 4412 4413 4365 
4609 4365 4413 4414 4366 
4610 4366 4414 4415 4367 
4611 4367 4415 4416 4368 
4612 4368 4416 306 305 
4613 687 688 4417 4369 
4614 4369 4417 4418 4370 
4615 4370 4418 4419 4371 
4616 4371 4419 4420 4372 
4617 4372 4420 4421 4373 
4618 4373 4421 4422 4374 
4619 4374 4422 4423 4375 
4620 4375 4423 4424 4376 
4621 4376 4424 4425 4377 
4622 4377 4425 4426 4378 
4623 4378 4426 4427 4379 
4624 4379 4427 4428 4380 
4625 4380 4428 4429 4381 
4626 4381 4429 4430 4382 
4627 4382 4430 4431 4383 
4628 4383 4431 4432 4384 
4629 4384 4432 4433 4385 
4630 4385 4433 4434 4386 
4631 4386 4434 4435 4387 
4632 4387 4435 4436 4388 
4633 4388 4436 4437 4389 
4634 4389 4437 4438 4390 
4635 4390 4438 4439 4391 
4636 4391 4439 4440 4392 
4637 4392 4440 4441 4393 
4638 4393 4441 4442 4394 
4639 4394 4442 4443 4395 
4640 4395 4443 4444 4396 
4641 4396 4444 4445 4397 
4642 4397 4445 4446 4398 
4643 4398 4446 4447 4399 
4644 4399 4447 4448 4400 
4645 4400 4448 4449 4401 
4646 4401 4449 4450 4402 
4647 4402 4450 4451 4403 
4648 4403 4451 4452 4404 
4649 4404 4452 4453 4405 
4650 4405 4453 4454 4406 
4651 4406 4454 4455 4407 
4652 4407 4455 4456 4408 
4653 4408 4456 4457 4409 
4654 4409 4457 4458 4410 
4655 4410 4458 4459 4411 
4656 4411 4459 4460 4412 
4657 4412 4460 4461 4413 
4658 4413 4461 4462 4414 
4659 4414 4462 4463 4415 
4660 4415 4463 4464 4416 
4661 4416 4464 307 306 
4662 688 689 4465 4417 
4663 4417 4465 4466 4418 
4664 4418 4466 4467 4419 
4665 4419 4467 4468 4420 
4666 4420 4468 4469 4421 
4667 4421 4469 4470 4422 
4668 4422 4470 4471 4423 
4669 4423 4471 4472 4424 
4670 4424 4472 4473 4425 
4671 4425 4473 4474 4426 
4672 4426 4474 4475 4427 
4673 4427 4475 4476 4428 
4674 4428 4476 4477 4429 
4675 4429 4477 4478 4430 
4676 4430 4478 4479 4431 
4677 4431 4479 4480 4432 
4678 4432 4480 4481 4433 
4679 4433 4481 4482 4434 
4680 4434 4482 4483 4435 
4681 4435 4483 4484 4436 
4682 4436 4484 4485 4437 
4683 4437 4485 4486 4438 
4684 4438 4486 4487 4439 
4685 4439 4487 4488 4440 
4686 4440 4488 4489 4441 
4687 4441 4489 4490 4442 
4688 4442 4490 4491 4443 
4689 4443 4491 4492 4444 
4690 4444 4492 4493 4445 
4691 4445 4493 4494 4446 
4692 4446 4494 4495 4447 
4693 4447 4495 4496 4448 
4694 4448 4496 4497 4449 
4695 4449 4497 4498 4450 
4696 4450 4498 4499 4451 
4697 4451 4499 4500 4452 
4698 4452 4500 4501 4453 
4699 4453 4501 4502 4454 
4700 4454 4502 4503 4455 
4701 4455 4503 4504 4456 
4702 4456 4504 4505 4457 
4703 4457 4505 4506 4458 
4704 4458 4506 4507 4459 
4705 4459 4507 4508 4460 
4706 4460 4508 4509 4461 
4707 4461 4509 4510 4462 
4708 4462 4510 4511 4463 
4709 4463 4511 4512 4464 
4710 4464 4512 308 307 
4711 689 690 4513 4465 
4712 4465 4513 4514 4466 
4713 4466 4514 4515 4467 
4714 4467 4515 4516 4468 
4715 4468 4516 4517 4469 
4716 4469 4517 4518 4470 
4717 4470 4518 4519 4471 
4718 4471 4519 4520 4472 
4719 4472 4520 4521 4473 
4720 4473 4521 4522 4474 
4721 4474 4522 4523 4475 
4722 4475 4523 4524 4476 
4723 4476 4524 4525 4477 
4724 4477 4525 4526 4478 
4725 4478 4526 4527 4479 
4726 4479 4527 4528 4480 
4727 4480 4528 4529 4481 
4728 4481 4529 4530 4482 
4729 4482 4530 4531 4483 
4730 4483 4531 4532 4484 
4731 4484 4532 4533 4485 
4732 4485 4533 4534 4486 
4733 4486 4534 4535 4487 
4734 4487 4535 4536 4488 
4735 4488 4536 4537 4489 
4736 4489 4537 4538 4490 
4737 4490 4538 4539 4491 
4738 4491 4539 4540 4492 
4739 4492 4540 4541 4493 
4740 4493 4541 4542 4494 
4741 4494 4542 4543 4495 
4742 4495 4543 4544 4496 
4743 4496 4544 4545 4497 
4744 4497 4545 4546 4498 
4745 4498 4546 4547 4499 
4746 4499 4547 4548 4500 
4747 4500 4548 4549 4501 
4748 4501 4549 4550 4502 
4749 4502 4550 4551 4503 
4750 4503 4551 4552 4504 
4751 4504 4552 4553 4505 
4752 4505 4553 4554 4506 
4753 4506 4554 4555 4507 
4754 4507 4555 4556 4508 
4755 4508 4556 4557 4509 
4756 4509 4557 4558 4510 
4757 4510 4558 4559 4511 
4758 4511 4559 4560 4512 
4759 4512 4560 309 308 
4760 690 691 4561 4513 
4761 4513 4561 4562 4514 
4762 4514 4562 4563 4515 
4763 4515 4563 4564 4516 
4764 4516 4564 4565 4517 
4765 4517 4565 4566 4518 
4766 4518 4566 4567 4519 
4767 4519 4567 4568 4520 
4768 4520 4568 4569 4521 
4769 4521 4569 4570 4522 
4770 4522 4570 4571 4523 
4771 4523 4571 4572 4524 
4772 4524 4572 4573 4525 
4773 4525 4573 4574 4526 
4774 4526 4574 4575 4527 
4775 4527 4575 4576 4528 
4776 4528 4576 4577 4529 
4777 4529 4577 4578 4530 
4778 4530 4578 4579 4531 
4779 4531 4579 4580 4532 
4780 4532 4580 4581 4533 
4781 4533 4581 4582 4534 
4782 4534 4582 4583 4535 
4783 4535 4583 4584 4536 
4784 4536 4584 4585 4537 
4785 4537 4585 4586 4538 
4786 4538 4586 4587 4539 
4787 4539 4587 4588 4540 
4788 4540 4588 4589 4541 
4789 4541 4589 4590 4542 
4790 4542 4590 4591 4543 
4791 4543 4591 4592 4544 
4792 4544 4592 4593 4545 
4793 4545 4593 4594 4546 
4794 4546 4594 4595 4547 
4795 4547 4595 4596 4548 
4796 4548 4596 4597 4549 
4797 4549 4597 4598 4550 
4798 4550 4598 4599 4551 
4799 4551 4599 4600 4552 
4800 4552 4600 4601 4553 
4801 4553 4601 4602 4554 
4802 4554 4602 4603 4555 
4803 4555 4603 4604 4556 
4804 4556 4604 4605 4557 
4805 4557 4605 4606 4558 
4806 4558 4606 4607 4559 
4807 4559 4607 4608 4560 
4808 4560 4608 310 309 
4809 691 692 4609 4561 
4810 4561 4609 4610 4562 
4811 4562 4610 4611 4563 
4812 4563 4611 4612 4564 
4813 4564 4612 4613 4565 
4814 4565 4613 4614 4566 
4815 4566 4614 4615 4567 
4816 4567 4615 4616 4568 
4817 4568 4616 4617 4569 
4818 4569 4617 4618 4570 
4819 4570 4618 4619 4571 
4820 4571 4619 4620 4572 
4821 4572 4620 4621 4573 
4822 4573 4621 4622 4574 
4823 4574 4622 4623 4575 
4824 4575 4623 4624 4576 
4825 4576 4624 4625 4577 
4826 4577 4625 4626 4578 
4827 4578 4626 4627 4579 
4828 4579 4627 4628 4580 
4829 4580 4628 4629 4581 
4830 4581 4629 4630 4582 
4831 4582 4630 4631 4583 
4832 4583 4631 4632 4584 
4833 4584 4632 4633 4585 
4834 4585 4633 4634 4586 
4835 4586 4634 4635 4587 
4836 4587 4635 4636 4588 
4837 4588 4636 4637 4589 
4838 4589 4637 4638 4590 
4839 4590 4638 4639 4591 
4840 4591 4639 4640 4592 
4841 4592 4640 4641 4593 
4842 4593 4641 4642 4594 
4843 4594 4642 4643 4595 
4844 4595 4643 4644 4596 
4845 4596 4644 4645 4597 
4846 4597 4645 4646 4598 
4847 4598 4646 4647 4599 
4848 4599 4647 4648 4600 
4849 4600 4648 4649 4601 
4850 4601 4649 4650 4602 
4851 4602 4650 4651 4603 
4852 4603 4651 4652 4604 
4853 4604 4652 4653 4605 
4854 4605 4653 4654 4606 
4855 4606 4654 4655 4607 
4856 4607 4655 4656 4608 
4857 4608 4656 311 310 
4858 692 693 4657 4609 
4859 4609 4657 4658 4610 
4860 4610 4658 4659 4611 
4861 4611 4659 4660 4612 
4862 4612 4660 4661 4613 
4863 4613 4661 4662 4614 
4864 4614 4662 4663 4615 
4865 4615 4663 4664 4616 
4866 4616 4664 4665 4617 
4867 4617 4665 4666 4618 
4868 4618 4666 4667 4619 
4869 4619 4667 4668 4620 
4870 4620 4668 4669 4621 
4871 4621 4669 4670 4622 
4872 4622 4670 4671 4623 
4873 4623 4671 4672 4624 
4874 4624 4672 4673 4625 
4875 4625 4673 4674 4626 
4876 4626 4674 4675 4627 
4877 4627 4675 4676 4628 
4878 4628 4676 4677 4629 
4879 4629 4677 4678 4630 
4880 4630 4678 4679 4631 
4881 4631 4679 4680 4632 
4882 4632 4680 4681 4633 
4883 4633 4681 4682 4634 
4884 4634 4682 4683 4635 
4885 4635 4683 4684 4636 
4886 4636 4684 4685 4637 
4887 4637 4685 4686 4638 
4888 4638 4686 4687 4639 
4889 4639 4687 4688 4640 
4890 4640 4688 4689 4641 
4891 4641 4689 4690 4642 
4892 4642 4690 4691 4643 
4893 4643 4691 4692 4644 
4894 4644 4692 4693 4645 
4895 4645 4693 4694 4646 
4896 4646 4694 4695 4647 
4897 4647 4695 4696 4648 
4898 4648 4696 4697 4649 
4899 4649 4697 4698 4650 
4900 4650 4698 4699 4651 
4901 4651 4699 4700 4652 
4902 4652 4700 4701 4653 
4903 4653 4701 4702 4654 
4904 4654 4702 4703 4655 
4905 4655 4703 4704 4656 
4906 4656 4704 312 311 
4907 693 694 4705 4657 
4908 4657 4705 4706 4658 
4909 4658 4706 4707 4659 
4910 4659 4707 4708 4660 
4911 4660 4708 4709 4661 
4912 4661 4709 4710 4662 
4913 4662 4710 4711 4663 
4914 4663 4711 4712 4664 
4915 4664 4712 4713 4665 
4916 4665 4713 4714 4666 
4917 4666 4714 4715 4667 
4918 4667 4715 4716 4668 
4919 4668 4716 4717 4669 
4920 4669 4717 4718 4670 
4921 4670 4718 4719 4671 
4922 4671 4719 4720 4672 
4923 4672 4720 4721 4673 
4924 4673 4721 4722 4674 
4925 4674 4722 4723 4675 
4926 4675 4723 4724 4676 
4927 4676 4724 4725 4677 
4928 4677 4725 4726 4678 
4929 4678 4726 4727 4679 
4930 4679 4727 4728 4680 
4931 4680 4728 4729 4681 
4932 4681 4729 4730 4682 
4933 4682 4730 4731 4683 
4934 4683 4731 4732 4684 
4935 4684 4732 4733 4685 
4936 4685 4733 4734 4686 
4937 4686 4734 4735 4687 
4938 4687 4735 4736 4688 
4939 4688 4736 4737 4689 
4940 4689 4737 4738 4690 
4941 4690 4738 4739 4691 
4942 4691 4739 4740 4692 
4943 4692 4740 4741 4693 
4944 4693 4741 4742 4694 
4945 4694 4742 4743 4695 
4946 4695 4743 4744 4696 
4947 4696 4744 4745 4697 
4948 4697 4745 4746 4698 
4949 4698 4746 4747 4699 
4950 4699 4747 4748 4700 
4951 4700 4748 4749 4701 
4952 4701 4749 4750 4702 
4953 4702 4750 4751 4703 
4954 4703 4751 4752 4704 
4955 4704 4752 313 312 
4956 694 695 4753 4705 
4957 4705 4753 4754 4706 
4958 4706 4754 4755 4707 
4959 4707 4755 4756 4708 
4960 4708 4756 4757 4709 
4961 4709 4757 4758 4710 
4962 4710 4758 4759 4711 
4963 4711 4759 4760 4712 
4964 4712 4760 4761 4713 
4965 4713 4761 4762 4714 
4966 4714 4762 4763 4715 
4967 4715 4763 4764 4716 
4968 4716 4764 4765 4717 
4969 4717 4765 4766 4718 
4970 4718 4766 4767 4719 
4971 4719 4767 4768 4720 
4972 4720 4768 4769 4721 
4973 4721 4769 4770 4722 
4974 4722 4770 4771 4723 
4975 4723 4771 4772 4724 
4976 4724 4772 4773 4725 
4977 4725 4773 4774 4726 
4978 4726 4774 4775 4727 
4979 4727 4775 4776 4728 
4980 4728 4776 4777 4729 
4981 4729 4777 4778 4730 
4982 4730 4778 4779 4731 
4983 4731 4779 4780 4732 
4984 4732 4780 4781 4733 
4985 4733 4781 4782 4734 
4986 4734 4782 4783 4735 
4987 4735 4783 4784 4736 
4988 4736 4784 4785 4737 
4989 4737 4785 4786 4738 
4990 4738 4786 4787 4739 
4991 4739 4787 4788 4740 
4992 4740 4788 4789 4741 
4993 4741 4789 4790 4742 
4994 4742 4790 4791 4743 
4995 4743 4791 4792 4744 
4996 4744 4792 4793 4745 
4997 4745 4793 4794 4746 
4998 4746 4794 4795 4747 
4999 4747 4795 4796 4748 
5000 4748 4796 4797 4749 
5001 4749 4797 4798 4750 
5002 4750 4798 4799 4751 
5003 4751 4799 4800 4752 
5004 4752 4800 314 313 
5005 695 696 4801 4753 
5006 4753 4801 4802 4754 
5007 4754 4802 4803 4755 
5008 4755 4803 4804 4756 
5009 4756 4804 4805 4757 
5010 4757 4805 4806 4758 
5011 4758 4806 4807 4759 
5012 4759 4807 4808 4760 
5013 4760 4808 4809 4761 
5014 4761 4809 4810 4762 
5015 4762 4810 4811 4763 
5016 4763 4811 4812 4764 
5017 4764 4812 4813 4765 
5018 4765 4813 4814 4766 
5019 4766 4814 4815 4767 
5020 4767 4815 4816 4768 
5021 4768 4816 4817 4769 
5022 4769 4817 4818 4770 
5023 4770 4818 4819 4771 
5024 4771 4819 4820 4772 
5025 4772 4820 4821 4773 
5026 4773 4821 4822 4774 
5027 4774 4822 4823 4775 
5028 4775 4823 4824 4776 
5029 4776 4824 4825 4777 
5030 4777 4825 4826 4778 
5031 4778 4826 4827 4779 
5032 4779 4827 4828 4780 
5033 4780 4828 4829 4781 
5034 4781 4829 4830 4782 
5035 4782 4830 4831 4783 
5036 4783 4831 4832 4784 
5037 4784 4832 4833 4785 
5038 4785 4833 4834 4786 
5039 4786 4834 4835 4787 
5040 4787 4835 4836 4788 
5041 4788 4836 4837 4789 
5042 4789 4837 4838 4790 
5043 4790 4838 4839 4791 
5044 4791 4839 4840 4792 
5045 4792 4840 4841 4793 
5046 4793 4841 4842 4794 
5047 4794 4842 4843 4795 
5048 4795 4843 4844 4796 
5049 4796 4844 4845 4797 
5050 4797 4845 4846 4798 
5051 4798 4846 4847 4799 
5052 4799 4847 4848 4800 
5053 4800 4848 315 314 
5054 696 697 4849 4801 
5055 4801 4849 4850 4802 
5056 4802 4850 4851 4803 
5057 4803 4851 4852 4804 
5058 4804 4852 4853 4805 
5059 4805 4853 4854 4806 
5060 4806 4854 4855 4807 
5061 4807 4855 4856 4808 
5062 4808 4856 4857 4809 
5063 4809 4857 4858 4810 
5064 4810 4858 4859 4811 
5065 4811 4859 4860 4812 
5066 4812 4860 4861 4813 
5067 4813 4861 4862 4814 
5068 4814 4862 4863 4815 
5069 4815 4863 4864 4816 
5070 4816 4864 4865 4817 
5071 4817 4865 4866 4818 
5072 4818 4866 4867 4819 
5073 4819 4867 4868 4820 
5074 4820 4868 4869 4821 
5075 4821 4869 4870 4822 
5076 4822 4870 4871 4823 
5077 4823 4871 4872 4824 
5078 4824 4872 4873 4825 
5079 4825 4873 4874 4826 
5080 4826 4874 4875 4827 
5081 4827 4875 4876 4828 
5082 4828 4876 4877 4829 
5083 4829 4877 4878 4830 
5084 4830 4878 4879 4831 
5085 4831 4879 4880 4832 
5086 4832 4880 4881 4833 
5087 4833 4881 4882 4834 
5088 4834 4882 4883 4835 
5089 4835 4883 4884 4836 
5090 4836 4884 4885 4837 
5091 4837 4885 4886 4838 
5092 4838 4886 4887 4839 
5093 4839 4887 4888 4840 
5094 4840 4888 4889 4841 
5095 4841 4889 4890 4842 
5096 4842 4890 4891 4843 
5097 4843 4891 4892 4844 
5098 4844 4892 4893 4845 
5099 4845 4893 4894 4846 
5100 4846 4894 4895 4847 
5101 4847 4895 4896 4848 
5102 4848 4896 316 315 
5103 697 698 4897 4849 
5104 4849 4897 4898 4850 
5105 4850 4898 4899 4851 
5106 4851 4899 4900 4852 
5107 4852 4900 4901 4853 
5108 4853 4901 4902 4854 
5109 4854 4902 4903 4855 
5110 4855 4903 4904 4856 
5111 4856 4904 4905 4857 
5112 4857 4905 4906 4858 
5113 4858 4906 4907 4859 
5114 4859 4907 4908 4860 
5115 4860 4908 4909 4861 
5116 4861 4909 4910 4862 
5117 4862 4910 4911 4863 
5118 4863 4911 4912 4864 
5119 4864 4912 4913 4865 
5120 4865 4913 4914 4866 
5121 4866 4914 4915 4867 
5122 4867 4915 4916 4868 
5123 4868 4916 4917 4869 
5124 4869 4917 4918 4870 
5125 4870 4918 4919 4871 
5126 4871 4919 4920 4872 
5127 4872 4920 4921 4873 
5128 4873 4921 4922 4874 
5129 4874 4922 4923 4875 
5130 4875 4923 4924 4876 
5131 4876 4924 4925 4877 
5132 4877 4925 4926 4878 
5133 4878 4926 4927 4879 
5134 4879 4927 4928 4880 
5135 4880 4928 4929 4881 
5136 4881 4929 4930 4882 
5137 4882 4930 4931 4883 
5138 4883 4931 4932 4884 
5139 4884 4932 4933 4885 
5140 4885 4933 4934 4886 
5141 4886 4934 4935 4887 
5142 4887 4935 4936 4888 
5143 4888 4936 4937 4889 
5144 4889 4937 4938 4890 
5145 4890 4938 4939 4891 
5146 4891 4939 4940 4892 
5147 4892 4940 4941 4893 
5148 4893 4941 4942 4894 
5149 4894 4942 4943 4895 
5150 4895 4943 4944 4896 
5151 4896 4944 317 316 
5152 698 699 4945 4897 
5153 4897 4945 4946 4898 
5154 4898 4946 4947 4899 
5155 4899 4947 4948 4900 
5156 4900 4948 4949 4901 
5157 4901 4949 4950 4902 
5158 4902 4950 4951 4903 
5159 4903 4951 4952 4904 
5160 4904 4952 4953 4905 
5161 4905 4953 4954 4906 
5162 4906 4954 4955 4907 
5163 4907 4955 4956 4908 
5164 4908 4956 4957 4909 
5165 4909 4957 4958 4910 
5166 4910 4958 4959 4911 
5167 4911 4959 4960 4912 
5168 4912 4960 4961 4913 
5169 4913 4961 4962 4914 
5170 4914 4962 4963 4915 
5171 4915 4963 4964 4916 
5172 4916 4964 4965 4917 
5173 4917 4965 4966 4918 
5174 4918 4966 4967 4919 
5175 4919 4967 4968 4920 
5176 4920 4968 4969 4921 
5177 4921 4969 4970 4922 
5178 4922 4970 4971 4923 
5179 4923 4971 4972 4924 
5180 4924 4972 4973 4925 
5181 4925 4973 4974 4926 
5182 4926 4974 4975 4927 
5183 4927 4975 4976 4928 
5184 4928 4976 4977 4929 
5185 4929 4977 4978 4930 
5186 4930 4978 4979 4931 
5187 4931 4979 4980 4932 
5188 4932 4980 4981 4933 
5189 4933 4981 4982 4934 
5190 4934 4982 4983 4935 
5191 4935 4983 4984 4936 
5192 4936 4984 4985 4937 
5193 4937 4985 4986 4938 
5194 4938 4986 4987 4939 
5195 4939 4987 4988 4940 
5196 4940 4988 4989 4941 
5197 4941 4989 4990 4942 
5198 4942 4990 4991 4943 
5199 4943 4991 4992 4944 
5200 4944 4992 318 317 
5201 699 700 4993 4945 
5202 4945 4993 4994 4946 
5203 4946 4994 4995 4947 
5204 4947 4995 4996 4948 
5205 4948 4996 4997 4949 
5206 4949 4997 4998 4950 
5207 4950 4998 4999 4951 
5208 4951 4999 5000 4952 
5209 4952 5000 5001 4953 
5210 4953 5001 5002 4954 
5211 4954 5002 5003 4955 
5212 4955 5003 5004 4956 
5213 4956 5004 5005 4957 
5214 4957 5005 5006 4958 
5215 4958 5006 5007 4959 
5216 4959 5007 5008 4960 
5217 4960 5008 5009 4961 
5218 4961 5009 5010 4962 
5219 4962 5010 5011 4963 
5220 4963 5011 5012 4964 
5221 4964 5012 5013 4965 
5222 4965 5013 5014 4966 
5223 4966 5014 5015 4967 
5224 4967 5015 5016 4968 
5225 4968 5016 5017 4969 
5226 4969 5017 5018 4970 
5227 4970 5018 5019 4971 
5228 4971 5019 5020 4972 
5229 4972 5020 5021 4973 
5230 4973 5021 5022 4974 
5231 4974 5022 5023 4975 
5232 4975 5023 5024 4976 
5233 4976 5024 5025 4977 
5234 4977 5025 5026 4978 
5235 4978 5026 5027 4979 
5236 4979 5027 5028 4980 
5237 4980 5028 5029 4981 
5238 4981 5029 5030 4982 
5239 4982 5030 5031 4983 
5240 4983 5031 5032 4984 
5241 4984 5032 5033 4985 
5242 4985 5033 5034 4986 
5243 4986 5034 5035 4987 
5244 4987 5035 5036 4988 
5245 4988 5036 5037 4989 
5246 4989 5037 5038 4990 
5247 4990 5038 5039 4991 
5248 4991 5039 5040 4992 
5249 4992 5040 319 318 
5250 700 701 5041 4993 
5251 4993 5041 5042 4994 
5252 4994 5042 5043 4995 
5253 4995 5043 5044 4996 
5254 4996 5044 5045 4997 
5255 4997 5045 5046 4998 
5256 4998 5046 5047 4999 
5257 4999 5047 5048 5000 
5258 5000 5048 5049 5001 
5259 5001 5049 5050 5002 
5260 5002 5050 5051 5003 
5261 5003 5051 5052 5004 
5262 5004 5052 5053 5005 
5263 5005 5053 5054 5006 
5264 5006 5054 5055 5007 
5265 5007 5055 5056 5008 
5266 5008 5056 5057 5009 
5267 5009 5057 5058 5010 
5268 5010 5058 5059 5011 
5269 5011 5059 5060 5012 
5270 5012 5060 5061 5013 
5271 5013 5061 5062 5014 
5272 5014 5062 5063 5015 
5273 5015 5063 5064 5016 
5274 5016 5064 5065 5017 
5275 5017 5065 5066 5018 
5276 5018 5066 5067 5019 
5277 5019 5067 5068 5020 
5278 5020 5068 5069 5021 
5279 5021 5069 5070 5022 
5280 5022 5070 5071 5023 
5281 5023 5071 5072 5024 
5282 5024 5072 5073 5025 
5283 5025 5073 5074 5026 
5284 5026 5074 5075 5027 
5285 5027 5075 5076 5028 
5286 5028 5076 5077 5029 
5287 5029 5077 5078 5030 
5288 5030 5078 5079 5031 
5289 5031 5079 5080 5032 
5290 5032 5080 5081 5033 
5291 5033 5081 5082 5034 
5292 5034 5082 5083 5035 
5293 5035 5083 5084 5036 
5294 5036 5084 5085 5037 
5295 5037 5085 5086 5038 
5296 5038 5086 5087 5039 
5297 5039 5087 5088 5040 
5298 5040 5088 320 319 
5299 701 702 5089 5041 
5300 5041 5089 5090 5042 
5301 5042 5090 5091 5043 
5302 5043 5091 5092 5044 
5303 5044 5092 5093 5045 
5304 5045 5093 5094 5046 
5305 5046 5094 5095 5047 
5306 5047 5095 5096 5048 
5307 5048 5096 5097 5049 
5308 5049 5097 5098 5050 
5309 5050 5098 5099 5051 
5310 5051 5099 5100 5052 
5311 5052 5100 5101 5053 
5312 5053 5101 5102 5054 
5313 5054 5102 5103 5055 
5314 5055 5103 5104 5056 
5315 5056 5104 5105 5057 
5316 5057 5105 5106 5058 
5317 5058 5106 5107 5059 
5318 5059 5107 5108 5060 
5319 5060 5108 5109 5061 
5320 5061 5109 5110 5062 
5321 5062 5110 5111 5063 
5322 5063 5111 5112 5064 
5323 5064 5112 5113 5065 
5324 5065 5113 5114 5066 
5325 5066 5114 5115 5067 
5326 5067 5115 5116 5068 
5327 5068 5116 5117 5069 
5328 5069 5117 5118 5070 
5329 5070 5118 5119 5071 
5330 5071 5119 5120 5072 
5331 5072 5120 5121 5073 
5332 5073 5121 5122 5074 
5333 5074 5122 5123 5075 
5334 5075 5123 5124 5076 
5335 5076 5124 5125 5077 
5336 5077 5125 5126 5078 
5337 5078 5126 5127 5079 
5338 5079 5127 5128 5080 
5339 5080 5128 5129 5081 
5340 5081 5129 5130 5082 
5341 5082 5130 5131 5083 
5342 5083 5131 5132 5084 
5343 5084 5132 5133 5085 
5344 5085 5133 5134 5086 
5345 5086 5134 5135 5087 
5346 5087 5135 5136 5088 
5347 5088 5136 321 320 
5348 702 703 5137 5089 
5349 5089 5137 5138 5090 
5350 5090 5138 5139 5091 
5351 5091 5139 5140 5092 
5352 5092 5140 5141 5093 
5353 5093 5141 5142 5094 
5354 5094 5142 5143 5095 
5355 5095 5143 5144 5096 
5356 5096 5144 5145 5097 
5357 5097 5145 5146 5098 
5358 5098 5146 5147 5099 
5359 5099 5147 5148 5100 
5360 5100 5148 5149 5101 
5361 5101 5149 5150 5102 
5362 5102 5150 5151 5103 
5363 5103 5151 5152 5104 
5364 5104 5152 5153 5105 
5365 5105 5153 5154 5106 
5366 5106 5154 5155 5107 
5367 5107 5155 5156 5108 
5368 5108 5156 5157 5109 
5369 5109 5157 5158 5110 
5370 5110 5158 5159 5111 
5371 5111 5159 5160 5112 
5372 5112 5160 5161 5113 
5373 5113 5161 5162 5114 
5374 5114 5162 5163 5115 
5375 5115 5163 5164 5116 
5376 5116 5164 5165 5117 
5377 5117 5165 5166 5118 
5378 5118 5166 5167 5119 
5379 5119 5167 5168 5120 
5380 5120 5168 5169 5121 
5381 5121 5169 5170 5122 
5382 5122 5170 5171 5123 
5383 5123 5171 5172 5124 
5384 5124 5172 5173 5125 
5385 5125 5173 5174 5126 
5386 5126 5174 5175 5127 
5387 5127 5175 5176 5128 
5388 5128 5176 5177 5129 
5389 5129 5177 5178 5130 
5390 5130 5178 5179 5131 
5391 5131 5179 5180 5132 
5392 5132 5180 5181 5133 
5393 5133 5181 5182 5134 
5394 5134 5182 5183 5135 
5395 5135 5183 5184 5136 
5396 5136 5184 322 321 
5397 703 704 5185 5137 
5398 5137 5185 5186 5138 
5399 5138 5186 5187 5139 
5400 5139 5187 5188 5140 
5401 5140 5188 5189 5141 
5402 5141 5189 5190 5142 
5403 5142 5190 5191 5143 
5404 5143 5191 5192 5144 
5405 5144 5192 5193 5145 
5406 5145 5193 5194 5146 
5407 5146 5194 5195 5147 
5408 5147 5195 5196 5148 
5409 5148 5196 5197 5149 
5410 5149 5197 5198 5150 
5411 5150 5198 5199 5151 
5412 5151 5199 5200 5152 
5413 5152 5200 5201 5153 
5414 5153 5201 5202 5154 
5415 5154 5202 5203 5155 
5416 5155 5203 5204 5156 
5417 5156 5204 5205 5157 
5418 5157 5205 5206 5158 
5419 5158 5206 5207 5159 
5420 5159 5207 5208 5160 
5421 5160 5208 5209 5161 
5422 5161 5209 5210 5162 
5423 5162 5210 5211 5163 
5424 5163 5211 5212 5164 
5425 5164 5212 5213 5165 
5426 5165 5213 5214 5166 
5427 5166 5214 5215 5167 
5428 5167 5215 5216 5168 
5429 5168 5216 5217 5169 
5430 5169 5217 5218 5170 
5431 5170 5218 5219 5171 
5432 5171 5219 5220 5172 
5433 5172 5220 5221 5173 
5434 5173 5221 5222 5174 
5435 5174 5222 5223 5175 
5436 5175 5223 5224 5176 
5437 5176 5224 5225 5177 
5438 5177 5225 5226 5178 
5439 5178 5226 5227 5179 
5440 5179 5227 5228 5180 
5441 5180 5228 5229 5181 
5442 5181 5229 5230 5182 
5443 5182 5230 5231 5183 
5444 5183 5231 5232 5184 
5445 5184 5232 323 322 
5446 704 9 248 5185 
5447 5185 248 249 5186 
5448 5186 249 250 5187 
5449 5187 250 251 5188 
5450 5188 251 252 5189 
5451 5189 252 253 5190 
5452 5190 253 254 5191 
5453 5191 254 255 5192 
5454 5192 255 256 5193 
5455 5193 256 257 5194 
5456 5194 257 258 5195 
5457 5195 258 259 5196 
5458 5196 259 260 5197 
5459 5197 260 261 5198 
5460 5198 261 262 5199 
5461 5199 262 263 5200 
5462 5200 263 264 5201 
5463 5201 264 265 5202 
5464 5202 265 266 5203 
5465 5203 266 267 5204 
5466 5204 267 268 5205 
5467 5205 268 269 5206 
5468 5206 269 270 5207 
5469 5207 270 271 5208 
5470 5208 271 272 5209 
5471 5209 272 273 5210 
5472 5210 273 274 5211 
5473 5211 274 275 5212 
5474 5212 275 276 5213 
5475 5213 276 277 5214 
5476 5214 277 278 5215 
5477 5215 278 279 5216 
5478 5216 279 280 5217 
5479 5217 280 281 5218 
5480 5218 281 282 5219 
5481 5219 282 283 5220 
5482 5220 283 284 5221 
5483 5221 284 285 5222 
5484 5222 285 286 5223 
5485 5223 286 287 5224 
5486 5224 287 288 5225 
5487 5225 288 289 5226 
5488 5226 289 290 5227 
5489 5227 290 291 5228 
5490 5228 291 292 5229 
5491 5229 292 293 5230 
5492 5230 293 294 5231 
5493 5231 294 295 5232 
5494 5232 295 7 323 
2 4 3 1421
5495 3 733 5233 705 
5496 705 5233 5234 706 
5497 706 5234 5235 707 
5498 707 5235 5236 708 
5499 708 5236 5237 709 
5500 709 5237 5238 710 
5501 710 5238 5239 711 
5502 711 5239 5240 712 
5503 712 5240 5241 713 
5504 713 5241 5242 714 
5505 714 5242 5243 715 
5506 715 5243 5244 716 
5507 716 5244 5245 717 
5508 717 5245 5246 718 
5509 718 5246 5247 719 
5510 719 5247 5248 720 
5511 720 5248 5249 721 
5512 721 5249 5250 722 
5513 722 5250 5251 723 
5514 723 5251 5252 724 
5515 724 5252 5253 725 
5516 725 5253 5254 726 
5517 726 5254 5255 727 
5518 727 5255 5256 728 
5519 728 5256 5257 729 
5520 729 5257 5258 730 
5521 730 5258 5259 731 
5522 731 5259 5260 732 
5523 732 5260 122 10 
5524 733 734 5261 5233 
5525 5233 5261 5262 5234 
5526 5234 5262 5263 5235 
5527 5235 5263 5264 5236 
5528 5236 5264 5265 5237 
5529 5237 5265 5266 5238 
5530 5238 5266 5267 5239 
5531 5239 5267 5268 5240 
5532 5240 5268 5269 5241 
5533 5241 5269 5270 5242 
5534 5242 5270 5271 5243 
5535 5243 5271 5272 5244 
5536 5244 5272 5273 5245 
5537 5245 5273 5274 5246 
5538 5246 5274 5275 5247 
5539 5247 5275 5276 5248 
5540 5248 5276 5277 5249 
5541 5249 5277 5278 5250 
5542 5250 5278 5279 5251 
5543 5251 5279 5280 5252 
5544 5252 5280 5281 5253 
5545 5253 5281 5282 5254 
5546 5254 5282 5283 5255 
5547 5255 5283 5284 5256 
5548 5256 5284 5285 5257 
5549 5257 5285 5286 5258 
5550 5258 5286 5287 5259 
5551 5259 5287 5288 5260 
5552 5260 5288 123 122 
5553 734 735 5289 5261 
5554 5261 5289 5290 5262 
5555 5262 5290 5291 5263 
5556 5263 5291 5292 5264 
5557 5264 5292 5293 5265 
5558 5265 5293 5294 5266 
5559 5266 5294 5295 5267 
5560 5267 5295 5296 5268 
5561 5268 5296 5297 5269 
5562 5269 5297 5298 5270 
5563 5270 5298 5299 5271 
5564 5271 5299 5300 5272 
5565 5272 5300 5301 5273 
5566 5273 5301 5302 5274 
5567 5274 5302 5303 5275 
5568 5275 5303 5304 5276 
5569 5276 5304 5305 5277 
5570 5277 5305 5306 5278 
5571 5278 5306 5307 5279 
5572 5279 5307 5308 5280 
5573 5280 5308 5309 5281 
5574 5281 5309 5310 5282 
5575 5282 5310 5311 5283 
5576 5283 5311 5312 5284 
5577 5284 5312 5313 5285 
5578 5285 5313 5314 5286 
5579 5286 5314 5315 5287 
5580 5287 5315 5316 5288 
5581 5288 5316 124 123 
5582 735 736 5317 5289 
5583 5289 5317 5318 5290 
5584 5290 5318 5319 5291 
5585 5291 5319 5320 5292 
5586 5292 5320 5321 5293 
5587 5293 5321 5322 5294 
5588 5294 5322 5323 5295 
5589 5295 5323 5324 5296 
5590 5296 5324 5325 5297 
5591 5297 5325 5326 5298 
5592 5298 5326 5327 5299 
5593 5299 5327 5328 5300 
5594 5300 5328 5329 5301 
5595 5301 5329 5330 5302 
5596 5302 5330 5331 5303 
5597 5303 5331 5332 5304 
5598 5304 5332 5333 5305 
5599 5305 5333 5334 5306 
5600 5306 5334 5335 5307 
5601 5307 5335 5336 5308 
5602 5308 5336 5337 5309 
5603 5309 5337 5338 5310 
5604 5310 5338 5339 5311 
5605 5311 5339 5340 5312 
5606 5312 5340 5341 5313 
5607 5313 5341 5342 5314 
5608 5314 5342 5343 5315 
5609 5315 5343 5344 5316 
5610 5316 5344 125 124 
5611 736 737 5345 5317 
5612 5317 5345 5346 5318 
5613 5318 5346 5347 5319 
5614 5319 5347 5348 5320 
5615 5320 5348 5349 5321 
5616 5321 5349 5350 5322 
5617 5322 5350 5351 5323 
5618 5323 5351 5352 5324 
5619 5324 5352 5353 5325 
5620 5325 5353 5354 5326 
5621 5326 5354 5355 5327 
5622 5327 5355 5356 5328 
5623 5328 5356 5357 5329 
5624 5329 5357 5358 5330 
5625 5330 5358 5359 5331 
5626 5331 5359 5360 5332 
5627 5332 5360 5361 5333 
5628 5333 5361 5362 5334 
5629 5334 5362 5363 5335 
5630 5335 5363 5364 5336 
5631 5336 5364 5365 5337 
5632 5337 5365 5366 5338 
5633 5338 5366 5367 5339 
5634 5339 5367 5368 5340 
5635 5340 5368 5369 5341 
5636 5341 5369 5370 5342 
5637 5342 5370 5371 5343 
5638 5343 5371 5372 5344 
5639 5344 5372 126 125 
5640 737 738 5373 5345 
5641 5345 5373 5374 5346 
5642 5346 5374 5375 5347 
5643 5347 5375 5376 5348 
5644 5348 5376 5377 5349 
5645 5349 5377 5378 5350 
5646 5350 5378 5379 5351 
5647 5351 5379 5380 5352 
5648 5352 5380 5381 5353 
5649 5353 5381 5382 5354 
5650 5354 5382 5383 5355 
5651 5355 5383 5384 5356 
5652 5356 5384 5385 5357 
5653 5357 5385 5386 5358 
5654 5358 5386 5387 5359 
5655 5359 5387 5388 5360 
5656 5360 5388 5389 5361 
5657 5361 5389 5390 5362 
5658 5362 5390 5391 5363 
5659 5363 5391 5392 5364 
5660 5364 5392 5393 5365 
5661 5365 5393 5394 5366 
5662 5366 5394 5395 5367 
5663 5367 5395 5396 5368 
5664 5368 5396 5397 5369 
5665 5369 5397 5398 5370 
5666 5370 5398 5399 5371 
5667 5371 5399 5400 5372 
5668 5372 5400 127 126 
5669 738 739 5401 5373 
5670 5373 5401 5402 5374 
5671 5374 5402 5403 5375 
5672 5375 5403 5404 5376 
5673 5376 5404 5405 5377 
5674 5377 5405 5406 5378 
5675 5378 5406 5407 5379 
5676 5379 5407 5408 5380 
5677 5380 5408 5409 5381 
5678 5381 5409 5410 5382 
5679 5382 5410 5411 5383 
5680 5383 5411 5412 5384 
5681 5384 5412 5413 5385 
5682 5385 5413 5414 5386 
5683 5386 5414 5415 5387 
5684 5387 5415 5416 5388 
5685 5388 5416 5417 5389 
5686 5389 5417 5418 5390 
5687 5390 5418 5419 5391 
5688 5391 5419 5420 5392 
5689 5392 5420 5421 5393 
5690 5393 5421 5422 5394 
5691 5394 5422 5423 5395 
5692 5395 5423 5424 5396 
5693 5396 5424 5425 5397 
5694 5397 5425 5426 5398 
5695 5398 5426 5427 5399 
5696 5399 5427 5428 5400 
5697 5400 5428 128 127 
5698 739 740 5429 5401 
5699 5401 5429 5430 5402 
5700 5402 5430 5431 5403 
5701 5403 5431 5432 5404 
5702 5404 5432 5433 5405 
5703 5405 5433 5434 5406 
5704 5406 5434 5435 5407 
5705 5407 5435 5436 5408 
5706 5408 5436 5437 5409 
5707 5409 5437 5438 5410 
5708 5410 5438 5439 5411 
5709 5411 5439 5440 5412 
5710 5412 5440 5441 5413 
5711 5413 5441 5442 5414 
5712 5414 5442 5443 5415 
5713 5415 5443 5444 5416 
5714 5416 5444 5445 5417 
5715 5417 5445 5446 5418 
5716 5418 5446 5447 5419 
5717 5419 5447 5448 5420 
5718 5420 5448 5449 5421 
5719 5421 5449 5450 5422 
5720 5422 5450 5451 5423 
5721 5423 5451 5452 5424 
5722 5424 5452 5453 5425 
5723 5425 5453 5454 5426 
5724 5426 5454 5455 5427 
5725 5427 5455 5456 5428 
5726 5428 5456 129 128 
5727 740 741 5457 5429 
5728 5429 5457 5458 5430 
5729 5430 5458 5459 5431 
5730 5431 5459 5460 5432 
5731 5432 5460 5461 5433 
5732 5433 5461 5462 5434 
5733 5434 5462 5463 5435 
5734 5435 5463 5464 5436 
5735 5436 5464 5465 5437 
5736 5437 5465 5466 5438 
5737 5438 5466 5467 5439 
5738 5439 5467 5468 5440 
5739 5440 5468 5469 5441 
5740 5441 5469 5470 5442 
5741 5442 5470 5471 5443 
5742 5443 5471 5472 5444 
5743 5444 5472 5473 5445 
5744 5445 5473 5474 5446 
5745 5446 5474 5475 5447 
5746 5447 5475 5476 5448 
5747 5448 5476 5477 5449 
5748 5449 5477 5478 5450 
5749 5450 5478 5479 5451 
5750 5451 5479 5480 5452 
5751 5452 5480 5481 5453 
5752 5453 5481 5482 5454 
5753 5454 5482 5483 5455 
5754 5455 5483 5484 5456 
5755 5456 5484 130 129 
5756 741 742 5485 5457 
5757 5457 5485 5486 5458 
5758 5458 5486 5487 5459 
5759 5459 5487 5488 5460 
5760 5460 5488 5489 5461 
5761 5461 5489 5490 5462 
5762 5462 5490 5491 5463 
5763 5463 5491 5492 5464 
5764 5464 5492 5493 5465 
5765 5465 5493 5494 5466 
5766 5466 5494 5495 5467 
5767 5467 5495 5496 5468 
5768 5468 5496 5497 5469 
5769 5469 5497 5498 5470 
5770 5470 5498 5499 5471 
5771 5471 5499 5500 5472 
5772 5472 5500 5501 5473 
5773 5473 5501 5502 5474 
5774 5474 5502 5503 5475 
5775 5475 5503 5504 5476 
5776 5476 5504 5505 5477 
5777 5477 5505 5506 5478 
5778 5478 5506 5507 5479 
5779 5479 5507 5508 5480 
5780 5480 5508 5509 5481 
5781 5481 5509 5510 5482 
5782 5482 5510 5511 5483 
5783 5483 5511 5512 5484 
5784 5484 5512 131 130 
5785 742 743 5513 5485 
5786 5485 5513 5514 5486 
5787 5486 5514 5515 5487 
5788 5487 5515 5516 5488 
5789 5488 5516 5517 5489 
5790 5489 5517 5518 5490 
5791 5490 5518 5519 5491 
5792 5491 5519 5520 5492 
5793 5492 5520 5521 5493 
5794 5493 5521 5522 5494 
5795 5494 5522 5523 5495 
5796 5495 5523 5524 5496 
5797 5496 5524 5525 5497 
5798 5497 5525 5526 5498 
5799 5498 5526 5527 5499 
5800 5499 5527 5528 5500 
5801 5500 5528 5529 5501 
5802 5501 5529 5530 5502 
5803 5502 5530 5531 5503 
5804 5503 5531 5532 5504 
5805 5504 5532 5533 5505 
5806 5505 5533 5534 5506 
5807 5506 5534 5535 5507 
5808 5507 5535 5536 5508 
5809 5508 5536 5537 5509 
5810 5509 5537 5538 5510 
5811 5510 5538 5539 5511 
5812 5511 5539 5540 5512 
5813 5512 5540 132 131 
5814 743 744 5541 5513 
5815 5513 5541 5542 5514 
5816 5514 5542 5543 5515 
5817 5515 5543 5544 5516 
5818 5516 5544 5545 5517 
5819 5517 5545 5546 5518 
5820 5518 5546 5547 5519 
5821 5519 5547 5548 5520 
5822 5520 5548 5549 5521 
5823 5521 5549 5550 5522 
5824 5522 5550 5551 5523 
5825 5523 5551 5552 5524 
5826 5524 5552 5553 5525 
5827 5525 5553 5554 5526 
5828 5526 5554 5555 5527 
5829 5527 5555 5556 5528 
5830 5528 5556 5557 5529 
5831 5529 5557 5558 5530 
5832 5530 5558 5559 5531 
5833 5531 5559 5560 5532 
5834 5532 5560 5561 5533 
5835 5533 5561 5562 5534 
5836 5534 5562 5563 5535 
5837 5535 5563 5564 5536 
5838 5536 5564 5565 5537 
5839 5537 5565 5566 5538 
5840 5538 5566 5567 5539 
5841 5539 5567 5568 5540 
5842 5540 5568 133 132 
5843 744 745 5569 5541 
5844 5541 5569 5570 5542 
5845 5542 5570 5571 5543 
5846 5543 5571 5572 5544 
5847 5544 5572 5573 5545 
5848 5545 5573 5574 5546 
5849 5546 5574 5575 5547 
5850 5547 5575 5576 5548 
5851 5548 5576 5577 5549 
5852 5549 5577 5578 5550 
5853 5550 5578 5579 5551 
5854 5551 5579 5580 5552 
5855 5552 5580 5581 5553 
5856 5553 5581 5582 5554 
5857 5554 5582 5583 5555 
5858 5555 5583 5584 5556 
5859 5556 5584 5585 5557 
5860 5557 5585 5586 5558 
5861 5558 5586 5587 5559 
5862 5559 5587 5588 5560 
5863 5560 5588 5589 5561 
5864 5561 5589 5590 5562 
5865 5562 5590 5591 5563 
5866 5563 5591 5592 5564 
5867 5564 5592 5593 5565 
5868 5565 5593 5594 5566 
5869 5566 5594 5595 5567 
5870 5567 5595 5596 5568 
5871 5568 5596 134 133 
5872 745 746 5597 5569 
5873 5569 5597 5598 5570 
5874 5570 5598 5599 5571 
5875 5571 5599 5600 5572 
5876 5572 5600 5601 5573 
5877 5573 5601 5602 5574 
5878 5574 5602 5603 5575 
5879 5575 5603 5604 5576 
5880 5576 5604 5605 5577 
5881 5577 5605 5606 5578 
5882 5578 5606 5607 5579 
5883 5579 5607 5608 5580 
5884 5580 5608 5609 5581 
5885 5581 5609 5610 5582 
5886 5582 5610 5611 5583 
5887 5583 5611 5612 5584 
5888 5584 5612 5613 5585 
5889 5585 5613 5614 5586 
5890 5586 5614 5615 5587 
5891 5587 5615 5616 5588 
5892 5588 5616 5617 5589 
5893 5589 5617 5618 5590 
5894 5590 5618 5619 5591 
5895 5591 5619 5620 5592 
5896 5592 5620 5621 5593 
5897 5593 5621 5622 5594 
5898 5594 5622 5623 5595 
5899 5595 5623 5624 5596 
5900 5596 5624 135 134 
5901 746 747 5625 5597 
5902 5597 5625 5626 5598 
5903 5598 5626 5627 5599 
5904 5599 5627 5628 5600 
5905 5600 5628 5629 5601 
5906 5601 5629 5630 5602 
5907 5602 5630 5631 5603 
5908 5603 5631 5632 5604 
5909 5604 5632 5633 5605 
5910 5605 5633 5634 5606 
5911 5606 5634 5635 5607 
5912 5607 5635 5636 5608 
5913 5608 5636 5637 5609 
5914 5609 5637 5638 5610 
5915 5610 5638 5639 5611 
5916 5611 5639 5640 5612 
5917 5612 5640 5641 5613 
5918 5613 5641 5642 5614 
5919 5614 5642 5643 5615 
5920 5615 5643 5644 5616 
5921 5616 5644 5645 5617 
5922 5617 5645 5646 5618 
5923 5618 5646 5647 5619 
5924 5619 5647 5648 5620 
5925 5620 5648 5649 5621 
5926 5621 5649 5650 5622 
5927 5622 5650 5651 5623 
5928 5623 5651 5652 5624 
5929 5624 5652 136 135 
5930 747 748 5653 5625 
5931 5625 5653 5654 5626 
5932 5626 5654 5655 5627 
5933 5627 5655 5656 5628 
5934 5628 5656 5657 5629 
5935 5629 5657 5658 5630 
5936 5630 5658 5659 5631 
5937 5631 5659 5660 5632 
5938 5632 5660 5661 5633 
5939 5633 5661 5662 5634 
5940 5634 5662 5663 5635 
5941 5635 5663 5664 5636 
5942 5636 5664 5665 5637 
5943 5637 5665 5666 5638 
5944 5638 5666 5667 5639 
5945 5639 5667 5668 5640 
5946 5640 5668 5669 5641 
5947 5641 5669 5670 5642 
5948 5642 5670 5671 5643 
5949 5643 5671 5672 5644 
5950 5644 5672 5673 5645 
5951 5645 5673 5674 5646 
5952 5646 5674 5675 5647 
5953 5647 5675 5676 5648 
5954 5648 5676 5677 5649 
5955 5649 5677 5678 5650 
5956 5650 5678 5679 5651 
5957 5651 5679 5680 5652 
5958 5652 5680 137 136 
5959 748 749 5681 5653 
5960 5653 5681 5682 5654 
5961 5654 5682 5683 5655 
5962 5655 5683 5684 5656 
5963 5656 5684 5685 5657 
5964 5657 5685 5686 5658 
5965 5658 5686 5687 5659 
5966 5659 5687 5688 5660 
5967 5660 5688 5689 5661 
5968 5661 5689 5690 5662 
5969 5662 5690 5691 5663 
5970 5663 5691 5692 5664 
5971 5664 5692 5693 5665 
5972 5665 5693 5694 5666 
5973 5666 5694 5695 5667 
5974 5667 5695 5696 5668 
5975 5668 5696 5697 5669 
5976 5669 5697 5698 5670 
5977 5670 5698 5699 5671 
5978 5671 5699 5700 5672 
5979 5672 5700 5701 5673 
5980 5673 5701 5702 5674 
5981 5674 5702 5703 5675 
5982 5675 5703 5704 5676 
5983 5676 5704 5705 5677 
5984 5677 5705 5706 5678 
5985 5678 5706 5707 5679 
5986 5679 5707 5708 5680 
5987 5680 5708 138 137 
5988 749 750 5709 5681 
5989 5681 5709 5710 5682 
5990 5682 5710 5711 5683 
5991 5683 5711 5712 5684 
5992 5684 5712 5713 5685 
5993 5685 5713 5714 5686 
5994 5686 5714 5715 5687 
5995 5687 5715 5716 5688 
5996 5688 5716 5717 5689 
5997 5689 5717 5718 5690 
5998 5690 5718 5719 5691 
5999 5691 5719 5720 5692 
6000 5692 5720 5721 5693 
6001 5693 5721 5722 5694 
6002 5694 5722 5723 5695 
6003 5695 5723 5724 5696 
6004 5696 5724 5725 5697 
6005 5697 5725 5726 5698 
6006 5698 5726 5727 5699 
6007 5699 5727 5728 5700 
6008 5700 5728 5729 5701 
6009 5701 5729 5730 5702 
6010 5702 5730 5731 5703 
6011 5703 5731 5732 5704 
6012 5704 5732 5733 5705 
6013 5705 5733 5734 5706 
6014 5706 5734 5735 5707 
6015 5707 5735 5736 5708 
6016 5708 5736 139 138 
6017 750 751 5737 5709 
6018 5709 5737 5738 5710 
6019 5710 5738 5739 5711 
6020 5711 5739 5740 5712 
6021 5712 5740 5741 5713 
6022 5713 5741 5742 5714 
6023 5714 5742 5743 5715 
6024 5715 5743 5744 5716 
6025 5716 5744 5745 5717 
6026 5717 5745 5746 5718 
6027 5718 5746 5747 5719 
6028 5719 5747 5748 5720 
6029 5720 5748 5749 5721 
6030 5721 5749 5750 5722 
6031 5722 5750 5751 5723 
6032 5723 5751 5752 5724 
6033 5724 5752 5753 5725 
6034 5725 5753 5754 5726 
6035 5726 5754 5755 5727 
6036 5727 5755 5756 5728 
6037 5728 5756 5757 5729 
6038 5729 5757 5758 5730 
6039 5730 5758 5759 5731 
6040 5731 5759 5760 5732 
6041 5732 5760 5761 5733 
6042 5733 5761 5762 5734 
6043 5734 5762 5763 5735 
6044 5735 5763 5764 5736 
6045 5736 5764 140 139 
6046 751 752 5765 5737 
6047 5737 5765 5766 5738 
6048 5738 5766 5767 5739 
6049 5739 5767 5768 5740 
6050 5740 5768 5769 5741 
6051 5741 5769 5770 5742 
6052 5742 5770 5771 5743 
6053 5743 5771 5772 5744 
6054 5744 5772 5773 5745 
6055 5745 5773 5774 5746 
6056 5746 5774 5775 5747 
6057 5747 5775 5776 5748 
6058 5748 5776 5777 5749 
6059 5749 5777 5778 5750 
6060 5750 5778 5779 5751 
6061 5751 5779 5780 5752 
6062 5752 5780 5781 5753 
6063 5753 5781 5782 5754 
6064 5754 5782 5783 5755 
6065 5755 5783 5784 5756 
6066 5756 5784 5785 5757 
6067 5757 5785 5786 5758 
6068 5758 5786 5787 5759 
6069 5759 5787 5788 5760 
6070 5760 5788 5789 5761 
6071 5761 5789 5790 5762 
6072 5762 5790 5791 5763 
6073 5763 5791 5792 5764 
6074 5764 5792 141 140 
6075 752 753 5793 5765 
6076 5765 5793 5794 5766 
6077 5766 5794 5795 5767 
6078 5767 5795 5796 5768 
6079 5768 5796 5797 5769 
6080 5769 5797 5798 5770 
6081 5770 5798 5799 5771 
6082 5771 5799 5800 5772 
6083 5772 5800 5801 5773 
6084 5773 5801 5802 5774 
6085 5774 5802 5803 5775 
6086 5775 5803 5804 5776 
6087 5776 5804 5805 5777 
6088 5777 5805 5806 5778 
6089 5778 5806 5807 5779 
6090 5779 5807 5808 5780 
6091 5780 5808 5809 5781 
6092 5781 5809 5810 5782 
6093 5782 5810 5811 5783 
6094 5783 5811 5812 5784 
6095 5784 5812 5813 5785 
6096 5785 5813 5814 5786 
6097 5786 5814 5815 5787 
6098 5787 5815 5816 5788 
6099 5788 5816 5817 5789 
6100 5789 5817 5818 5790 
6101 5790 5818 5819 5791 
6102 5791 5819 5820 5792 
6103 5792 5820 142 141 
6104 753 754 5821 5793 
6105 5793 5821 5822 5794 
6106 5794 5822 5823 5795 
6107 5795 5823 5824 5796 
6108 5796 5824 5825 5797 
6109 5797 5825 5826 5798 
6110 5798 5826 5827 5799 
6111 5799 5827 5828 5800 
6112 5800 5828 5829 5801 
6113 5801 5829 5830 5802 
6114 5802 5830 5831 5803 
6115 5803 5831 5832 5804 
6116 5804 5832 5833 5805 
6117 5805 5833 5834 5806 
6118 5806 5834 5835 5807 
6119 5807 5835 5836 5808 
6120 5808 5836 5837 5809 
6121 5809 5837 5838 5810 
6122 5810 5838 5839 5811 
6123 5811 5839 5840 5812 
6124 5812 5840 5841 5813 
6125 5813 5841 5842 5814 
6126 5814 5842 5843 5815 
6127 5815 5843 5844 5816 
6128 5816 5844 5845 5817 
6129 5817 5845 5846 5818 
6130 5818 5846 5847 5819 
6131 5819 5847 5848 5820 
6132 5820 5848 143 142 
6133 754 755 5849 5821 
6134 5821 5849 5850 5822 
6135 5822 5850 5851 5823 
6136 5823 5851 5852 5824 
6137 5824 5852 5853 5825 
6138 5825 5853 5854 5826 
6139 5826 5854 5855 5827 
6140 5827 5855 5856 5828 
6141 5828 5856 5857 5829 
6142 5829 5857 5858 5830 
6143 5830 5858 5859 5831 
6144 5831 5859 5860 5832 
6145 5832 5860 5861 5833 
6146 5833 5861 5862 5834 
6147 5834 5862 5863 5835 
6148 5835 5863 5864 5836 
6149 5836 5864 5865 5837 
6150 5837 5865 5866 5838 
6151 5838 5866 5867 5839 
6152 5839 5867 5868 5840 
6153 5840 5868 5869 5841 
6154 5841 5869 5870 5842 
6155 5842 5870 5871 5843 
6156 5843 5871 5872 5844 
6157 5844 5872 5873 5845 
6158 5845 5873 5874 5846 
6159 5846 5874 5875 5847 
6160 5847 5875 5876 5848 
6161 5848 5876 144 143 
6162 755 756 5877 5849 
6163 5849 5877 5878 5850 
6164 5850 5878 5879 5851 
6165 5851 5879 5880 5852 
6166 5852 5880 5881 5853 
6167 5853 5881 5882 5854 
6168 5854 5882 5883 5855 
6169 5855 5883 5884 5856 
6170 5856 5884 5885 5857 
6171 5857 5885 5886 5858 
6172 5858 5886 5887 5859 
6173 5859 5887 5888 5860 
6174 5860 5888 5889 5861 
6175 5861 5889 5890 5862 
6176 5862 5890 5891 5863 
6177 5863 5891 5892 5864 
6178 5864 5892 5893 5865 
6179 5865 5893 5894 5866 
6180 5866 5894 5895 5867 
6181 5867 5895 5896 5868 
6182 5868 5896 5897 5869 
6183 5869 5897 5898 5870 
6184 5870 5898 5899 5871 
6185 5871 5899 5900 5872 
6186 5872 5900 5901 5873 
6187 5873 5901 5902 5874 
6188 5874 5902 5903 5875 
6189 5875 5903 5904 5876 
6190 5876 5904 145 144 
6191 756 757 5905 5877 
6192 5877 5905 5906 5878 
6193 5878 5906 5907 5879 
6194 5879 5907 5908 5880 
6195 5880 5908 5909 5881 
6196 5881 5909 5910 5882 
6197 5882 5910 5911 5883 
6198 5883 5911 5912 5884 
6199 5884 5912 5913 5885 
6200 5885 5913 5914 5886 
6201 5886 5914 5915 5887 
6202 5887 5915 5916 5888 
6203 5888 5916 5917 5889 
6204 5889 5917 5918 5890 
6205 5890 5918 5919 5891 
6206 5891 5919 5920 5892 
6207 5892 5920 5921 5893 
6208 5893 5921 5922 5894 
6209 5894 5922 5923 5895 
6210 5895 5923 5924 5896 
6211 5896 5924 5925 5897 
6212 5897 5925 5926 5898 
6213 5898 5926 5927 5899 
6214 5899 5927 5928 5900 
6215 5900 5928 5929 5901 
6216 5901 5929 5930 5902 
6217 5902 5930 5931 5903 
6218 5903 5931 5932 5904 
6219 5904 5932 146 145 
6220 757 758 5933 5905 
6221 5905 5933 5934 5906 
6222 5906 5934 5935 5907 
6223 5907 5935 5936 5908 
6224 5908 5936 5937 5909 
6225 5909 5937 5938 5910 
6226 5910 5938 5939 5911 
6227 5911 5939 5940 5912 
6228 5912 5940 5941 5913 
6229 5913 5941 5942 5914 
6230 5914 5942 5943 5915 
6231 5915 5943 5944 5916 
6232 5916 5944 5945 5917 
6233 5917 5945 5946 5918 
6234 5918 5946 5947 5919 
6235 5919 5947 5948 5920 
6236 5920 5948 5949 5921 
6237 5921 5949 5950 5922 
6238 5922 5950 5951 5923 
6239 5923 5951 5952 5924 
6240 5924 5952 5953 5925 
6241 5925 5953 5954 5926 
6242 5926 5954 5955 5927 
6243 5927 5955 5956 5928 
6244 5928 5956 5957 5929 
6245 5929 5957 5958 5930 
6246 5930 5958 5959 5931 
6247 5931 5959 5960 5932 
6248 5932 5960 147 146 
6249 758 759 5961 5933 
6250 5933 5961 5962 5934 
6251 5934 5962 5963 5935 
6252 5935 5963 5964 5936 
6253 5936 5964 5965 5937 
6254 5937 5965 5966 5938 
6255 5938 5966 5967 5939 
6256 5939 5967 5968 5940 
6257 5940 5968 5969 5941 
6258 5941 5969 5970 5942 
6259 5942 5970 5971 5943 
6260 5943 5971 5972 5944 
6261 5944 5972 5973 5945 
6262 5945 5973 5974 5946 
6263 5946 5974 5975 5947 
6264 5947 5975 5976 5948 
6265 5948 5976 5977 5949 
6266 5949 5977 5978 5950 
6267 5950 5978 5979 5951 
6268 5951 5979 5980 5952 
6269 5952 5980 5981 5953 
6270 5953 5981 5982 5954 
6271 5954 5982 5983 5955 
6272 5955 5983 5984 5956 
6273 5956 5984 5985 5957 
6274 5957 5985 5986 5958 
6275 5958 5986 5987 5959 
6276 5959 5987 5988 5960 
6277 5960 5988 148 147 
6278 759 760 5989 5961 
6279 5961 5989 5990 5962 
6280 5962 5990 5991 5963 
6281 5963 5991 5992 5964 
6282 5964 5992 5993 5965 
6283 5965 5993 5994 5966 
6284 5966 5994 5995 5967 
6285 5967 5995 5996 5968 
6286 5968 5996 5997 5969 
6287 5969 5997 5998 5970 
6288 5970 5998 5999 5971 
6289 5971 5999 6000 5972 
6290 5972 6000 6001 5973 
6291 5973 6001 6002 5974 
6292 5974 6002 6003 5975 
6293 5975 6003 6004 5976 
6294 5976 6004 6005 5977 
6295 5977 6005 6006 5978 
6296 5978 6006 6007 5979 
6297 5979 6007 6008 5980 
6298 5980 6008 6009 5981 
6299 5981 6009 6010 5982 
6300 5982 6010 6011 5983 
6301 5983 6011 6012 5984 
6302 5984 6012 6013 5985 
6303 5985 6013 6014 5986 
6304 5986 6014 6015 5987 
6305 5987 6015 6016 5988 
6306 5988 6016 149 148 
6307 760 761 6017 5989 
6308 5989 6017 6018 5990 
6309 5990 6018 6019 5991 
6310 5991 6019 6020 5992 
6311 5992 6020 6021 5993 
6312 5993 6021 6022 5994 
6313 5994 6022 6023 5995 
6314 5995 6023 6024 5996 
6315 5996 6024 6025 5997 
6316 5997 6025 6026 5998 
6317 5998 6026 6027 5999 
6318 5999 6027 6028 6000 
6319 6000 6028 6029 6001 
6320 6001 6029 6030 6002 
6321 6002 6030 6031 6003 
6322 6003 6031 6032 6004 
6323 6004 6032 6033 6005 
6324 6005 6033 6034 6006 
6325 6006 6034 6035 6007 
6326 6007 6035 6036 6008 
6327 6008 6036 6037 6009 
6328 6009 6037 6038 6010 
6329 6010 6038 6039 6011 
6330 6011 6039 6040 6012 
6331 6012 6040 6041 6013 
6332 6013 6041 6042 6014 
6333 6014 6042 6043 6015 
6334 6015 6043 6044 6016 
6335 6016 6044 150 149 
6336 761 762 6045 6017 
6337 6017 6045 6046 6018 
6338 6018 6046 6047 6019 
6339 6019 6047 6048 6020 
6340 6020 6048 6049 6021 
6341 6021 6049 6050 6022 
6342 6022 6050 6051 6023 
6343 6023 6051 6052 6024 
6344 6024 6052 6053 6025 
6345 6025 6053 6054 6026 
6346 6026 6054 6055 6027 
6347 6027 6055 6056 6028 
6348 6028 6056 6057 6029 
6349 6029 6057 6058 6030 
6350 6030 6058 6059 6031 
6351 6031 6059 6060 6032 
6352 6032 6060 6061 6033 
6353 6033 6061 6062 6034 
6354 6034 6062 6063 6035 
6355 6035 6063 6064 6036 
6356 6036 6064 6065 6037 
6357 6037 6065 6066 6038 
6358 6038 6066 6067 6039 
6359 6039 6067 6068 6040 
6360 6040 6068 6069 6041 
6361 6041 6069 6070 6042 
6362 6042 6070 6071 6043 
6363 6043 6071 6072 6044 
6364 6044 6072 151 150 
6365 762 763 6073 6045 
6366 6045 6073 6074 6046 
6367 6046 6074 6075 6047 
6368 6047 6075 6076 6048 
6369 6048 6076 6077 6049 
6370 6049 6077 6078 6050 
6371 6050 6078 6079 6051 
6372 6051 6079 6080 6052 
6373 6052 6080 6081 6053 
6374 6053 6081 6082 6054 
6375 6054 6082 6083 6055 
6376 6055 6083 6084 6056 
6377 6056 6084 6085 6057 
6378 6057 6085 6086 6058 
6379 6058 6086 6087 6059 
6380 6059 6087 6088 6060 
6381 6060 6088 6089 6061 
6382 6061 6089 6090 6062 
6383 6062 6090 6091 6063 
6384 6063 6091 6092 6064 
6385 6064 6092 6093 6065 
6386 6065 6093 6094 6066 
6387 6066 6094 6095 6067 
6388 6067 6095 6096 6068 
6389 6068 6096 6097 6069 
6390 6069 6097 6098 6070 
6391 6070 6098 6099 6071 
6392 6071 6099 6100 6072 
6393 6072 6100 152 151 
6394 763 764 6101 6073 
6395 6073 6101 6102 6074 
6396 6074 6102 6103 6075 
6397 6075 6103 6104 6076 
6398 6076 6104 6105 6077 
6399 6077 6105 6106 6078 
6400 6078 6106 6107 6079 
6401 6079 6107 6108 6080 
6402 6080 6108 6109 6081 
6403 6081 6109 6110 6082 
6404 6082 6110 6111 6083 
6405 6083 6111 6112 6084 
6406 6084 6112 6113 6085 
6407 6085 6113 6114 6086 
6408 6086 6114 6115 6087 
6409 6087 6115 6116 6088 
6410 6088 6116 6117 6089 
6411 6089 6117 6118 6090 
6412 6090 6118 6119 6091 
6413 6091 6119 6120 6092 
6414 6092 6120 6121 6093 
6415 6093 6121 6122 6094 
6416 6094 6122 6123 6095 
6417 6095 6123 6124 6096 
6418 6096 6124 6125 6097 
6419 6097 6125 6126 6098 
6420 6098 6126 6127 6099 
6421 6099 6127 6128 6100 
6422 6100 6128 153 152 
6423 764 765 6129 6101 
6424 6101 6129 6130 6102 
6425 6102 6130 6131 6103 
6426 6103 6131 6132 6104 
6427 6104 6132 6133 6105 
6428 6105 6133 6134 6106 
6429 6106 6134 6135 6107 
6430 6107 6135 6136 6108 
6431 6108 6136 6137 6109 
6432 6109 6137 6138 6110 
6433 6110 6138 6139 6111 
6434 6111 6139 6140 6112 
6435 6112 6140 6141 6113 
6436 6113 6141 6142 6114 
6437 6114 6142 6143 6115 
6438 6115 6143 6144 6116 
6439 6116 6144 6145 6117 
6440 6117 6145 6146 6118 
6441 6118 6146 6147 6119 
6442 6119 6147 6148 6120 
6443 6120 6148 6149 6121 
6444 6121 6149 6150 6122 
6445 6122 6150 6151 6123 
6446 6123 6151 6152 6124 
6447 6124 6152 6153 6125 
6448 6125 6153 6154 6126 
6449 6126 6154 6155 6127 
6450 6127 6155 6156 6128 
6451 6128 6156 154 153 
6452 765 766 6157 6129 
6453 6129 6157 6158 6130 
6454 6130 6158 6159 6131 
6455 6131 6159 6160 6132 
6456 6132 6160 6161 6133 
6457 6133 6161 6162 6134 
6458 6134 6162 6163 6135 
6459 6135 6163 6164 6136 
6460 6136 6164 6165 6137 
6461 6137 6165 6166 6138 
6462 6138 6166 6167 6139 
6463 6139 6167 6168 6140 
6464 6140 6168 6169 6141 
6465 6141 6169 6170 6142 
6466 6142 6170 6171 6143 
6467 6143 6171 6172 6144 
6468 6144 6172 6173 6145 
6469 6145 6173 6174 6146 
6470 6146 6174 6175 6147 
6471 6147 6175 6176 6148 
6472 6148 6176 6177 6149 
6473 6149 6177 6178 6150 
6474 6150 6178 6179 6151 
6475 6151 6179 6180 6152 
6476 6152 6180 6181 6153 
6477 6153 6181 6182 6154 
6478 6154 6182 6183 6155 
6479 6155 6183 6184 6156 
6480 6156 6184 155 154 
6481 766 767 6185 6157 
6482 6157 6185 6186 6158 
6483 6158 6186 6187 6159 
6484 6159 6187 6188 6160 
6485 6160 6188 6189 6161 
6486 6161 6189 6190 6162 
6487 6162 6190 6191 6163 
6488 6163 6191 6192 6164 
6489 6164 6192 6193 6165 
6490 6165 6193 6194 6166 
6491 6166 6194 6195 6167 
6492 6167 6195 6196 6168 
6493 6168 6196 6197 6169 
6494 6169 6197 6198 6170 
6495 6170 6198 6199 6171 
6496 6171 6199 6200 6172 
6497 6172 6200 6201 6173 
6498 6173 6201 6202 6174 
6499 6174 6202 6203 6175 
6500 6175 6203 6204 6176 
6501 6176 6204 6205 6177 
6502 6177 6205 6206 6178 
6503 6178 6206 6207 6179 
6504 6179 6207 6208 6180 
6505 6180 6208 6209 6181 
6506 6181 6209 6210 6182 
6507 6182 6210 6211 6183 
6508 6183 6211 6212 6184 
6509 6184 6212 156 155 
6510 767 768 6213 6185 
6511 6185 6213 6214 6186 
6512 6186 6214 6215 6187 
6513 6187 6215 6216 6188 
6514 6188 6216 6217 6189 
6515 6189 6217 6218 6190 
6516 6190 6218 6219 6191 
6517 6191 6219 6220 6192 
6518 6192 6220 6221 6193 
6519 6193 6221 6222 6194 
6520 6194 6222 6223 6195 
6521 6195 6223 6224 6196 
6522 6196 6224 6225 6197 
6523 6197 6225 6226 6198 
6524 6198 6226 6227 6199 
6525 6199 6227 6228 6200 
6526 6200 6228 6229 6201 
6527 6201 6229 6230 6202 
6528 6202 6230 6231 6203 
6529 6203 6231 6232 6204 
6530 6204 6232 6233 6205 
6531 6205 6233 6234 6206 
6532 6206 6234 6235 6207 
6533 6207 6235 6236 6208 
6534 6208 6236 6237 6209 
6535 6209 6237 6238 6210 
6536 6210 6238 6239 6211 
6537 6211 6239 6240 6212 
6538 6212 6240 157 156 
6539 768 769 6241 6213 
6540 6213 6241 6242 6214 
6541 6214 6242 6243 6215 
6542 6215 6243 6244 6216 
6543 6216 6244 6245 6217 
6544 6217 6245 6246 6218 
6545 6218 6246 6247 6219 
6546 6219 6247 6248 6220 
6547 6220 6248 6249 6221 
6548 6221 6249 6250 6222 
6549 6222 6250 6251 6223 
6550 6223 6251 6252 6224 
6551 6224 6252 6253 6225 
6552 6225 6253 6254 6226 
6553 6226 6254 6255 6227 
6554 6227 6255 6256 6228 
6555 6228 6256 6257 6229 
6556 6229 6257 6258 6230 
6557 6230 6258 6259 6231 
6558 6231 6259 6260 6232 
6559 6232 6260 6261 6233 
6560 6233 6261 6262 6234 
6561 6234 6262 6263 6235 
6562 6235 6263 6264 6236 
6563 6236 6264 6265 6237 
6564 6237 6265 6266 6238 
6565 6238 6266 6267 6239 
6566 6239 6267 6268 6240 
6567 6240 6268 158 157 
6568 769 770 6269 6241 
6569 6241 6269 6270 6242 
6570 6242 6270 6271 6243 
6571 6243 6271 6272 6244 
6572 6244 6272 6273 6245 
6573 6245 6273 6274 6246 
6574 6246 6274 6275 6247 
6575 6247 6275 6276 6248 
6576 6248 6276 6277 6249 
6577 6249 6277 6278 6250 
6578 6250 6278 6279 6251 
6579 6251 6279 6280 6252 
6580 6252 6280 6281 6253 
6581 6253 6281 6282 6254 
6582 6254 6282 6283 6255 
6583 6255 6283 6284 6256 
6584 6256 6284 6285 6257 
6585 6257 6285 6286 6258 
6586 6258 6286 6287 6259 
6587 6259 6287 6288 6260 
6588 6260 6288 6289 6261 
6589 6261 6289 6290 6262 
6590 6262 6290 6291 6263 
6591 6263 6291 6292 6264 
6592 6264 6292 6293 6265 
6593 6265 6293 6294 6266 
6594 6266 6294 6295 6267 
6595 6267 6295 6296 6268 
6596 6268 6296 159 158 
6597 770 771 6297 6269 
6598 6269 6297 6298 6270 
6599 6270 6298 6299 6271 
6600 6271 6299 6300 6272 
6601 6272 6300 6301 6273 
6602 6273 6301 6302 6274 
6603 6274 6302 6303 6275 
6604 6275 6303 6304 6276 
6605 6276 6304 6305 6277 
6606 6277 6305 6306 6278 
6607 6278 6306 6307 6279 
6608 6279 6307 6308 6280 
6609 6280 6308 6309 6281 
6610 6281 6309 6310 6282 
6611 6282 6310 6311 6283 
6612 6283 6311 6312 6284 
6613 6284 6312 6313 6285 
6614 6285 6313 6314 6286 
6615 6286 6314 6315 6287 
6616 6287 6315 6316 6288 
6617 6288 6316 6317 6289 
6618 6289 6317 6318 6290 
6619 6290 6318 6319 6291 
6620 6291 6319 6320 6292 
6621 6292 6320 6321 6293 
6622 6293 6321 6322 6294 
6623 6294 6322 6323 6295 
6624 6295 6323 6324 6296 
6625 6296 6324 160 159 
6626 771 772 6325 6297 
6627 6297 6325 6326 6298 
6628 6298 6326 6327 6299 
6629 6299 6327 6328 6300 
6630 6300 6328 6329 6301 
6631 6301 6329 6330 6302 
6632 6302 6330 6331 6303 
6633 6303 6331 6332 6304 
6634 6304 6332 6333 6305 
6635 6305 6333 6334 6306 
6636 6306 6334 6335 6307 
6637 6307 6335 6336 6308 
6638 6308 6336 6337 6309 
6639 6309 6337 6338 6310 
6640 6310 6338 6339 6311 
6641 6311 6339 6340 6312 
6642 6312 6340 6341 6313 
6643 6313 6341 6342 6314 
6644 6314 6342 6343 6315 
6645 6315 6343 6344 6316 
6646 6316 6344 6345 6317 
6647 6317 6345 6346 6318 
6648 6318 6346 6347 6319 
6649 6319 6347 6348 6320 
6650 6320 6348 6349 6321 
6651 6321 6349 6350 6322 
6652 6322 6350 6351 6323 
6653 6323 6351 6352 6324 
6654 6324 6352 161 160 
6655 772 773 6353 6325 
6656 6325 6353 6354 6326 
6657 6326 6354 6355 6327 
6658 6327 6355 6356 6328 
6659 6328 6356 6357 6329 
6660 6329 6357 6358 6330 
6661 6330 6358 6359 6331 
6662 6331 6359 6360 6332 
6663 6332 6360 6361 6333 
6664 6333 6361 6362 6334 
6665 6334 6362 6363 6335 
6666 6335 6363 6364 6336 
6667 6336 6364 6365 6337 
6668 6337 6365 6366 6338 
6669 6338 6366 6367 6339 
6670 6339 6367 6368 6340 
6671 6340 6368 6369 6341 
6672 6341 6369 6370 6342 
6673 6342 6370 6371 6343 
6674 6343 6371 6372 6344 
6675 6344 6372 6373 6345 
6676 6345 6373 6374 6346 
6677 6346 6374 6375 6347 
6678 6347 6375 6376 6348 
6679 6348 6376 6377 6349 
6680 6349 6377 6378 6350 
6681 6350 6378 6379 6351 
6682 6351 6379 6380 6352 
6683 6352 6380 162 161 
6684 773 774 6381 6353 
6685 6353 6381 6382 6354 
6686 6354 6382 6383 6355 
6687 6355 6383 6384 6356 
6688 6356 6384 6385 6357 
6689 6357 6385 6386 6358 
6690 6358 6386 6387 6359 
6691 6359 6387 6388 6360 
6692 6360 6388 6389 6361 
6693 6361 6389 6390 6362 
6694 6362 6390 6391 6363 
6695 6363 6391 6392 6364 
6696 6364 6392 6393 6365 
6697 6365 6393 6394 6366 
6698 6366 6394 6395 6367 
6699 6367 6395 6396 6368 
6700 6368 6396 6397 6369 
6701 6369 6397 6398 6370 
6702 6370 6398 6399 6371 
6703 6371 6399 6400 6372 
6704 6372 6400 6401 6373 
6705 6373 6401 6402 6374 
6706 6374 6402 6403 6375 
6707 6375 6403 6404 6376 
6708 6376 6404 6405 6377 
6709 6377 6405 6406 6378 
6710 6378 6406 6407 6379 
6711 6379 6407 6408 6380 
6712 6380 6408 163 162 
6713 774 775 6409 6381 
6714 6381 6409 6410 6382 
6715 6382 6410 6411 6383 
6716 6383 6411 6412 6384 
6717 6384 6412 6413 6385 
6718 6385 6413 6414 6386 
6719 6386 6414 6415 6387 
6720 6387 6415 6416 6388 
6721 6388 6416 6417 6389 
6722 6389 6417 6418 6390 
6723 6390 6418 6419 6391 
6724 6391 6419 6420 6392 
6725 6392 6420 6421 6393 
6726 6393 6421 6422 6394 
6727 6394 6422 6423 6395 
6728 6395 6423 6424 6396 
6729 6396 6424 6425 6397 
6730 6397 6425 6426 6398 
6731 6398 6426 6427 6399 
6732 6399 6427 6428 6400 
6733 6400 6428 6429 6401 
6734 6401 6429 6430 6402 
6735 6402 6430 6431 6403 
6736 6403 6431 6432 6404 
6737 6404 6432 6433 6405 
6738 6405 6433 6434 6406 
6739 6406 6434 6435 6407 
6740 6407 6435 6436 6408 
6741 6408 6436 164 163 
6742 775 776 6437 6409 
6743 6409 6437 6438 6410 
6744 6410 6438 6439 6411 
6745 6411 6439 6440 6412 
6746 6412 6440 6441 6413 
6747 6413 6441 6442 6414 
6748 6414 6442 6443 6415 
6749 6415 6443 6444 6416 
6750 6416 6444 6445 6417 
6751 6417 6445 6446 6418 
6752 6418 6446 6447 6419 
6753 6419 6447 6448 6420 
6754 6420 6448 6449 6421 
6755 6421 6449 6450 6422 
6756 6422 6450 6451 6423 
6757 6423 6451 6452 6424 
6758 6424 6452 6453 6425 
6759 6425 6453 6454 6426 
6760 6426 6454 6455 6427 
6761 6427 6455 6456 6428 
6762 6428 6456 6457 6429 
6763 6429 6457 6458 6430 
6764 6430 6458 6459 6431 
6765 6431 6459 6460 6432 
6766 6432 6460 6461 6433 
6767 6433 6461 6462 6434 
6768 6434 6462 6463 6435 
6769 6435 6463 6464 6436 
6770 6436 6464 165 164 
6771 776 777 6465 6437 
6772 6437 6465 6466 6438 
6773 6438 6466 6467 6439 
6774 6439 6467 6468 6440 
6775 6440 6468 6469 6441 
6776 6441 6469 6470 6442 
6777 6442 6470 6471 6443 
6778 6443 6471 6472 6444 
6779 6444 6472 6473 6445 
6780 6445 6473 6474 6446 
6781 6446 6474 6475 6447 
6782 6447 6475 6476 6448 
6783 6448 6476 6477 6449 
6784 6449 6477 6478 6450 
6785 6450 6478 6479 6451 
6786 6451 6479 6480 6452 
6787 6452 6480 6481 6453 
6788 6453 6481 6482 6454 
6789 6454 6482 6483 6455 
6790 6455 6483 6484 6456 
6791 6456 6484 6485 6457 
6792 6457 6485 6486 6458 
6793 6458 6486 6487 6459 
6794 6459 6487 6488 6460 
6795 6460 6488 6489 6461 
6796 6461 6489 6490 6462 
6797 6462 6490 6491 6463 
6798 6463 6491 6492 6464 
6799 6464 6492 166 165 
6800 777 778 6493 6465 
6801 6465 6493 6494 6466 
6802 6466 6494 6495 6467 
6803 6467 6495 6496 6468 
6804 6468 6496 6497 6469 
6805 6469 6497 6498 6470 
6806 6470 6498 6499 6471 
6807 6471 6499 6500 6472 
6808 6472 6500 6501 6473 
6809 6473 6501 6502 6474 
6810 6474 6502 6503 6475 
6811 6475 6503 6504 6476 
6812 6476 6504 6505 6477 
6813 6477 6505 6506 6478 
6814 6478 6506 6507 6479 
6815 6479 6507 6508 6480 
6816 6480 6508 6509 6481 
6817 6481 6509 6510 6482 
6818 6482 6510 6511 6483 
6819 6483 6511 6512 6484 
6820 6484 6512 6513 6485 
6821 6485 6513 6514 6486 
6822 6486 6514 6515 6487 
6823 6487 6515 6516 6488 
6824 6488 6516 6517 6489 
6825 6489 6517 6518 6490 
6826 6490 6518 6519 6491 
6827 6491 6519 6520 6492 
6828 6492 6520 167 166 
6829 778 779 6521 6493 
6830 6493 6521 6522 6494 
6831 6494 6522 6523 6495 
6832 6495 6523 6524 6496 
6833 6496 6524 6525 6497 
6834 6497 6525 6526 6498 
6835 6498 6526 6527 6499 
6836 6499 6527 6528 6500 
6837 6500 6528 6529 6501 
6838 6501 6529 6530 6502 
6839 6502 6530 6531 6503 
6840 6503 6531 6532 6504 
6841 6504 6532 6533 6505 
6842 6505 6533 6534 6506 
6843 6506 6534 6535 6507 
6844 6507 6535 6536 6508 
6845 6508 6536 6537 6509 
6846 6509 6537 6538 6510 
6847 6510 6538 6539 6511 
6848 6511 6539 6540 6512 
6849 6512 6540 6541 6513 
6850 6513 6541 6542 6514 
6851 6514 6542 6543 6515 
6852 6515 6543 6544 6516 
6853 6516 6544 6545 6517 
6854 6517 6545 6546 6518 
6855 6518 6546 6547 6519 
6856 6519 6547 6548 6520 
6857 6520 6548 168 167 
6858 779 780 6549 6521 
6859 6521 6549 6550 6522 
6860 6522 6550 6551 6523 
6861 6523 6551 6552 6524 
6862 6524 6552 6553 6525 
6863 6525 6553 6554 6526 
6864 6526 6554 6555 6527 
6865 6527 6555 6556 6528 
6866 6528 6556 6557 6529 
6867 6529 6557 6558 6530 
6868 6530 6558 6559 6531 
6869 6531 6559 6560 6532 
6870 6532 6560 6561 6533 
6871 6533 6561 6562 6534 
6872 6534 6562 6563 6535 
6873 6535 6563 6564 6536 
6874 6536 6564 6565 6537 
6875 6537 6565 6566 6538 
6876 6538 6566 6567 6539 
6877 6539 6567 6568 6540 
6878 6540 6568 6569 6541 
6879 6541 6569 6570 6542 
6880 6542 6570 6571 6543 
6881 6543 6571 6572 6544 
6882 6544 6572 6573 6545 
6883 6545 6573 6574 6546 
6884 6546 6574 6575 6547 
6885 6547 6575 6576 6548 
6886 6548 6576 169 168 
6887 780 8 324 6549 
6888 6549 324 325 6550 
6889 6550 325 326 6551 
6890 6551 326 327 6552 
6891 6552 327 328 6553 
6892 6553 328 329 6554 
6893 6554 329 330 6555 
6894 6555 330 331 6556 
6895 6556 331 332 6557 
6896 6557 332 333 6558 
6897 6558 333 334 6559 
6898 6559 334 335 6560 
6899 6560 335 336 6561 
6900 6561 336 337 6562 
6901 6562 337 338 6563 
6902 6563 338 339 6564 
6903 6564 339 340 6565 
6904 6565 340 341 6566 
6905 6566 341 342 6567 
6906 6567 342 343 6568 
6907 6568 343 344 6569 
6908 6569 344 345 6570 
6909 6570 345 346 6571 
6910 6571 346 347 6572 
6911 6572 347 348 6573 
6912 6573 348 349 6574 
6913 6574 349 350 6575 
6914 6575 350 351 6576 
6915 6576 351 6 169 
2 5 3 2291
6916 3 705 6577 540 
6917 540 6577 6578 539 
6918 539 6578 6579 538 
6919 538 6579 6580 537 
6920 537 6580 6581 536 
6921 536 6581 6582 535 
6922 535 6582 6583 534 
6923 534 6583 6584 533 
6924 533 6584 6585 532 
6925 532 6585 6586 531 
6926 531 6586 6587 530 
6927 530 6587 6588 529 
6928 529 6588 6589 528 
6929 528 6589 6590 527 
6930 527 6590 6591 526 
6931 526 6591 6592 525 
6932 525 6592 6593 524 
6933 524 6593 6594 523 
6934 523 6594 6595 522 
6935 522 6595 6596 521 
6936 521 6596 6597 520 
6937 520 6597 6598 519 
6938 519 6598 6599 518 
6939 518 6599 6600 517 
6940 517 6600 6601 516 
6941 516 6601 6602 515 
6942 515 6602 6603 514 
6943 514 6603 6604 513 
6944 513 6604 6605 512 
6945 512 6605 6606 511 
6946 511 6606 6607 510 
6947 510 6607 6608 509 
6948 509 6608 6609 508 
6949 508 6609 6610 507 
6950 507 6610 6611 506 
6951 506 6611 6612 505 
6952 505 6612 6613 504 
6953 504 6613 6614 503 
6954 503 6614 6615 502 
6955 502 6615 6616 501 
6956 501 6616 6617 500 
6957 500 6617 6618 499 
6958 499 6618 6619 498 
6959 498 6619 6620 497 
6960 497 6620 6621 496 
6961 496 6621 6622 495 
6962 495 6622 6623 494 
6963 494 6623 6624 493 
6964 493 6624 6625 492 
6965 492 6625 6626 491 
6966 491 6626 6627 490 
6967 490 6627 6628 489 
6968 489 6628 6629 488 
6969 488 6629 6630 487 
6970 487 6630 6631 486 
6971 486 6631 6632 485 
6972 485 6632 6633 484 
6973 484 6633 6634 483 
6974 483 6634 6635 482 
6975 482 6635 6636 481 
6976 481 6636 6637 480 
6977 480 6637 6638 479 
6978 479 6638 6639 478 
6979 478 6639 6640 477 
6980 477 6640 6641 476 
6981 476 6641 6642 475 
6982 475 6642 6643 474 
6983 474 6643 6644 473 
6984 473 6644 6645 472 
6985 472 6645 6646 471 
6986 471 6646 6647 470 
6987 470 6647 6648 469 
6988 469 6648 6649 468 
6989 468 6649 6650 467 
6990 467 6650 6651 466 
6991 466 6651 6652 465 
6992 465 6652 6653 464 
6993 464 6653 6654 463 
6994 463 6654 649 2 
6995 705 706 6655 6577 
6996 6577 6655 6656 6578 
6997 6578 6656 6657 6579 
6998 6579 6657 6658 6580 
6999 6580 6658 6659 6581 
7000 6581 6659 6660 6582 
7001 6582 6660 6661 6583 
7002 6583 6661 6662 6584 
7003 6584 6662 6663 6585 
7004 6585 6663 6664 6586 
7005 6586 6664 6665 6587 
7006 6587 6665 6666 6588 
7007 6588 6666 6667 6589 
7008 6589 6667 6668 6590 
7009 6590 6668 6669 6591 
7010 6591 6669 6670 6592 
7011 6592 6670 6671 6593 
7012 6593 6671 6672 6594 
7013 6594 6672 6673 6595 
7014 6595 6673 6674 6596 
7015 6596 6674 6675 6597 
7016 6597 6675 6676 6598 
7017 6598 6676 6677 6599 
7018 6599 6677 6678 6600 
7019 6600 6678 6679 6601 
7020 6601 6679 6680 6602 
7021 6602 6680 6681 6603 
7022 6603 6681 6682 6604 
7023 6604 6682 6683 6605 
7024 6605 6683 6684 6606 
7025 6606 6684 6685 6607 
7026 6607 6685 6686 6608 
7027 6608 6686 6687 6609 
7028 6609 6687 6688 6610 
7029 6610 6688 6689 6611 
7030 6611 6689 6690 6612 
7031 6612 6690 6691 6613 
7032 6613 6691 6692 6614 
7033 6614 6692 6693 6615 
7034 6615 6693 6694 6616 
7035 6616 6694 6695 6617 
7036 6617 6695 6696 6618 
7037 6618 6696 6697 6619 
7038 6619 6697 6698 6620 
7039 6620 6698 6699 6621 
7040 6621 6699 6700 6622 
7041 6622 6700 6701 6623 
7042 6623 6701 6702 6624 
7043 6624 6702 6703 6625 
7044 6625 6703 6704 6626 
7045 6626 6704 6705 6627 
7046 6627 6705 6706 6628 
7047 6628 6706 6707 6629 
7048 6629 6707 6708 6630 
7049 6630 6708 6709 6631 
7050 6631 6709 6710 6632 
7051 6632 6710 6711 6633 
7052 6633 6711 6712 6634 
7053 6634 6712 6713 6635 
7054 6635 6713 6714 6636 
7055 6636 6714 6715 6637 
7056 6637 6715 6716 6638 
7057 6638 6716 6717 6639 
7058 6639 6717 6718 6640 
7059 6640 6718 6719 6641 
7060 6641 6719 6720 6642 
7061 6642 6720 6721 6643 
7062 6643 6721 6722 6644 
7063 6644 6722 6723 6645 
7064 6645 6723 6724 6646 
7065 6646 6724 6725 6647 
7066 6647 6725 6726 6648 
7067 6648 6726 6727 6649 
7068 6649 6727 6728 6650 
7069 6650 6728 6729 6651 
7070 6651 6729 6730 6652 
7071 6652 6730 6731 6653 
7072 6653 6731 6732 6654 
7073 6654 6732 650 649 
7074 706 707 6733 6655 
7075 6655 6733 6734 6656 
7076 6656 6734 6735 6657 
7077 6657 6735 6736 6658 
7078 6658 6736 6737 6659 
7079 6659 6737 6738 6660 
7080 6660 6738 6739 6661 
7081 6661 6739 6740 6662 
7082 6662 6740 6741 6663 
7083 6663 6741 6742 6664 
7084 6664 6742 6743 6665 
7085 6665 6743 6744 6666 
7086 6666 6744 6745 6667 
7087 6667 6745 6746 6668 
7088 6668 6746 6747 6669 
7089 6669 6747 6748 6670 
7090 6670 6748 6749 6671 
7091 6671 6749 6750 6672 
7092 6672 6750 6751 6673 
7093 6673 6751 6752 6674 
7094 6674 6752 6753 6675 
7095 6675 6753 6754 6676 
7096 6676 6754 6755 6677 
7097 6677 6755 6756 6678 
7098 6678 6756 6757 6679 
7099 6679 6757 6758 6680 
7100 6680 6758 6759 6681 
7101 6681 6759 6760 6682 
7102 6682 6760 6761 6683 
7103 6683 6761 6762 6684 
7104 6684 6762 6763 6685 
7105 6685 6763 6764 6686 
7106 6686 6764 6765 6687 
7107 6687 6765 6766 6688 
7108 6688 6766 6767 6689 
7109 6689 6767 6768 6690 
7110 6690 6768 6769 6691 
7111 6691 6769 6770 6692 
7112 6692 6770 6771 6693 
7113 6693 6771 6772 6694 
7114 6694 6772 6773 6695 
7115 6695 6773 6774 6696 
7116 6696 6774 6775 6697 
7117 6697 6775 6776 6698 
7118 6698 6776 6777 6699 
7119 6699 6777 6778 6700 
7120 6700 6778 6779 6701 
7121 6701 6779 6780 6702 
7122 6702 6780 6781 6703 
7123 6703 6781 6782 6704 
7124 6704 6782 6783 6705 
7125 6705 6783 6784 6706 
7126 6706 6784 6785 6707 
7127 6707 6785 6786 6708 
7128 6708 6786 6787 6709 
7129 6709 6787 6788 6710 
7130 6710 6788 6789 6711 
7131 6711 6789 6790 6712 
7132 6712 6790 6791 6713 
7133 6713 6791 6792 6714 
7134 6714 6792 6793 6715 
7135 6715 6793 6794 6716 
7136 6716 6794 6795 6717 
7137 6717 6795 6796 6718 
7138 6718 6796 6797 6719 
7139 6719 6797 6798 6720 
7140 6720 6798 6799 6721 
7141 6721 6799 6800 6722 
7142 6722 6800 6801 6723 
7143 6723 6801 6802 6724 
7144 6724 6802 6803 6725 
7145 6725 6803 6804 6726 
7146 6726 6804 6805 6727 
7147 6727 6805 6806 6728 
7148 6728 6806 6807 6729 
7149 6729 6807 6808 6730 
7150 6730 6808 6809 6731 
7151 6731 6809 6810 6732 
7152 6732 6810 651 650 
7153 707 708 6811 6733 
7154 6733 6811 6812 6734 
7155 6734 6812 6813 6735 
7156 6735 6813 6814 6736 
7157 6736 6814 6815 6737 
7158 6737 6815 6816 6738 
7159 6738 6816 6817 6739 
7160 6739 6817 6818 6740 
7161 6740 6818 6819 6741 
7162 6741 6819 6820 6742 
7163 6742 6820 6821 6743 
7164 6743 6821 6822 6744 
7165 6744 6822 6823 6745 
7166 6745 6823 6824 6746 
7167 6746 6824 6825 6747 
7168 6747 6825 6826 6748 
7169 6748 6826 6827 6749 
7170 6749 6827 6828 6750 
7171 6750 6828 6829 6751 
7172 6751 6829 6830 6752 
7173 6752 6830 6831 6753 
7174 6753 6831 6832 6754 
7175 6754 6832 6833 6755 
7176 6755 6833 6834 6756 
7177 6756 6834 6835 6757 
7178 6757 6835 6836 6758 
7179 6758 6836 6837 6759 
7180 6759 6837 6838 6760 
7181 6760 6838 6839 6761 
7182 6761 6839 6840 6762 
7183 6762 6840 6841 6763 
7184 6763 6841 6842 6764 
7185 6764 6842 6843 6765 
7186 6765 6843 6844 6766 
7187 6766 6844 6845 6767 
7188 6767 6845 6846 6768 
7189 6768 6846 6847 6769 
7190 6769 6847 6848 6770 
7191 6770 6848 6849 6771 
7192 6771 6849 6850 6772 
7193 6772 6850 6851 6773 
7194 6773 6851 6852 6774 
7195 6774 6852 6853 6775 
7196 6775 6853 6854 6776 
7197 6776 6854 6855 6777 
7198 6777 6855 6856 6778 
7199 6778 6856 6857 6779 
7200 6779 6857 6858 6780 
7201 6780 6858 6859 6781 
7202 6781 6859 6860 6782 
7203 6782 6860 6861 6783 
7204 6783 6861 6862 6784 
7205 6784 6862 6863 6785 
7206 6785 6863 6864 6786 
7207 6786 6864 6865 6787 
7208 6787 6865 6866 6788 
7209 6788 6866 6867 6789 
7210 6789 6867 6868 6790 
7211 6790 6868 6869 6791 
7212 6791 6869 6870 6792 
7213 6792 6870 6871 6793 
7214 6793 6871 6872 6794 
7215 6794 6872 6873 6795 
7216 6795 6873 6874 6796 
7217 6796 6874 6875 6797 
7218 6797 6875 6876 6798 
7219 6798 6876 6877 6799 
7220 6799 6877 6878 6800 
7221 6800 6878 6879 6801 
7222 6801 6879 6880 6802 
7223 6802 6880 6881 6803 
7224 6803 6881 6882 6804 
7225 6804 6882 6883 6805 
7226 6805 6883 6884 6806 
7227 6806 6884 6885 6807 
7228 6807 6885 6886 6808 
7229 6808 6886 6887 6809 
7230 6809 6887 6888 6810 
7231 6810 6888 652 651 
7232 708 709 6889 6811 
7233 6811 6889 6890 6812 
7234 6812 6890 6891 6813 
7235 6813 6891 6892 6814 
7236 6814 6892 6893 6815 
7237 6815 6893 6894 6816 
7238 6816 6894 6895 6817 
7239 6817 6895 6896 6818 
7240 6818 6896 6897 6819 
7241 6819 6897 6898 6820 
7242 6820 6898 6899 6821 
7243 6821 6899 6900 6822 
7244 6822 6900 6901 6823 
7245 6823 6901 6902 6824 
7246 6824 6902 6903 6825 
7247 6825 6903 6904 6826 
7248 6826 6904 6905 6827 
7249 6827 6905 6906 6828 
7250 6828 6906 6907 6829 
7251 6829 6907 6908 6830 
7252 6830 6908 6909 6831 
7253 6831 6909 6910 6832 
7254 6832 6910 6911 6833 
7255 6833 6911 6912 6834 
7256 6834 6912 6913 6835 
7257 6835 6913 6914 6836 
7258 6836 6914 6915 6837 
7259 6837 6915 6916 6838 
7260 6838 6916 6917 6839 
7261 6839 6917 6918 6840 
7262 6840 6918 6919 6841 
7263 6841 6919 6920 6842 
7264 6842 6920 6921 6843 
7265 6843 6921 6922 6844 
7266 6844 6922 6923 6845 
7267 6845 6923 6924 6846 
7268 6846 6924 6925 6847 
7269 6847 6925 6926 6848 
7270 6848 6926 6927 6849 
7271 6849 6927 6928 6850 
7272 6850 6928 6929 6851 
7273 6851 6929 6930 6852 
7274 6852 6930 6931 6853 
7275 6853 6931 6932 6854 
7276 6854 6932 6933 6855 
7277 6855 6933 6934 6856 
7278 6856 6934 6935 6857 
7279 6857 6935 6936 6858 
7280 6858 6936 6937 6859 
7281 6859 6937 6938 6860 
7282 6860 6938 6939 6861 
7283 6861 6939 6940 6862 
7284 6862 6940 6941 6863 
7285 6863 6941 6942 6864 
7286 6864 6942 6943 6865 
7287 6865 6943 6944 6866 
7288 6866 6944 6945 6867 
7289 6867 6945 6946 6868 
7290 6868 6946 6947 6869 
7291 6869 6947 6948 6870 
7292 6870 6948 6949 6871 
7293 6871 6949 6950 6872 
7294 6872 6950 6951 6873 
7295 6873 6951 6952 6874 
7296 6874 6952 6953 6875 
7297 6875 6953 6954 6876 
7298 6876 6954 6955 6877 
7299 6877 6955 6956 6878 
7300 6878 6956 6957 6879 
7301 6879 6957 6958 6880 
7302 6880 6958 6959 6881 
7303 6881 6959 6960 6882 
7304 6882 6960 6961 6883 
7305 6883 6961 6962 6884 
7306 6884 6962 6963 6885 
7307 6885 6963 6964 6886 
7308 6886 6964 6965 6887 
7309 6887 6965 6966 6888 
7310 6888 6966 653 652 
7311 709 710 6967 6889 
7312 6889 6967 6968 6890 
7313 6890 6968 6969 6891 
7314 6891 6969 6970 6892 
7315 6892 6970 6971 6893 
7316 6893 6971 6972 6894 
7317 6894 6972 6973 6895 
7318 6895 6973 6974 6896 
7319 6896 6974 6975 6897 
7320 6897 6975 6976 6898 
7321 6898 6976 6977 6899 
7322 6899 6977 6978 6900 
7323 6900 6978 6979 6901 
7324 6901 6979 6980 6902 
7325 6902 6980 6981 6903 
7326 6903 6981 6982 6904 
7327 6904 6982 6983 6905 
7328 6905 6983 6984 6906 
7329 6906 6984 6985 6907 
7330 6907 6985 6986 6908 
7331 6908 6986 6987 6909 
7332 6909 6987 6988 6910 
7333 6910 6988 6989 6911 
7334 6911 6989 6990 6912 
7335 6912 6990 6991 6913 
7336 6913 6991 6992 6914 
7337 6914 6992 6993 6915 
7338 6915 6993 6994 6916 
7339 6916 6994 6995 6917 
7340 6917 6995 6996 6918 
7341 6918 6996 6997 6919 
7342 6919 6997 6998 6920 
7343 6920 6998 6999 6921 
7344 6921 6999 7000 6922 
7345 6922 7000 7001 6923 
7346 6923 7001 7002 6924 
7347 6924 7002 7003 6925 
7348 6925 7003 7004 6926 
7349 6926 7004 7005 6927 
7350 6927 7005 7006 6928 
7351 6928 7006 7007 6929 
7352 6929 7007 7008 6930 
7353 6930 7008 7009 6931 
7354 6931 7009 7010 6932 
7355 6932 7010 7011 6933 
7356 6933 7011 7012 6934 
7357 6934 7012 7013 6935 
7358 6935 7013 7014 6936 
7359 6936 7014 7015 6937 
7360 6937 7015 7016 6938 
7361 6938 7016 7017 6939 
7362 6939 7017 7018 6940 
7363 6940 7018 7019 6941 
7364 6941 7019 7020 6942 
7365 6942 7020 7021 6943 
7366 6943 7021 7022 6944 
7367 6944 7022 7023 6945 
7368 6945 7023 7024 6946 
7369 6946 7024 7025 6947 
7370 6947 7025 7026 6948 
7371 6948 7026 7027 6949 
7372 6949 7027 7028 6950 
7373 6950 7028 7029 6951 
7374 6951 7029 7030 6952 
7375 6952 7030 7031 6953 
7376 6953 7031 7032 6954 
7377 6954 7032 7033 6955 
7378 6955 7033 7034 6956 
7379 6956 7034 7035 6957 
7380 6957 7035 7036 6958 
7381 6958 7036 7037 6959 
7382 6959 7037 7038 6960 
7383 6960 7038 7039 6961 
7384 6961 7039 7040 6962 
7385 6962 7040 7041 6963 
7386 6963 7041 7042 6964 
7387 6964 7042 7043 6965 
7388 6965 7043 7044 6966 
7389 6966 7044 654 653 
7390 710 711 7045 6967 
7391 6967 7045 7046 6968 
7392 6968 7046 7047 6969 
7393 6969 7047 7048 6970 
7394 6970 7048 7049 6971 
7395 6971 7049 7050 6972 
7396 6972 7050 7051 6973 
7397 6973 7051 7052 6974 
7398 6974 7052 7053 6975 
7399 6975 7053 7054 6976 
7400 6976 7054 7055 6977 
7401 6977 7055 7056 6978 
7402 6978 7056 7057 6979 
7403 6979 7057 7058 6980 
7404 6980 7058 7059 6981 
7405 6981 7059 7060 6982 
7406 6982 7060 7061 6983 
7407 6983 7061 7062 6984 
7408 6984 7062 7063 6985 
7409 6985 7063 7064 6986 
7410 6986 7064 7065 6987 
7411 6987 7065 7066 6988 
7412 6988 7066 7067 6989 
7413 6989 7067 7068 6990 
7414 6990 7068 7069 6991 
7415 6991 7069 7070 6992 
7416 6992 7070 7071 6993 
7417 6993 7071 7072 6994 
7418 6994 7072 7073 6995 
7419 6995 7073 7074 6996 
7420 6996 7074 7075 6997 
7421 6997 7075 7076 6998 
7422 6998 7076 7077 6999 
7423 6999 7077 7078 7000 
7424 7000 7078 7079 7001 
7425 7001 7079 7080 7002 
7426 7002 7080 7081 7003 
7427 7003 7081 7082 7004 
7428 7004 7082 7083 7005 
7429 7005 7083 7084 7006 
7430 7006 7084 7085 7007 
7431 7007 7085 7086 7008 
7432 7008 7086 7087 7009 
7433 7009 7087 7088 7010 
7434 7010 7088 7089 7011 
7435 7011 7089 7090 7012 
7436 7012 7090 7091 7013 
7437 7013 7091 7092 7014 
7438 7014 7092 7093 7015 
7439 7015 7093 7094 7016 
7440 7016 7094 7095 7017 
7441 7017 7095 7096 7018 
7442 7018 7096 7097 7019 
7443 7019 7097 7098 7020 
7444 7020 7098 7099 7021 
7445 7021 7099 7100 7022 
7446 7022 7100 7101 7023 
7447 7023 7101 7102 7024 
7448 7024 7102 7103 7025 
7449 7025 7103 7104 7026 
7450 7026 7104 7105 7027 
7451 7027 7105 7106 7028 
7452 7028 7106 7107 7029 
7453 7029 7107 7108 7030 
7454 7030 7108 7109 7031 
7455 7031 7109 7110 7032 
7456 7032 7110 7111 7033 
7457 7033 7111 7112 7034 
7458 7034 7112 7113 7035 
7459 7035 7113 7114 7036 
7460 7036 7114 7115 7037 
7461 7037 7115 7116 7038 
7462 7038 7116 7117 7039 
7463 7039 7117 7118 7040 
7464 7040 7118 7119 7041 
7465 7041 7119 7120 7042 
7466 7042 7120 7121 7043 
7467 7043 7121 7122 7044 
7468 7044 7122 655 654 
7469 711 712 7123 7045 
7470 7045 7123 7124 7046 
7471 7046 7124 7125 7047 
7472 7047 7125 7126 7048 
7473 7048 7126 7127 7049 
7474 7049 7127 7128 7050 
7475 7050 7128 7129 7051 
7476 7051 7129 7130 7052 
7477 7052 7130 7131 7053 
7478 7053 7131 7132 7054 
7479 7054 7132 7133 7055 
7480 7055 7133 7134 7056 
7481 7056 7134 7135 7057 
7482 7057 7135 7136 7058 
7483 7058 7136 7137 7059 
7484 7059 7137 7138 7060 
7485 7060 7138 7139 7061 
7486 7061 7139 7140 7062 
7487 7062 7140 7141 7063 
7488 7063 7141 7142 7064 
7489 7064 7142 7143 7065 
7490 7065 7143 7144 7066 
7491 7066 7144 7145 7067 
7492 7067 7145 7146 7068 
7493 7068 7146 7147 7069 
7494 7069 7147 7148 7070 
7495 7070 7148 7149 7071 
7496 7071 7149 7150 7072 
7497 7072 7150 7151 7073 
7498 7073 7151 7152 7074 
7499 7074 7152 7153 7075 
7500 7075 7153 7154 7076 
7501 7076 7154 7155 7077 
7502 7077 7155 7156 7078 
7503 7078 7156 7157 7079 
7504 7079 7157 7158 7080 
7505 7080 7158 7159 7081 
7506 7081 7159 7160 7082 
7507 7082 7160 7161 7083 
7508 7083 7161 7162 7084 
7509 7084 7162 7163 7085 
7510 7085 7163 7164 7086 
7511 7086 7164 7165 7087 
7512 7087 7165 7166 7088 
7513 7088 7166 7167 7089 
7514 7089 7167 7168 7090 
7515 7090 7168 7169 7091 
7516 7091 7169 7170 7092 
7517 7092 7170 7171 7093 
7518 7093 7171 7172 7094 
7519 7094 7172 7173 7095 
7520 7095 7173 7174 7096 
7521 7096 7174 7175 7097 
7522 7097 7175 7176 7098 
7523 7098 7176 7177 7099 
7524 7099 7177 7178 7100 
7525 7100 7178 7179 7101 
7526 7101 7179 7180 7102 
7527 7102 7180 7181 7103 
7528 7103 7181 7182 7104 
7529 7104 7182 7183 7105 
7530 7105 7183 7184 7106 
7531 7106 7184 7185 7107 
7532 7107 7185 7186 7108 
7533 7108 7186 7187 7109 
7534 7109 7187 7188 7110 
7535 7110 7188 7189 7111 
7536 7111 7189 7190 7112 
7537 7112 7190 7191 7113 
7538 7113 7191 7192 7114 
7539 7114 7192 7193 7115 
7540 7115 7193 7194 7116 
7541 7116 7194 7195 7117 
7542 7117 7195 7196 7118 
7543 7118 7196 7197 7119 
7544 7119 7197 7198 7120 
7545 7120 7198 7199 7121 
7546 7121 7199 7200 7122 
7547 7122 7200 656 655 
7548 712 713 7201 7123 
7549 7123 7201 7202 7124 
7550 7124 7202 7203 7125 
7551 7125 7203 7204 7126 
7552 7126 7204 7205 7127 
7553 7127 7205 7206 7128 
7554 7128 7206 7207 7129 
7555 7129 7207 7208 7130 
7556 7130 7208 7209 7131 
7557 7131 7209 7210 7132 
7558 7132 7210 7211 7133 
7559 7133 7211 7212 7134 
7560 7134 7212 7213 7135 
7561 7135 7213 7214 7136 
7562 7136 7214 7215 7137 
7563 7137 7215 7216 7138 
7564 7138 7216 7217 7139 
7565 7139 7217 7218 7140 
7566 7140 7218 7219 7141 
7567 7141 7219 7220 7142 
7568 7142 7220 7221 7143 
7569 7143 7221 7222 7144 
7570 7144 7222 7223 7145 
7571 7145 7223 7224 7146 
7572 7146 7224 7225 7147 
7573 7147 7225 7226 7148 
7574 7148 7226 7227 7149 
7575 7149 7227 7228 7150 
7576 7150 7228 7229 7151 
7577 7151 7229 7230 7152 
7578 7152 7230 7231 7153 
7579 7153 7231 7232 7154 
7580 7154 7232 7233 7155 
7581 7155 7233 7234 7156 
7582 7156 7234 7235 7157 
7583 7157 7235 7236 7158 
7584 7158 7236 7237 7159 
7585 7159 7237 7238 7160 
7586 7160 7238 7239 7161 
7587 7161 7239 7240 7162 
7588 7162 7240 7241 7163 
7589 7163 7241 7242 7164 
7590 7164 7242 7243 7165 
7591 7165 7243 7244 7166 
7592 7166 7244 7245 7167 
7593 7167 7245 7246 7168 
7594 7168 7246 7247 7169 
7595 7169 7247 7248 7170 
7596 7170 7248 7249 7171 
7597 7171 7249 7250 7172 
7598 7172 7250 7251 7173 
7599 7173 7251 7252 7174 
7600 7174 7252 7253 7175 
7601 7175 7253 7254 7176 
7602 7176 7254 7255 7177 
7603 7177 7255 7256 7178 
7604 7178 7256 7257 7179 
7605 7179 7257 7258 7180 
7606 7180 7258 7259 7181 
7607 7181 7259 7260 7182 
7608 7182 7260 7261 7183 
7609 7183 7261 7262 7184 
7610 7184 7262 7263 7185 
7611 7185 7263 7264 7186 
7612 7186 7264 7265 7187 
7613 7187 7265 7266 7188 
7614 7188 7266 7267 7189 
7615 7189 7267 7268 7190 
7616 7190 7268 7269 7191 
7617 7191 7269 7270 7192 
7618 7192 7270 7271 7193 
7619 7193 7271 7272 7194 
7620 7194 7272 7273 7195 
7621 7195 7273 7274 7196 
7622 7196 7274 7275 7197 
7623 7197 7275 7276 7198 
7624 7198 7276 7277 7199 
7625 7199 7277 7278 7200 
7626 7200 7278 657 656 
7627 713 714 7279 7201 
7628 7201 7279 7280 7202 
7629 7202 7280 7281 7203 
7630 7203 7281 7282 7204 
7631 7204 7282 7283 7205 
7632 7205 7283 7284 7206 
7633 7206 7284 7285 7207 
7634 7207 7285 7286 7208 
7635 7208 7286 7287 7209 
7636 7209 7287 7288 7210 
7637 7210 7288 7289 7211 
7638 7211 7289 7290 7212 
7639 7212 7290 7291 7213 
7640 7213 7291 7292 7214 
7641 7214 7292 7293 7215 
7642 7215 7293 7294 7216 
7643 7216 7294 7295 7217 
7644 7217 7295 7296 7218 
7645 7218 7296 7297 7219 
7646 7219 7297 7298 7220 
7647 7220 7298 7299 7221 
7648 7221 7299 7300 7222 
7649 7222 7300 7301 7223 
7650 7223 7301 7302 7224 
7651 7224 7302 7303 7225 
7652 7225 7303 7304 7226 
7653 7226 7304 7305 7227 
7654 7227 7305 7306 7228 
7655 7228 7306 7307 7229 
7656 7229 7307 7308 7230 
7657 7230 7308 7309 7231 
7658 7231 7309 7310 7232 
7659 7232 7310 7311 7233 
7660 7233 7311 7312 7234 
7661 7234 7312 7313 7235 
7662 7235 7313 7314 7236 
7663 7236 7314 7315 7237 
7664 7237 7315 7316 7238 
7665 7238 7316 7317 7239 
7666 7239 7317 7318 7240 
7667 7240 7318 7319 7241 
7668 7241 7319 7320 7242 
7669 7242 7320 7321 7243 
7670 7243 7321 7322 7244 
7671 7244 7322 7323 7245 
7672 7245 7323 7324 7246 
7673 7246 7324 7325 7247 
7674 7247 7325 7326 7248 
7675 7248 7326 7327 7249 
7676 7249 7327 7328 7250 
7677 7250 7328 7329 7251 
7678 7251 7329 7330 7252 
7679 7252 7330 7331 7253 
7680 7253 7331 7332 7254 
7681 7254 7332 7333 7255 
7682 7255 7333 7334 7256 
7683 7256 7334 7335 7257 
7684 7257 7335 7336 7258 
7685 7258 7336 7337 7259 
7686 7259 7337 7338 7260 
7687 7260 7338 7339 7261 
7688 7261 7339 7340 7262 
7689 7262 7340 7341 7263 
7690 7263 7341 7342 7264 
7691 7264 7342 7343 7265 
7692 7265 7343 7344 7266 
7693 7266 7344 7345 7267 
7694 7267 7345 7346 7268 
7695 7268 7346 7347 7269 
7696 7269 7347 7348 7270 
7697 7270 7348 7349 7271 
7698 7271 7349 7350 7272 
7699 7272 7350 7351 7273 
7700 7273 7351 7352 7274 
7701 7274 7352 7353 7275 
7702 7275 7353 7354 7276 
7703 7276 7354 7355 7277 
7704 7277 7355 7356 7278 
7705 7278 7356 658 657 
7706 714 715 7357 7279 
7707 7279 7357 7358 7280 
7708 7280 7358 7359 7281 
7709 7281 7359 7360 7282 
7710 7282 7360 7361 7283 
7711 7283 7361 7362 7284 
7712 7284 7362 7363 7285 
7713 7285 7363 7364 7286 
7714 7286 7364 7365 7287 
7715 7287 7365 7366 7288 
7716 7288 7366 7367 7289 
7717 7289 7367 7368 7290 
7718 7290 7368 7369 7291 
7719 7291 7369 7370 7292 
7720 7292 7370 7371 7293 
7721 7293 7371 7372 7294 
7722 7294 7372 7373 7295 
7723 7295 7373 7374 7296 
7724 7296 7374 7375 7297 
7725 7297 7375 7376 7298 
7726 7298 7376 7377 7299 
7727 7299 7377 7378 7300 
7728 7300 7378 7379 7301 
7729 7301 7379 7380 7302 
7730 7302 7380 7381 7303 
7731 7303 7381 7382 7304 
7732 7304 7382 7383 7305 
7733 7305 7383 7384 7306 
7734 7306 7384 7385 7307 
7735 7307 7385 7386 7308 
7736 7308 7386 7387 7309 
7737 7309 7387 7388 7310 
7738 7310 7388 7389 7311 
7739 7311 7389 7390 7312 
7740 7312 7390 7391 7313 
7741 7313 7391 7392 7314 
7742 7314 7392 7393 7315 
7743 7315 7393 7394 7316 
7744 7316 7394 7395 7317 
7745 7317 7395 7396 7318 
7746 7318 7396 7397 7319 
7747 7319 7397 7398 7320 
7748 7320 7398 7399 7321 
7749 7321 7399 7400 7322 
7750 7322 7400 7401 7323 
7751 7323 7401 7402 7324 
7752 7324 7402 7403 7325 
7753 7325 7403 7404 7326 
7754 7326 7404 7405 7327 
7755 7327 7405 7406 7328 
7756 7328 7406 7407 7329 
7757 7329 7407 7408 7330 
7758 7330 7408 7409 7331 
7759 7331 7409 7410 7332 
7760 7332 7410 7411 7333 
7761 7333 7411 7412 7334 
7762 7334 7412 7413 7335 
7763 7335 7413 7414 7336 
7764 7336 7414 7415 7337 
7765 7337 7415 7416 7338 
7766 7338 7416 7417 7339 
7767 7339 7417 7418 7340 
7768 7340 7418 7419 7341 
7769 7341 7419 7420 7342 
7770 7342 7420 7421 7343 
7771 7343 7421 7422 7344 
7772 7344 7422 7423 7345 
7773 7345 7423 7424 7346 
7774 7346 7424 7425 7347 
7775 7347 7425 7426 7348 
7776 7348 7426 7427 7349 
7777 7349 7427 7428 7350 
7778 7350 7428 7429 7351 
7779 7351 7429 7430 7352 
7780 7352 7430 7431 7353 
7781 7353 7431 7432 7354 
7782 7354 7432 7433 7355 
7783 7355 7433 7434 7356 
7784 7356 7434 659 658 
7785 715 716 7435 7357 
7786 7357 7435 7436 7358 
7787 7358 7436 7437 7359 
7788 7359 7437 7438 7360 
7789 7360 7438 7439 7361 
7790 7361 7439 7440 7362 
7791 7362 7440 7441 7363 
7792 7363 7441 7442 7364 
7793 7364 7442 7443 7365 
7794 7365 7443 7444 7366 
7795 7366 7444 7445 7367 
7796 7367 7445 7446 7368 
7797 7368 7446 7447 7369 
7798 7369 7447 7448 7370 
7799 7370 7448 7449 7371 
7800 7371 7449 7450 7372 
7801 7372 7450 7451 7373 
7802 7373 7451 7452 7374 
7803 7374 7452 7453 7375 
7804 7375 7453 7454 7376 
7805 7376 7454 7455 7377 
7806 7377 7455 7456 7378 
7807 7378 7456 7457 7379 
7808 7379 7457 7458 7380 
7809 7380 7458 7459 7381 
7810 7381 7459 7460 7382 
7811 7382 7460 7461 7383 
7812 7383 7461 7462 7384 
7813 7384 7462 7463 7385 
7814 7385 7463 7464 7386 
7815 7386 7464 7465 7387 
7816 7387 7465 7466 7388 
7817 7388 7466 7467 7389 
7818 7389 7467 7468 7390 
7819 7390 7468 7469 7391 
7820 7391 7469 7470 7392 
7821 7392 7470 7471 7393 
7822 7393 7471 7472 7394 
7823 7394 7472 7473 7395 
7824 7395 7473 7474 7396 
7825 7396 7474 7475 7397 
7826 7397 7475 7476 7398 
7827 7398 7476 7477 7399 
7828 7399 7477 7478 7400 
7829 7400 7478 7479 7401 
7830 7401 7479 7480 7402 
7831 7402 7480 7481 7403 
7832 7403 7481 7482 7404 
7833 7404 7482 7483 7405 
7834 7405 7483 7484 7406 
7835 7406 7484 7485 7407 
7836 7407 7485 7486 7408 
7837 7408 7486 7487 7409 
7838 7409 7487 7488 7410 
7839 7410 7488 7489 7411 
7840 7411 7489 7490 7412 
7841 7412 7490 7491 7413 
7842 7413 7491 7492 7414 
7843 7414 7492 7493 7415 
7844 7415 7493 7494 7416 
7845 7416 7494 7495 7417 
7846 7417 7495 7496 7418 
7847 7418 7496 7497 7419 
7848 7419 7497 7498 7420 
7849 7420 7498 7499 7421 
7850 7421 7499 7500 7422 
7851 7422 7500 7501 7423 
7852 7423 7501 7502 7424 
7853 7424 7502 7503 7425 
7854 7425 7503 7504 7426 
7855 7426 7504 7505 7427 
7856 7427 7505 7506 7428 
7857 7428 7506 7507 7429 
7858 7429 7507 7508 7430 
7859 7430 7508 7509 7431 
7860 7431 7509 7510 7432 
7861 7432 7510 7511 7433 
7862 7433 7511 7512 7434 
7863 7434 7512 660 659 
7864 716 717 7513 7435 
7865 7435 7513 7514 7436 
7866 7436 7514 7515 7437 
7867 7437 7515 7516 7438 
7868 7438 7516 7517 7439 
7869 7439 7517 7518 7440 
7870 7440 7518 7519 7441 
7871 7441 7519 7520 7442 
7872 7442 7520 7521 7443 
7873 7443 7521 7522 7444 
7874 7444 7522 7523 7445 
7875 7445 7523 7524 7446 
7876 7446 7524 7525 7447 
7877 7447 7525 7526 7448 
7878 7448 7526 7527 7449 
7879 7449 7527 7528 7450 
7880 7450 7528 7529 7451 
7881 7451 7529 7530 7452 
7882 7452 7530 7531 7453 
7883 7453 7531 7532 7454 
7884 7454 7532 7533 7455 
7885 7455 7533 7534 7456 
7886 7456 7534 7535 7457 
7887 7457 7535 7536 7458 
7888 7458 7536 7537 7459 
7889 7459 7537 7538 7460 
7890 7460 7538 7539 7461 
7891 7461 7539 7540 7462 
7892 7462 7540 7541 7463 
7893 7463 7541 7542 7464 
7894 7464 7542 7543 7465 
7895 7465 7543 7544 7466 
7896 7466 7544 7545 7467 
7897 7467 7545 7546 7468 
7898 7468 7546 7547 7469 
7899 7469 7547 7548 7470 
7900 7470 7548 7549 7471 
7901 7471 7549 7550 7472 
7902 7472 7550 7551 7473 
7903 7473 7551 7552 7474 
7904 7474 7552 7553 7475 
7905 7475 7553 7554 7476 
7906 7476 7554 7555 7477 
7907 7477 7555 7556 7478 
7908 7478 7556 7557 7479 
7909 7479 7557 7558 7480 
7910 7480 7558 7559 7481 
7911 7481 7559 7560 7482 
7912 7482 7560 7561 7483 
7913 7483 7561 7562 7484 
7914 7484 7562 7563 7485 
7915 7485 7563 7564 7486 
7916 7486 7564 7565 7487 
7917 7487 7565 7566 7488 
7918 7488 7566 7567 7489 
7919 7489 7567 7568 7490 
7920 7490 7568 7569 7491 
7921 7491 7569 7570 7492 
7922 7492 7570 7571 7493 
7923 7493 7571 7572 7494 
7924 7494 7572 7573 7495 
7925 7495 7573 7574 7496 
7926 7496 7574 7575 7497 
7927 7497 7575 7576 7498 
7928 7498 7576 7577 7499 
7929 7499 7577 7578 7500 
7930 7500 7578 7579 7501 
7931 7501 7579 7580 7502 
7932 7502 7580 7581 7503 
7933 7503 7581 7582 7504 
7934 7504 7582 7583 7505 
7935 7505 7583 7584 7506 
7936 7506 7584 7585 7507 
7937 7507 7585 7586 7508 
7938 7508 7586 7587 7509 
7939 7509 7587 7588 7510 
7940 7510 7588 7589 7511 
7941 7511 7589 7590 7512 
7942 7512 7590 661 660 
7943 717 718 7591 7513 
7944 7513 7591 7592 7514 
7945 7514 7592 7593 7515 
7946 7515 7593 7594 7516 
7947 7516 7594 7595 7517 
7948 7517 7595 7596 7518 
7949 7518 7596 7597 7519 
7950 7519 7597 7598 7520 
7951 7520 7598 7599 7521 
7952 7521 7599 7600 7522 
7953 7522 7600 7601 7523 
7954 7523 7601 7602 7524 
7955 7524 7602 7603 7525 
7956 7525 7603 7604 7526 
7957 7526 7604 7605 7527 
7958 7527 7605 7606 7528 
7959 7528 7606 7607 7529 
7960 7529 7607 7608 7530 
7961 7530 7608 7609 7531 
7962 7531 7609 7610 7532 
7963 7532 7610 7611 7533 
7964 7533 7611 7612 7534 
7965 7534 7612 7613 7535 
7966 7535 7613 7614 7536 
7967 7536 7614 7615 7537 
7968 7537 7615 7616 7538 
7969 7538 7616 7617 7539 
7970 7539 7617 7618 7540 
7971 7540 7618 7619 7541 
7972 7541 7619 7620 7542 
7973 7542 7620 7621 7543 
7974 7543 7621 7622 7544 
7975 7544 7622 7623 7545 
7976 7545 7623 7624 7546 
7977 7546 7624 7625 7547 
7978 7547 7625 7626 7548 
7979 7548 7626 7627 7549 
7980 7549 7627 7628 7550 
7981 7550 7628 7629 7551 
7982 7551 7629 7630 7552 
7983 7552 7630 7631 7553 
7984 7553 7631 7632 7554 
7985 7554 7632 7633 7555 
7986 7555 7633 7634 7556 
7987 7556 7634 7635 7557 
7988 7557 7635 7636 7558 
7989 7558 7636 7637 7559 
7990 7559 7637 7638 7560 
7991 7560 7638 7639 7561 
7992 7561 7639 7640 7562 
7993 7562 7640 7641 7563 
7994 7563 7641 7642 7564 
7995 7564 7642 7643 7565 
7996 7565 7643 7644 7566 
7997 7566 7644 7645 7567 
7998 7567 7645 7646 7568 
7999 7568 7646 7647 7569 
8000 7569 7647 7648 7570 
8001 7570 7648 7649 7571 
8002 7571 7649 7650 7572 
8003 7572 7650 7651 7573 
8004 7573 7651 7652 7574 
8005 7574 7652 7653 7575 
8006 7575 7653 7654 7576 
8007 7576 7654 7655 7577 
8008 7577 7655 7656 7578 
8009 7578 7656 7657 7579 
8010 7579 7657 7658 7580 
8011 7580 7658 7659 7581 
8012 7581 7659 7660 7582 
8013 7582 7660 7661 7583 
8014 7583 7661 7662 7584 
8015 7584 7662 7663 7585 
8016 7585 7663 7664 7586 
8017 7586 7664 7665 7587 
8018 7587 7665 7666 7588 
8019 7588 7666 7667 7589 
8020 7589 7667 7668 7590 
8021 7590 7668 662 661 
8022 718 719 7669 7591 
8023 7591 7669 7670 7592 
8024 7592 7670 7671 7593 
8025 7593 7671 7672 7594 
8026 7594 7672 7673 7595 
8027 7595 7673 7674 7596 
8028 7596 7674 7675 7597 
8029 7597 7675 7676 7598 
8030 7598 7676 7677 7599 
8031 7599 7677 7678 7600 
8032 7600 7678 7679 7601 
8033 7601 7679 7680 7602 
8034 7602 7680 7681 7603 
8035 7603 7681 7682 7604 
8036 7604 7682 7683 7605 
8037 7605 7683 7684 7606 
8038 7606 7684 7685 7607 
8039 7607 7685 7686 7608 
8040 7608 7686 7687 7609 
8041 7609 7687 7688 7610 
8042 7610 7688 7689 7611 
8043 7611 7689 7690 7612 
8044 7612 7690 7691 7613 
8045 7613 7691 7692 7614 
8046 7614 7692 7693 7615 
8047 7615 7693 7694 7616 
8048 7616 7694 7695 7617 
8049 7617 7695 7696 7618 
8050 7618 7696 7697 7619 
8051 7619 7697 7698 7620 
8052 7620 7698 7699 7621 
8053 7621 7699 7700 7622 
8054 7622 7700 7701 7623 
8055 7623 7701 7702 7624 
8056 7624 7702 7703 7625 
8057 7625 7703 7704 7626 
8058 7626 7704 7705 7627 
8059 7627 7705 7706 7628 
8060 7628 7706 7707 7629 
8061 7629 7707 7708 7630 
8062 7630 7708 7709 7631 
8063 7631 7709 7710 7632 
8064 7632 7710 7711 7633 
8065 7633 7711 7712 7634 
8066 7634 7712 7713 7635 
8067 7635 7713 7714 7636 
8068 7636 7714 7715 7637 
8069 7637 7715 7716 7638 
8070 7638 7716 7717 7639 
8071 7639 7717 7718 7640 
8072 7640 7718 7719 7641 
8073 7641 7719 7720 7642 
8074 7642 7720 7721 7643 
8075 7643 7721 7722 7644 
8076 7644 7722 7723 7645 
8077 7645 7723 7724 7646 
8078 7646 7724 7725 7647 
8079 7647 7725 7726 7648 
8080 7648 7726 7727 7649 
8081 7649 7727 7728 7650 
8082 7650 7728 7729 7651 
8083 7651 7729 7730 7652 
8084 7652 7730 7731 7653 
8085 7653 7731 7732 7654 
8086 7654 7732 7733 7655 
8087 7655 7733 7734 7656 
8088 7656 7734 7735 7657 
8089 7657 7735 7736 7658 
8090 7658 7736 7737 7659 
8091 7659 7737 7738 7660 
8092 7660 7738 7739 7661 
8093 7661 7739 7740 7662 
8094 7662 7740 7741 7663 
8095 7663 7741 7742 7664 
8096 7664 7742 7743 7665 
8097 7665 7743 7744 7666 
8098 7666 7744 7745 7667 
8099 7667 7745 7746 7668 
8100 7668 7746 663 662 
8101 719 720 7747 7669 
8102 7669 7747 7748 7670 
8103 7670 7748 7749 7671 
8104 7671 7749 7750 7672 
8105 7672 7750 7751 7673 
8106 7673 7751 7752 7674 
8107 7674 7752 7753 7675 
8108 7675 7753 7754 7676 
8109 7676 7754 7755 7677 
8110 7677 7755 7756 7678 
8111 7678 7756 7757 7679 
8112 7679 7757 7758 7680 
8113 7680 7758 7759 7681 
8114 7681 7759 7760 7682 
8115 7682 7760 7761 7683 
8116 7683 7761 7762 7684 
8117 7684 7762 7763 7685 
8118 7685 7763 7764 7686 
8119 7686 7764 7765 7687 
8120 7687 7765 7766 7688 
8121 7688 7766 7767 7689 
8122 7689 7767 7768 7690 
8123 7690 7768 7769 7691 
8124 7691 7769 7770 7692 
8125 7692 7770 7771 7693 
8126 7693 7771 7772 7694 
8127 7694 7772 7773 7695 
8128 7695 7773 7774 7696 
8129 7696 7774 7775 7697 
8130 7697 7775 7776 7698 
8131 7698 7776 7777 7699 
8132 7699 7777 7778 7700 
8133 7700 7778 7779 7701 
8134 7701 7779 7780 7702 
8135 7702 7780 7781 7703 
8136 7703 7781 7782 7704 
8137 7704 7782 7783 7705 
8138 7705 7783 7784 7706 
8139 7706 7784 7785 7707 
8140 7707 7785 7786 7708 
8141 7708 7786 7787 7709 
8142 7709 7787 7788 7710 
8143 7710 7788 7789 7711 
8144 7711 7789 7790 7712 
8145 7712 7790 7791 7713 
8146 7713 7791 7792 7714 
8147 7714 7792 7793 7715 
8148 7715 7793 7794 7716 
8149 7716 7794 7795 7717 
8150 7717 7795 7796 7718 
8151 7718 7796 7797 7719 
8152 7719 7797 7798 7720 
8153 7720 7798 7799 7721 
8154 7721 7799 7800 7722 
8155 7722 7800 7801 7723 
8156 7723 7801 7802 7724 
8157 7724 7802 7803 7725 
8158 7725 7803 7804 7726 
8159 7726 7804 7805 7727 
8160 7727 7805 7806 7728 
8161 7728 7806 7807 7729 
8162 7729 7807 7808 7730 
8163 7730 7808 7809 7731 
8164 7731 7809 7810 7732 
8165 7732 7810 7811 7733 
8166 7733 7811 7812 7734 
8167 7734 7812 7813 7735 
8168 7735 7813 7814 7736 
8169 7736 7814 7815 7737 
8170 7737 7815 7816 7738 
8171 7738 7816 7817 7739 
8172 7739 7817 7818 7740 
8173 7740 7818 7819 7741 
8174 7741 7819 7820 7742 
8175 7742 7820 7821 7743 
8176 7743 7821 7822 7744 
8177 7744 7822 7823 7745 
8178 7745 7823 7824 7746 
8179 7746 7824 664 663 
8180 720 721 7825 7747 
8181 7747 7825 7826 7748 
8182 7748 7826 7827 7749 
8183 7749 7827 7828 7750 
8184 7750 7828 7829 7751 
8185 7751 7829 7830 7752 
8186 7752 7830 7831 7753 
8187 7753 7831 7832 7754 
8188 7754 7832 7833 7755 
8189 7755 7833 7834 7756 
8190 7756 7834 7835 7757 
8191 7757 7835 7836 7758 
8192 7758 7836 7837 7759 
8193 7759 7837 7838 7760 
8194 7760 7838 7839 7761 
8195 7761 7839 7840 7762 
8196 7762 7840 7841 7763 
8197 7763 7841 7842 7764 
8198 7764 7842 7843 7765 
8199 7765 7843 7844 7766 
8200 7766 7844 7845 7767 
8201 7767 7845 7846 7768 
8202 7768 7846 7847 7769 
8203 7769 7847 7848 7770 
8204 7770 7848 7849 7771 
8205 7771 7849 7850 7772 
8206 7772 7850 7851 7773 
8207 7773 7851 7852 7774 
8208 7774 7852 7853 7775 
8209 7775 7853 7854 7776 
8210 7776 7854 7855 7777 
8211 7777 7855 7856 7778 
8212 7778 7856 7857 7779 
8213 7779 7857 7858 7780 
8214 7780 7858 7859 7781 
8215 7781 7859 7860 7782 
8216 7782 7860 7861 7783 
8217 7783 7861 7862 7784 
8218 7784 7862 7863 7785 
8219 7785 7863 7864 7786 
8220 7786 7864 7865 7787 
8221 7787 7865 7866 7788 
8222 7788 7866 7867 7789 
8223 7789 7867 7868 7790 
8224 7790 7868 7869 7791 
8225 7791 7869 7870 7792 
8226 7792 7870 7871 7793 
8227 7793 7871 7872 7794 
8228 7794 7872 7873 7795 
8229 7795 7873 7874 7796 
8230 7796 7874 7875 7797 
8231 7797 7875 7876 7798 
8232 7798 7876 7877 7799 
8233 7799 7877 7878 7800 
8234 7800 7878 7879 7801 
8235 7801 7879 7880 7802 
8236 7802 7880 7881 7803 
8237 7803 7881 7882 7804 
8238 7804 7882 7883 7805 
8239 7805 7883 7884 7806 
8240 7806 7884 7885 7807 
8241 7807 7885 7886 7808 
8242 7808 7886 7887 7809 
8243 7809 7887 7888 7810 
8244 7810 7888 7889 7811 
8245 7811 7889 7890 7812 
8246 7812 7890 7891 7813 
8247 7813 7891 7892 7814 
8248 7814 7892 7893 7815 
8249 7815 7893 7894 7816 
8250 7816 7894 7895 7817 
8251 7817 7895 7896 7818 
8252 7818 7896 7897 7819 
8253 7819 7897 7898 7820 
8254 7820 7898 7899 7821 
8255 7821 7899 7900 7822 
8256 7822 7900 7901 7823 
8257 7823 7901 7902 7824 
8258 7824 7902 665 664 
8259 721 722 7903 7825 
8260 7825 7903 7904 7826 
8261 7826 7904 7905 7827 
8262 7827 7905 7906 7828 
8263 7828 7906 7907 7829 
8264 7829 7907 7908 7830 
8265 7830 7908 7909 7831 
8266 7831 7909 7910 7832 
8267 7832 7910 7911 7833 
8268 7833 7911 7912 7834 
8269 7834 7912 7913 7835 
8270 7835 7913 7914 7836 
8271 7836 7914 7915 7837 
8272 7837 7915 7916 7838 
8273 7838 7916 7917 7839 
8274 7839 7917 7918 7840 
8275 7840 7918 7919 7841 
8276 7841 7919 7920 7842 
8277 7842 7920 7921 7843 
8278 7843 7921 7922 7844 
8279 7844 7922 7923 7845 
8280 7845 7923 7924 7846 
8281 7846 7924 7925 7847 
8282 7847 7925 7926 7848 
8283 7848 7926 7927 7849 
8284 7849 7927 7928 7850 
8285 7850 7928 7929 7851 
8286 7851 7929 7930 7852 
8287 7852 7930 7931 7853 
8288 7853 7931 7932 7854 
8289 7854 7932 7933 7855 
8290 7855 7933 7934 7856 
8291 7856 7934 7935 7857 
8292 7857 7935 7936 7858 
8293 7858 7936 7937 7859 
8294 7859 7937 7938 7860 
8295 7860 7938 7939 7861 
8296 7861 7939 7940 7862 
8297 7862 7940 7941 7863 
8298 7863 7941 7942 7864 
8299 7864 7942 7943 7865 
8300 7865 7943 7944 7866 
8301 7866 7944 7945 7867 
8302 7867 7945 7946 7868 
8303 7868 7946 7947 7869 
8304 7869 7947 7948 7870 
8305 7870 7948 7949 7871 
8306 7871 7949 7950 7872 
8307 7872 7950 7951 7873 
8308 7873 7951 7952 7874 
8309 7874 7952 7953 7875 
8310 7875 7953 7954 7876 
8311 7876 7954 7955 7877 
8312 7877 7955 7956 7878 
8313 7878 7956 7957 7879 
8314 7879 7957 7958 7880 
8315 7880 7958 7959 7881 
8316 7881 7959 7960 7882 
8317 7882 7960 7961 7883 
8318 7883 7961 7962 7884 
8319 7884 7962 7963 7885 
8320 7885 7963 7964 7886 
8321 7886 7964 7965 7887 
8322 7887 7965 7966 7888 
8323 7888 7966 7967 7889 
8324 7889 7967 7968 7890 
8325 7890 7968 7969 7891 
8326 7891 7969 7970 7892 
8327 7892 7970 7971 7893 
8328 7893 7971 7972 7894 
8329 7894 7972 7973 7895 
8330 7895 7973 7974 7896 
8331 7896 7974 7975 7897 
8332 7897 7975 7976 7898 
8333 7898 7976 7977 7899 
8334 7899 7977 7978 7900 
8335 7900 7978 7979 7901 
8336 7901 7979 7980 7902 
8337 7902 7980 666 665 
8338 722 723 7981 7903 
8339 7903 7981 7982 7904 
8340 7904 7982 7983 7905 
8341 7905 7983 7984 7906 
8342 7906 7984 7985 7907 
8343 7907 7985 7986 7908 
8344 7908 7986 7987 7909 
8345 7909 7987 7988 7910 
8346 7910 7988 7989 7911 
8347 7911 7989 7990 7912 
8348 7912 7990 7991 7913 
8349 7913 7991 7992 7914 
8350 7914 7992 7993 7915 
8351 7915 7993 7994 7916 
8352 7916 7994 7995 7917 
8353 7917 7995 7996 7918 
8354 7918 7996 7997 7919 
8355 7919 7997 7998 7920 
8356 7920 7998 7999 7921 
8357 7921 7999 8000 7922 
8358 7922 8000 8001 7923 
8359 7923 8001 8002 7924 
8360 7924 8002 8003 7925 
8361 7925 8003 8004 7926 
8362 7926 8004 8005 7927 
8363 7927 8005 8006 7928 
8364 7928 8006 8007 7929 
8365 7929 8007 8008 7930 
8366 7930 8008 8009 7931 
8367 7931 8009 8010 7932 
8368 7932 8010 8011 7933 
8369 7933 8011 8012 7934 
8370 7934 8012 8013 7935 
8371 7935 8013 8014 7936 
8372 7936 8014 8015 7937 
8373 7937 8015 8016 7938 
8374 7938 8016 8017 7939 
8375 7939 8017 8018 7940 
8376 7940 8018 8019 7941 
8377 7941 8019 8020 7942 
8378 7942 8020 8021 7943 
8379 7943 8021 8022 7944 
8380 7944 8022 8023 7945 
8381 7945 8023 8024 7946 
8382 7946 8024 8025 7947 
8383 7947 8025 8026 7948 
8384 7948 8026 8027 7949 
8385 7949 8027 8028 7950 
8386 7950 8028 8029 7951 
8387 7951 8029 8030 7952 
8388 7952 8030 8031 7953 
8389 7953 8031 8032 7954 
8390 7954 8032 8033 7955 
8391 7955 8033 8034 7956 
8392 7956 8034 8035 7957 
8393 7957 8035 8036 7958 
8394 7958 8036 8037 7959 
8395 7959 8037 8038 7960 
8396 7960 8038 8039 7961 
8397 7961 8039 8040 7962 
8398 7962 8040 8041 7963 
8399 7963 8041 8042 7964 
8400 7964 8042 8043 7965 
8401 7965 8043 8044 7966 
8402 7966 8044 8045 7967 
8403 7967 8045 8046 7968 
8404 7968 8046 8047 7969 
8405 7969 8047 8048 7970 
8406 7970 8048 8049 7971 
8407 7971 8049 8050 7972 
8408 7972 8050 8051 7973 
8409 7973 8051 8052 7974 
8410 7974 8052 8053 7975 
8411 7975 8053 8054 7976 
8412 7976 8054 8055 7977 
8413 7977 8055 8056 7978 
8414 7978 8056 8057 7979 
8415 7979 8057 8058 7980 
8416 7980 8058 667 666 
8417 723 724 8059 7981 
8418 7981 8059 8060 7982 
8419 7982 8060 8061 7983 
8420 7983 8061 8062 7984 
8421 7984 8062 8063 7985 
8422 7985 8063 8064 7986 
8423 7986 8064 8065 7987 
8424 7987 8065 8066 7988 
8425 7988 8066 8067 7989 
8426 7989 8067 8068 7990 
8427 7990 8068 8069 7991 
8428 7991 8069 8070 7992 
8429 7992 8070 8071 7993 
8430 7993 8071 8072 7994 
8431 7994 8072 8073 7995 
8432 7995 8073 8074 7996 
8433 7996 8074 8075 7997 
8434 7997 8075 8076 7998 
8435 7998 8076 8077 7999 
8436 7999 8077 8078 8000 
8437 8000 8078 8079 8001 
8438 8001 8079 8080 8002 
8439 8002 8080 8081 8003 
8440 8003 8081 8082 8004 
8441 8004 8082 8083 8005 
8442 8005 8083 8084 8006 
8443 8006 8084 8085 8007 
8444 8007 8085 8086 8008 
8445 8008 8086 8087 8009 
8446 8009 8087 8088 8010 
8447 8010 8088 8089 8011 
8448 8011 8089 8090 8012 
8449 8012 8090 8091 8013 
8450 8013 8091 8092 8014 
8451 8014 8092 8093 8015 
8452 8015 8093 8094 8016 
8453 8016 8094 8095 8017 
8454 8017 8095 8096 8018 
8455 8018 8096 8097 8019 
8456 8019 8097 8098 8020 
8457 8020 8098 8099 8021 
8458 8021 8099 8100 8022 
8459 8022 8100 8101 8023 
8460 8023 8101 8102 8024 
8461 8024 8102 8103 8025 
8462 8025 8103 8104 8026 
8463 8026 8104 8105 8027 
8464 8027 8105 8106 8028 
8465 8028 8106 8107 8029 
8466 8029 8107 8108 8030 
8467 8030 8108 8109 8031 
8468 8031 8109 8110 8032 
8469 8032 8110 8111 8033 
8470 8033 8111 8112 8034 
8471 8034 8112 8113 8035 
8472 8035 8113 8114 8036 
8473 8036 8114 8115 8037 
8474 8037 8115 8116 8038 
8475 8038 8116 8117 8039 
8476 8039 8117 8118 8040 
8477 8040 8118 8119 8041 
8478 8041 8119 8120 8042 
8479 8042 8120 8121 8043 
8480 8043 8121 8122 8044 
8481 8044 8122 8123 8045 
8482 8045 8123 8124 8046 
8483 8046 8124 8125 8047 
8484 8047 8125 8126 8048 
8485 8048 8126 8127 8049 
8486 8049 8127 8128 8050 
8487 8050 8128 8129 8051 
8488 8051 8129 8130 8052 
8489 8052 8130 8131 8053 
8490 8053 8131 8132 8054 
8491 8054 8132 8133 8055 
8492 8055 8133 8134 8056 
8493 8056 8134 8135 8057 
8494 8057 8135 8136 8058 
8495 8058 8136 668 667 
8496 724 725 8137 8059 
8497 8059 8137 8138 8060 
8498 8060 8138 8139 8061 
8499 8061 8139 8140 8062 
8500 8062 8140 8141 8063 
8501 8063 8141 8142 8064 
8502 8064 8142 8143 8065 
8503 8065 8143 8144 8066 
8504 8066 8144 8145 8067 
8505 8067 8145 8146 8068 
8506 8068 8146 8147 8069 
8507 8069 8147 8148 8070 
8508 8070 8148 8149 8071 
8509 8071 8149 8150 8072 
8510 8072 8150 8151 8073 
8511 8073 8151 8152 8074 
8512 8074 8152 8153 8075 
8513 8075 8153 8154 8076 
8514 8076 8154 8155 8077 
8515 8077 8155 8156 8078 
8516 8078 8156 8157 8079 
8517 8079 8157 8158 8080 
8518 8080 8158 8159 8081 
8519 8081 8159 8160 8082 
8520 8082 8160 8161 8083 
8521 8083 8161 8162 8084 
8522 8084 8162 8163 8085 
8523 8085 8163 8164 8086 
8524 8086 8164 8165 8087 
8525 8087 8165 8166 8088 
8526 8088 8166 8167 8089 
8527 8089 8167 8168 8090 
8528 8090 8168 8169 8091 
8529 8091 8169 8170 8092 
8530 8092 8170 8171 8093 
8531 8093 8171 8172 8094 
8532 8094 8172 8173 8095 
8533 8095 8173 8174 8096 
8534 8096 8174 8175 8097 
8535 8097 8175 8176 8098 
8536 8098 8176 8177 8099 
8537 8099 8177 8178 8100 
8538 8100 8178 8179 8101 
8539 8101 8179 8180 8102 
8540 8102 8180 8181 8103 
8541 8103 8181 8182 8104 
8542 8104 8182 8183 8105 
8543 8105 8183 8184 8106 
8544 8106 8184 8185 8107 
8545 8107 8185 8186 8108 
8546 8108 8186 8187 8109 
8547 8109 8187 8188 8110 
8548 8110 8188 8189 8111 
8549 8111 8189 8190 8112 
8550 8112 8190 8191 8113 
8551 8113 8191 8192 8114 
8552 8114 8192 8193 8115 
8553 8115 8193 8194 8116 
8554 8116 8194 8195 8117 
8555 8117 8195 8196 8118 
8556 8118 8196 8197 8119 
8557 8119 8197 8198 8120 
8558 8120 8198 8199 8121 
8559 8121 8199 8200 8122 
8560 8122 8200 8201 8123 
8561 8123 8201 8202 8124 
8562 8124 8202 8203 8125 
8563 8125 8203 8204 8126 
8564 8126 8204 8205 8127 
8565 8127 8205 8206 8128 
8566 8128 8206 8207 8129 
8567 8129 8207 8208 8130 
8568 8130 8208 8209 8131 
8569 8131 8209 8210 8132 
8570 8132 8210 8211 8133 
8571 8133 8211 8212 8134 
8572 8134 8212 8213 8135 
8573 8135 8213 8214 8136 
8574 8136 8214 669 668 
8575 725 726 8215 8137 
8576 8137 8215 8216 8138 
8577 8138 8216 8217 8139 
8578 8139 8217 8218 8140 
8579 8140 8218 8219 8141 
8580 8141 8219 8220 8142 
8581 8142 8220 8221 8143 
8582 8143 8221 8222 8144 
8583 8144 8222 8223 8145 
8584 8145 8223 8224 8146 
8585 8146 8224 8225 8147 
8586 8147 8225 8226 8148 
8587 8148 8226 8227 8149 
8588 8149 8227 8228 8150 
8589 8150 8228 8229 8151 
8590 8151 8229 8230 8152 
8591 8152 8230 8231 8153 
8592 8153 8231 8232 8154 
8593 8154 8232 8233 8155 
8594 8155 8233 8234 8156 
8595 8156 8234 8235 8157 
8596 8157 8235 8236 8158 
8597 8158 8236 8237 8159 
8598 8159 8237 8238 8160 
8599 8160 8238 8239 8161 
8600 8161 8239 8240 8162 
8601 8162 8240 8241 8163 
8602 8163 8241 8242 8164 
8603 8164 8242 8243 8165 
8604 8165 8243 8244 8166 
8605 8166 8244 8245 8167 
8606 8167 8245 8246 8168 
8607 8168 8246 8247 8169 
8608 8169 8247 8248 8170 
8609 8170 8248 8249 8171 
8610 8171 8249 8250 8172 
8611 8172 8250 8251 8173 
8612 8173 8251 8252 8174 
8613 8174 8252 8253 8175 
8614 8175 8253 8254 8176 
8615 8176 8254 8255 8177 
8616 8177 8255 8256 8178 
8617 8178 8256 8257 8179 
8618 8179 8257 8258 8180 
8619 8180 8258 8259 8181 
8620 8181 8259 8260 8182 
8621 8182 8260 8261 8183 
8622 8183 8261 8262 8184 
8623 8184 8262 8263 8185 
8624 8185 8263 8264 8186 
8625 8186 8264 8265 8187 
8626 8187 8265 8266 8188 
8627 8188 8266 8267 8189 
8628 8189 8267 8268 8190 
8629 8190 8268 8269 8191 
8630 8191 8269 8270 8192 
8631 8192 8270 8271 8193 
8632 8193 8271 8272 8194 
8633 8194 8272 8273 8195 
8634 8195 8273 8274 8196 
8635 8196 8274 8275 8197 
8636 8197 8275 8276 8198 
8637 8198 8276 8277 8199 
8638 8199 8277 8278 8200 
8639 8200 8278 8279 8201 
8640 8201 8279 8280 8202 
8641 8202 8280 8281 8203 
8642 8203 8281 8282 8204 
8643 8204 8282 8283 8205 
8644 8205 8283 8284 8206 
8645 8206 8284 8285 8207 
8646 8207 8285 8286 8208 
8647 8208 8286 8287 8209 
8648 8209 8287 8288 8210 
8649 8210 8288 8289 8211 
8650 8211 8289 8290 8212 
8651 8212 8290 8291 8213 
8652 8213 8291 8292 8214 
8653 8214 8292 670 669 
8654 726 727 8293 8215 
8655 8215 8293 8294 8216 
8656 8216 8294 8295 8217 
8657 8217 8295 8296 8218 
8658 8218 8296 8297 8219 
8659 8219 8297 8298 8220 
8660 8220 8298 8299 8221 
8661 8221 8299 8300 8222 
8662 8222 8300 8301 8223 
8663 8223 8301 8302 8224 
8664 8224 8302 8303 8225 
8665 8225 8303 8304 8226 
8666 8226 8304 8305 8227 
8667 8227 8305 8306 8228 
8668 8228 8306 8307 8229 
8669 8229 8307 8308 8230 
8670 8230 8308 8309 8231 
8671 8231 8309 8310 8232 
8672 8232 8310 8311 8233 
8673 8233 8311 8312 8234 
8674 8234 8312 8313 8235 
8675 8235 8313 8314 8236 
8676 8236 8314 8315 8237 
8677 8237 8315 8316 8238 
8678 8238 8316 8317 8239 
8679 8239 8317 8318 8240 
8680 8240 8318 8319 8241 
8681 8241 8319 8320 8242 
8682 8242 8320 8321 8243 
8683 8243 8321 8322 8244 
8684 8244 8322 8323 8245 
8685 8245 8323 8324 8246 
8686 8246 8324 8325 8247 
8687 8247 8325 8326 8248 
8688 8248 8326 8327 8249 
8689 8249 8327 8328 8250 
8690 8250 8328 8329 8251 
8691 8251 8329 8330 8252 
8692 8252 8330 8331 8253 
8693 8253 8331 8332 8254 
8694 8254 8332 8333 8255 
8695 8255 8333 8334 8256 
8696 8256 8334 8335 8257 
8697 8257 8335 8336 8258 
8698 8258 8336 8337 8259 
8699 8259 8337 8338 8260 
8700 8260 8338 8339 8261 
8701 8261 8339 8340 8262 
8702 8262 8340 8341 8263 
8703 8263 8341 8342 8264 
8704 8264 8342 8343 8265 
8705 8265 8343 8344 8266 
8706 8266 8344 8345 8267 
8707 8267 8345 8346 8268 
8708 8268 8346 8347 8269 
8709 8269 8347 8348 8270 
8710 8270 8348 8349 8271 
8711 8271 8349 8350 8272 
8712 8272 8350 8351 8273 
8713 8273 8351 8352 8274 
8714 8274 8352 8353 8275 
8715 8275 8353 8354 8276 
8716 8276 8354 8355 8277 
8717 8277 8355 8356 8278 
8718 8278 8356 8357 8279 
8719 8279 8357 8358 8280 
8720 8280 8358 8359 8281 
8721 8281 8359 8360 8282 
8722 8282 8360 8361 8283 
8723 8283 8361 8362 8284 
8724 8284 8362 8363 8285 
8725 8285 8363 8364 8286 
8726 8286 8364 8365 8287 
8727 8287 8365 8366 8288 
8728 8288 8366 8367 8289 
8729 8289 8367 8368 8290 
8730 8290 8368 8369 8291 
8731 8291 8369 8370 8292 
8732 8292 8370 671 670 
8733 727 728 8371 8293 
8734 8293 8371 8372 8294 
8735 8294 8372 8373 8295 
8736 8295 8373 8374 8296 
8737 8296 8374 8375 8297 
8738 8297 8375 8376 8298 
8739 8298 8376 8377 8299 
8740 8299 8377 8378 8300 
8741 8300 8378 8379 8301 
8742 8301 8379 8380 8302 
8743 8302 8380 8381 8303 
8744 8303 8381 8382 8304 
8745 8304 8382 8383 8305 
8746 8305 8383 8384 8306 
8747 8306 8384 8385 8307 
8748 8307 8385 8386 8308 
8749 8308 8386 8387 8309 
8750 8309 8387 8388 8310 
8751 8310 8388 8389 8311 
8752 8311 8389 8390 8312 
8753 8312 8390 8391 8313 
8754 8313 8391 8392 8314 
8755 8314 8392 8393 8315 
8756 8315 8393 8394 8316 
8757 8316 8394 8395 8317 
8758 8317 8395 8396 8318 
8759 8318 8396 8397 8319 
8760 8319 8397 8398 8320 
8761 8320 8398 8399 8321 
8762 8321 8399 8400 8322 
8763 8322 8400 8401 8323 
8764 8323 8401 8402 8324 
8765 8324 8402 8403 8325 
8766 8325 8403 8404 8326 
8767 8326 8404 8405 8327 
8768 8327 8405 8406 8328 
8769 8328 8406 8407 8329 
8770 8329 8407 8408 8330 
8771 8330 8408 8409 8331 
8772 8331 8409 8410 8332 
8773 8332 8410 8411 8333 
8774 8333 8411 8412 8334 
8775 8334 8412 8413 8335 
8776 8335 8413 8414 8336 
8777 8336 8414 8415 8337 
8778 8337 8415 8416 8338 
8779 8338 8416 8417 8339 
8780 8339 8417 8418 8340 
8781 8340 8418 8419 8341 
8782 8341 8419 8420 8342 
8783 8342 8420 8421 8343 
8784 8343 8421 8422 8344 
8785 8344 8422 8423 8345 
8786 8345 8423 8424 8346 
8787 8346 8424 8425 8347 
8788 8347 8425 8426 8348 
8789 8348 8426 8427 8349 
8790 8349 8427 8428 8350 
8791 8350 8428 8429 8351 
8792 8351 8429 8430 8352 
8793 8352 8430 8431 8353 
8794 8353 8431 8432 8354 
8795 8354 8432 8433 8355 
8796 8355 8433 8434 8356 
8797 8356 8434 8435 8357 
8798 8357 8435 8436 8358 
8799 8358 8436 8437 8359 
8800 8359 8437 8438 8360 
8801 8360 8438 8439 8361 
8802 8361 8439 8440 8362 
8803 8362 8440 8441 8363 
8804 8363 8441 8442 8364 
8805 8364 8442 8443 8365 
8806 8365 8443 8444 8366 
8807 8366 8444 8445 8367 
8808 8367 8445 8446 8368 
8809 8368 8446 8447 8369 
8810 8369 8447 8448 8370 
8811 8370 8448 672 671 
8812 728 729 8449 8371 
8813 8371 8449 8450 8372 
8814 8372 8450 8451 8373 
8815 8373 8451 8452 8374 
8816 8374 8452 8453 8375 
8817 8375 8453 8454 8376 
8818 8376 8454 8455 8377 
8819 8377 8455 8456 8378 
8820 8378 8456 8457 8379 
8821 8379 8457 8458 8380 
8822 8380 8458 8459 8381 
8823 8381 8459 8460 8382 
8824 8382 8460 8461 8383 
8825 8383 8461 8462 8384 
8826 8384 8462 8463 8385 
8827 8385 8463 8464 8386 
8828 8386 8464 8465 8387 
8829 8387 8465 8466 8388 
8830 8388 8466 8467 8389 
8831 8389 8467 8468 8390 
8832 8390 8468 8469 8391 
8833 8391 8469 8470 8392 
8834 8392 8470 8471 8393 
8835 8393 8471 8472 8394 
8836 8394 8472 8473 8395 
8837 8395 8473 8474 8396 
8838 8396 8474 8475 8397 
8839 8397 8475 8476 8398 
8840 8398 8476 8477 8399 
8841 8399 8477 8478 8400 
8842 8400 8478 8479 8401 
8843 8401 8479 8480 8402 
8844 8402 8480 8481 8403 
8845 8403 8481 8482 8404 
8846 8404 8482 8483 8405 
8847 8405 8483 8484 8406 
8848 8406 8484 8485 8407 
8849 8407 8485 8486 8408 
8850 8408 8486 8487 8409 
8851 8409 8487 8488 8410 
8852 8410 8488 8489 8411 
8853 8411 8489 8490 8412 
8854 8412 8490 8491 8413 
8855 8413 8491 8492 8414 
8856 8414 8492 8493 8415 
8857 8415 8493 8494 8416 
8858 8416 8494 8495 8417 
8859 8417 8495 8496 8418 
8860 8418 8496 8497 8419 
8861 8419 8497 8498 8420 
8862 8420 8498 8499 8421 
8863 8421 8499 8500 8422 
8864 8422 8500 8501 8423 
8865 8423 8501 8502 8424 
8866 8424 8502 8503 8425 
8867 8425 8503 8504 8426 
8868 8426 8504 8505 8427 
8869 8427 8505 8506 8428 
8870 8428 8506 8507 8429 
8871 8429 8507 8508 8430 
8872 8430 8508 8509 8431 
8873 8431 8509 8510 8432 
8874 8432 8510 8511 8433 
8875 8433 8511 8512 8434 
8876 8434 8512 8513 8435 
8877 8435 8513 8514 8436 
8878 8436 8514 8515 8437 
8879 8437 8515 8516 8438 
8880 8438 8516 8517 8439 
8881 8439 8517 8518 8440 
8882 8440 8518 8519 8441 
8883 8441 8519 8520 8442 
8884 8442 8520 8521 8443 
8885 8443 8521 8522 8444 
8886 8444 8522 8523 8445 
8887 8445 8523 8524 8446 
8888 8446 8524 8525 8447 
8889 8447 8525 8526 8448 
8890 8448 8526 673 672 
8891 729 730 8527 8449 
8892 8449 8527 8528 8450 
8893 8450 8528 8529 8451 
8894 8451 8529 8530 8452 
8895 8452 8530 8531 8453 
8896 8453 8531 8532 8454 
8897 8454 8532 8533 8455 
8898 8455 8533 8534 8456 
8899 8456 8534 8535 8457 
8900 8457 8535 8536 8458 
8901 8458 8536 8537 8459 
8902 8459 8537 8538 8460 
8903 8460 8538 8539 8461 
8904 8461 8539 8540 8462 
8905 8462 8540 8541 8463 
8906 8463 8541 8542 8464 
8907 8464 8542 8543 8465 
8908 8465 8543 8544 8466 
8909 8466 8544 8545 8467 
8910 8467 8545 8546 8468 
8911 8468 8546 8547 8469 
8912 8469 8547 8548 8470 
8913 8470 8548 8549 8471 
8914 8471 8549 8550 8472 
8915 8472 8550 8551 8473 
8916 8473 8551 8552 8474 
8917 8474 8552 8553 8475 
8918 8475 8553 8554 8476 
8919 8476 8554 8555 8477 
8920 8477 8555 8556 8478 
8921 8478 8556 8557 8479 
8922 8479 8557 8558 8480 
8923 8480 8558 8559 8481 
8924 8481 8559 8560 8482 
8925 8482 8560 8561 8483 
8926 8483 8561 8562 8484 
8927 8484 8562 8563 8485 
8928 8485 8563 8564 8486 
8929 8486 8564 8565 8487 
8930 8487 8565 8566 8488 
8931 8488 8566 8567 8489 
8932 8489 8567 8568 8490 
8933 8490 8568 8569 8491 
8934 8491 8569 8570 8492 
8935 8492 8570 8571 8493 
8936 8493 8571 8572 8494 
8937 8494 8572 8573 8495 
8938 8495 8573 8574 8496 
8939 8496 8574 8575 8497 
8940 8497 8575 8576 8498 
8941 8498 8576 8577 8499 
8942 8499 8577 8578 8500 
8943 8500 8578 8579 8501 
8944 8501 8579 8580 8502 
8945 8502 8580 8581 8503 
8946 8503 8581 8582 8504 
8947 8504 8582 8583 8505 
8948 8505 8583 8584 8506 
8949 8506 8584 8585 8507 
8950 8507 8585 8586 8508 
8951 8508 8586 8587 8509 
8952 8509 8587 8588 8510 
8953 8510 8588 8589 8511 
8954 8511 8589 8590 8512 
8955 8512 8590 8591 8513 
8956 8513 8591 8592 8514 
8957 8514 8592 8593 8515 
8958 8515 8593 8594 8516 
8959 8516 8594 8595 8517 
8960 8517 8595 8596 8518 
8961 8518 8596 8597 8519 
8962 8519 8597 8598 8520 
8963 8520 8598 8599 8521 
8964 8521 8599 8600 8522 
8965 8522 8600 8601 8523 
8966 8523 8601 8602 8524 
8967 8524 8602 8603 8525 
8968 8525 8603 8604 8526 
8969 8526 8604 674 673 
8970 730 731 8605 8527 
8971 8527 8605 8606 8528 
8972 8528 8606 8607 8529 
8973 8529 8607 8608 8530 
8974 8530 8608 8609 8531 
8975 8531 8609 8610 8532 
8976 8532 8610 8611 8533 
8977 8533 8611 8612 8534 
8978 8534 8612 8613 8535 
8979 8535 8613 8614 8536 
8980 8536 8614 8615 8537 
8981 8537 8615 8616 8538 
8982 8538 8616 8617 8539 
8983 8539 8617 8618 8540 
8984 8540 8618 8619 8541 
8985 8541 8619 8620 8542 
8986 8542 8620 8621 8543 
8987 8543 8621 8622 8544 
8988 8544 8622 8623 8545 
8989 8545 8623 8624 8546 
8990 8546 8624 8625 8547 
8991 8547 8625 8626 8548 
8992 8548 8626 8627 8549 
8993 8549 8627 8628 8550 
8994 8550 8628 8629 8551 
8995 8551 8629 8630 8552 
8996 8552 8630 8631 8553 
8997 8553 8631 8632 8554 
8998 8554 8632 8633 8555 
8999 8555 8633 8634 8556 
9000 8556 8634 8635 8557 
9001 8557 8635 8636 8558 
9002 8558 8636 8637 8559 
9003 8559 8637 8638 8560 
9004 8560 8638 8639 8561 
9005 8561 8639 8640 8562 
9006 8562 8640 8641 8563 
9007 8563 8641 8642 8564 
9008 8564 8642 8643 8565 
9009 8565 8643 8644 8566 
9010 8566 8644 8645 8567 
9011 8567 8645 8646 8568 
9012 8568 8646 8647 8569 
9013 8569 8647 8648 8570 
9014 8570 8648 8649 8571 
9015 8571 8649 8650 8572 
9016 8572 8650 8651 8573 
9017 8573 8651 8652 8574 
9018 8574 8652 8653 8575 
9019 8575 8653 8654 8576 
9020 8576 8654 8655 8577 
9021 8577 8655 8656 8578 
9022 8578 8656 8657 8579 
9023 8579 8657 8658 8580 
9024 8580 8658 8659 8581 
9025 8581 8659 8660 8582 
9026 8582 8660 8661 8583 
9027 8583 8661 8662 8584 
9028 8584 8662 8663 8585 
9029 8585 8663 8664 8586 
9030 8586 8664 8665 8587 
9031 8587 8665 8666 8588 
9032 8588 8666 8667 8589 
9033 8589 8667 8668 8590 
9034 8590 8668 8669 8591 
9035 8591 8669 8670 8592 
9036 8592 8670 8671 8593 
9037 8593 8671 8672 8594 
9038 8594 8672 8673 8595 
9039 8595 8673 8674 8596 
9040 8596 8674 8675 8597 
9041 8597 8675 8676 8598 
9042 8598 8676 8677 8599 
9043 8599 8677 8678 8600 
9044 8600 8678 8679 8601 
9045 8601 8679 8680 8602 
9046 8602 8680 8681 8603 
9047 8603 8681 8682 8604 
9048 8604 8682 675 674 
9049 731 732 8683 8605 
9050 8605 8683 8684 8606 
9051 8606 8684 8685 8607 
9052 8607 8685 8686 8608 
9053 8608 8686 8687 8609 
9054 8609 8687 8688 8610 
9055 8610 8688 8689 8611 
9056 8611 8689 8690 8612 
9057 8612 8690 8691 8613 
9058 8613 8691 8692 8614 
9059 8614 8692 8693 8615 
9060 8615 8693 8694 8616 
9061 8616 8694 8695 8617 
9062 8617 8695 8696 8618 
9063 8618 8696 8697 8619 
9064 8619 8697 8698 8620 
9065 8620 8698 8699 8621 
9066 8621 8699 8700 8622 
9067 8622 8700 8701 8623 
9068 8623 8701 8702 8624 
9069 8624 8702 8703 8625 
9070 8625 8703 8704 8626 
9071 8626 8704 8705 8627 
9072 8627 8705 8706 8628 
9073 8628 8706 8707 8629 
9074 8629 8707 8708 8630 
9075 8630 8708 8709 8631 
9076 8631 8709 8710 8632 
9077 8632 8710 8711 8633 
9078 8633 8711 8712 8634 
9079 8634 8712 8713 8635 
9080 8635 8713 8714 8636 
9081 8636 8714 8715 8637 
9082 8637 8715 8716 8638 
9083 8638 8716 8717 8639 
9084 8639 8717 8718 8640 
9085 8640 8718 8719 8641 
9086 8641 8719 8720 8642 
9087 8642 8720 8721 8643 
9088 8643 8721 8722 8644 
9089 8644 8722 8723 8645 
9090 8645 8723 8724 8646 
9091 8646 8724 8725 8647 
9092 8647 8725 8726 8648 
9093 8648 8726 8727 8649 
9094 8649 8727 8728 8650 
9095 8650 8728 8729 8651 
9096 8651 8729 8730 8652 
9097 8652 8730 8731 8653 
9098 8653 8731 8732 8654 
9099 8654 8732 8733 8655 
9100 8655 8733 8734 8656 
9101 8656 8734 8735 8657 
9102 8657 8735 8736 8658 
9103 8658 8736 8737 8659 
9104 8659 8737 8738 8660 
9105 8660 8738 8739 8661 
9106 8661 8739 8740 8662 
9107 8662 8740 8741 8663 
9108 8663 8741 8742 8664 
9109 8664 8742 8743 8665 
9110 8665 8743 8744 8666 
9111 8666 8744 8745 8667 
9112 8667 8745 8746 8668 
9113 8668 8746 8747 8669 
9114 8669 8747 8748 8670 
9115 8670 8748 8749 8671 
9116 8671 8749 8750 8672 
9117 8672 8750 8751 8673 
9118 8673 8751 8752 8674 
9119 8674 8752 8753 8675 
9120 8675 8753 8754 8676 
9121 8676 8754 8755 8677 
9122 8677 8755 8756 8678 
9123 8678 8756 8757 8679 
9124 8679 8757 8758 8680 
9125 8680 8758 8759 8681 
9126 8681 8759 8760 8682 
9127 8682 8760 676 675 
9128 732 10 121 8683 
9129 8683 121 120 8684 
9130 8684 120 119 8685 
9131 8685 119 118 8686 
9132 8686 118 117 8687 
9133 8687 117 116 8688 
9134 8688 116 115 8689 
9135 8689 115 114 8690 
9136 8690 114 113 8691 
9137 8691 113 112 8692 
9138 8692 112 111 8693 
9139 8693 111 110 8694 
9140 8694 110 109 8695 
9141 8695 109 108 8696 
9142 8696 108 107 8697 
9143 8697 107 106 8698 
9144 8698 106 105 8699 
9145 8699 105 104 8700 
9146 8700 104 103 8701 
9147 8701 103 102 8702 
9148 8702 102 101 8703 
9149 8703 101 100 8704 
9150 8704 100 99 8705 
9151 8705 99 98 8706 
9152 8706 98 97 8707 
9153 8707 97 96 8708 
9154 8708 96 95 8709 
9155 8709 95 94 8710 
9156 8710 94 93 8711 
9157 8711 93 92 8712 
9158 8712 92 91 8713 
9159 8713 91 90 8714 
9160 8714 90 89 8715 
9161 8715 89 88 8716 
9162 8716 88 87 8717 
9163 8717 87 86 8718 
9164 8718 86 85 8719 
9165 8719 85 84 8720 
9166 8720 84 83 8721 
9167 8721 83 82 8722 
9168 8722 82 81 8723 
9169 8723 81 80 8724 
9170 8724 80 79 8725 
9171 8725 79 78 8726 
9172 8726 78 77 8727 
9173 8727 77 76 8728 
9174 8728 76 75 8729 
9175 8729 75 74 8730 
9176 8730 74 73 8731 
9177 8731 73 72 8732 
9178 8732 72 71 8733 
9179 8733 71 70 8734 
9180 8734 70 69 8735 
9181 8735 69 68 8736 
9182 8736 68 67 8737 
9183 8737 67 66 8738 
9184 8738 66 65 8739 
9185 8739 65 64 8740 
9186 8740 64 63 8741 
9187 8741 63 62 8742 
9188 8742 62 61 8743 
9189 8743 61 60 8744 
9190 8744 60 59 8745 
9191 8745 59 58 8746 
9192 8746 58 57 8747 
9193 8747 57 56 8748 
9194 8748 56 55 8749 
9195 8749 55 54 8750 
9196 8750 54 53 8751 
9197 8751 53 52 8752 
9198 8752 52 51 8753 
9199 8753 51 50 8754 
9200 8754 50 49 8755 
9201 8755 49 48 8756 
9202 8756 48 47 8757 
9203 8757 47 46 8758 
9204 8758 46 45 8759 
9205 8759 45 44 8760 
9206 8760 44 5 676 
$EndElements
